IncidentID,AgencyORI,AgencyName,IncidentStatusDesc,County,RdwyNumber,Street,RoadwayName,StreetSfx,StreetDir,IntersectionRdwy,IntersectionRdwyName,BetweenStRdwy1,BetweenStRdwyName1,BetweenStRdwy2,BetweenStRdwyName2,Latitude,Longitude,Milepoint,CollisionDate,CollisionTime,UnitsInvolved,MotorVehiclesInvolved,NumberKilled,NumberInjured,Weather,RdwyConditionCode,HitandRun,DirAnalysisCode,MannerofCollision,RdwyCharacter,LightCondition,RampFromRdwyId,RampToRdwyId,AcceptedDate,IsSecondaryCollision,OwnerBadge,IncidentStatus,
29797749,0568000,LOUISVILLE METRO POLICE DEPT,Accepted,JEFFERSON,,,CENTRAL,AVE,,US0060A,TAYLOR,,,,,38.206319571,-85.776182038,1.028,3/9/2022 12:00:00 AM,0643,2,2,0,0,CLOUDY,WET,False,OTHER INTERSECTION COLLISIONS,REAR END,STRAIGHT & LEVEL,DAWN,,,3/10/2022 8:08:38 AM,False,5379,Accepted,
29797750,0568000,LOUISVILLE METRO POLICE DEPT,Accepted,JEFFERSON,US0031W,10500 BLK,DIXIE,HWY,,,,,,,,38.112575181,-85.863090594,9.029,3/9/2022 12:00:00 AM,0812,2,2,0,0,CLOUDY,WET,False,REAR END IN TRAFFIC LANES BOTH VEHICLES MOVING,REAR END,STRAIGHT & LEVEL,DAYLIGHT,,,3/10/2022 8:08:45 AM,False,2311,Accepted,
29797757,0568000,LOUISVILLE METRO POLICE DEPT,Accepted,JEFFERSON,,,DUMESNIL,ST,,US0031W,22ND,,,,,38.236513219,-85.790356052,1.649,3/9/2022 12:00:00 AM,0721,2,2,0,4,CLOUDY,WET,False,ANGLE COLLISION - OTHER,ANGLE,STRAIGHT & LEVEL,DAYLIGHT,,,3/10/2022 8:09:17 AM,False,5412,Accepted,
29797758,0568000,LOUISVILLE METRO POLICE DEPT,Accepted,JEFFERSON,,1729,HILL,ST,W,,,,,,,38.228081439,-85.786214376,1.606,3/9/2022 12:00:00 AM,1616,3,3,0,1,CLEAR,DRY,False,1 VEHICLE ENTERING/LEAVING ENTRANCE,ANGLE,STRAIGHT & LEVEL,DAYLIGHT,,,3/10/2022 8:09:21 AM,False,5412,Accepted,
29797759,0568000,LOUISVILLE METRO POLICE DEPT,Accepted,JEFFERSON,,,CHEROKEE,RD,,,CAVE HILL,,,,,38.243383608,-85.726443320,0.023,3/9/2022 12:00:00 AM,0735,2,2,0,0,CLEAR,DRY,False,OTHER INTERSECTION COLLISIONS,REAR END,CURVE & LEVEL,DAYLIGHT,,,3/10/2022 8:09:25 AM,False,5006,Accepted,
29797775,0568000,LOUISVILLE METRO POLICE DEPT,Accepted,JEFFERSON,US0031E,,BARDSTOWN,RD,,,GRINSTEAD,,,,,38.238424888,-85.720861951,15.417,3/9/2022 12:00:00 AM,2149,2,2,0,0,CLEAR,DRY,False,COLLISION WITH FIXED OBJECT IN INTERSECTION - FIRST EVENT COLLISION 09 - 32,SIDESWIPE-OPPOSITE DIRECTION,STRAIGHT & LEVEL,DARK-HWY LIGHTED/ON,,,3/10/2022 8:10:45 AM,False,5250,Accepted,
29793220,0568000,LOUISVILLE METRO POLICE DEPT,Accepted,JEFFERSON,,,CHESTNUT,ST,W,,1ST,,,,,38.248434009,-85.752978081,2.632,3/9/2022 12:00:00 AM,0543,2,2,0,0,RAINING,WET,True,ANGLE COLLISION - OTHER,ANGLE,STRAIGHT & LEVEL,DARK-HWY LIGHTED/ON,,,3/9/2022 8:22:00 AM,False,5367,Accepted,
29796172,0565000,LYNDON POLICE DEPARTMENT,Accepted,JEFFERSON,US0060,8015,SHELBYVILLE,RD,,,,,WHIPPS MILL,,CHRISTIAN,38.248705981,-85.605155694,6.311,3/9/2022 12:00:00 AM,1507,2,2,0,0,CLEAR,DRY,False,SIDESWIPE COLLISION - SAME DIRECTION,SIDESWIPE-SAME DIRECTION,STRAIGHT & LEVEL,DAYLIGHT,,,3/9/2022 9:39:09 PM,False,1358,Accepted,
29797760,0568000,LOUISVILLE METRO POLICE DEPT,Accepted,JEFFERSON,US0031E,,MARKET,ST,E,,,,BROOK,,1ST,38.254623498,-85.750895805,17.614,3/9/2022 12:00:00 AM,1405,2,2,0,0,CLEAR,DRY,False,1 VEHICLE ENTERING/LEAVING ENTRANCE,ANGLE,STRAIGHT & LEVEL,DAYLIGHT,,,3/10/2022 8:09:29 AM,False,7363,Accepted,
29816519,0568000,LOUISVILLE METRO POLICE DEPT,Accepted,JEFFERSON,I 0264,,I264 W,,,,,,,,,38.245758608,-85.811032298,2.283,3/9/2022 12:00:00 AM,1644,2,2,0,1,CLEAR,DRY,False,REAR END IN TRAFFIC LANES BOTH VEHICLES MOVING,REAR END,STRAIGHT & GRADE,DAYLIGHT,,,3/15/2022 8:17:59 AM,False,8278,Accepted,
29821622,0568000,LOUISVILLE METRO POLICE DEPT,Accepted,JEFFERSON,KY1447,8715,WESTPORT,RD,,,,,,,,38.278587337,-85.596823876,3.741,3/9/2022 12:00:00 AM,0500,2,2,0,0,CLEAR,DRY,True,1 VEHICLE PARKED POSITION (NOT PARKING LOT/DRIVEWAY),HEAD ON,STRAIGHT & LEVEL,DARK-HWY LIGHTED/ON,,,3/16/2022 8:15:55 AM,True,7615,Accepted,
29821650,0568000,LOUISVILLE METRO POLICE DEPT,Accepted,JEFFERSON,,,3RD,ST,S,KY2801,SOUTHERN HEIGHTS,,,,,38.189165215,-85.764875438,0.789,3/9/2022 12:00:00 AM,1017,2,2,0,0,CLEAR,DRY,False,SIDESWIPE-SAME DIRECTION,SIDESWIPE-SAME DIRECTION,STRAIGHT & LEVEL,DAYLIGHT,,,3/16/2022 8:17:54 AM,False,7963,Accepted,
29811872,0568000,LOUISVILLE METRO POLICE DEPT,Accepted,JEFFERSON,I 0071,,I71 S,,,,,,,,,38.305417727,-85.600932869,7.860,3/9/2022 12:00:00 AM,2021,1,1,0,0,CLEAR,DRY,False,OTHER COLLISIONS ON SHOULDER,SINGLE VEHICLE,CURVE & HILLCREST,DARK-HWY NOT LIGHTED,,,3/14/2022 9:07:14 AM,False,7369,Accepted,
29816517,0568000,LOUISVILLE METRO POLICE DEPT,Accepted,JEFFERSON,I 0064,,I64 E,,,,,,,,,38.258940621,-85.751972465,4.811,3/9/2022 12:00:00 AM,1310,2,2,0,0,CLEAR,DRY,True,SIDESWIPE COLLISION - SAME DIRECTION,SIDESWIPE-SAME DIRECTION,STRAIGHT & LEVEL,DAYLIGHT,,,3/15/2022 8:17:44 AM,False,8278,Accepted,
29882340,0568000,LOUISVILLE METRO POLICE DEPT,Accepted,JEFFERSON,KY1020,1475,3RD,ST,S,,,,,,,38.226604922,-85.760125977,10.752,3/9/2022 12:00:00 AM,1815,1,1,0,0,CLEAR,DRY,False,COLLISION WITH FIXED OBJECT NON - INTERSECTION - FIRST EVENT COLLISION 09 - 32 EXCLUDING 16,SINGLE VEHICLE,STRAIGHT & LEVEL,DAYLIGHT,,,3/31/2022 8:20:54 AM,False,5175,Accepted,
29793216,0568000,LOUISVILLE METRO POLICE DEPT,Accepted,JEFFERSON,KY1065,,OUTER,LOOP,,,,,,,,38.136123904,-85.696920875,5.480,3/9/2022 12:00:00 AM,0427,1,1,0,0,SNOWING,SNOW/SLUSH,False,COLLISION WITH FIXED OBJECT NON - INTERSECTION - FIRST EVENT COLLISION 09 - 32 EXCLUDING 16,SINGLE VEHICLE,STRAIGHT & LEVEL,DARK-HWY LIGHTED/OFF,,,3/9/2022 8:21:44 AM,False,5314,Accepted,
29793218,0568000,LOUISVILLE METRO POLICE DEPT,Accepted,JEFFERSON,I 0065,,I65 N,,,,,,,,,38.205589773,-85.743142459,132.084,3/9/2022 12:00:00 AM,0412,1,1,0,0,SNOWING,WET,False,COLLISION WITH FIXED OBJECT NON - INTERSECTION - FIRST EVENT COLLISION 09 - 32 EXCLUDING 16,SINGLE VEHICLE,CURVE & LEVEL,DARK-HWY LIGHTED/ON,,,3/9/2022 8:21:53 AM,False,5378,Accepted,
29797752,0568000,LOUISVILLE METRO POLICE DEPT,Accepted,JEFFERSON,,,LEXINGTON,RD,,,,,,,,38.247992551,-85.731230623,0.090,3/9/2022 12:00:00 AM,1153,3,3,0,0,CLEAR,DRY,False,1 VEHICLE ENTERING/LEAVING ENTRANCE,ANGLE,STRAIGHT & LEVEL,DAYLIGHT,,,3/10/2022 8:08:54 AM,False,7023,Accepted,
29796226,0560300,ST. MATTHEWS POLICE DEPARTMENT,Accepted,JEFFERSON,I 0264,,I264 W,,,,,,,,,38.232549209,-85.628752664,18.398,3/9/2022 12:00:00 AM,1525,2,2,0,0,CLEAR,DRY,False,SIDESWIPE COLLISION - SAME DIRECTION,SIDESWIPE-SAME DIRECTION,STRAIGHT & LEVEL,DAYLIGHT,,,3/9/2022 10:12:37 PM,False,9172,Accepted,
29797756,0568000,LOUISVILLE METRO POLICE DEPT,Accepted,JEFFERSON,,,TUCKER STATION,RD,,,REHL,,,,,38.200333247,-85.528131420,3.541,3/9/2022 12:00:00 AM,1500,2,2,0,0,CLEAR,DRY,False,OTHER INTERSECTION COLLISIONS,REAR END,STRAIGHT & LEVEL,DAYLIGHT,,,3/10/2022 8:09:10 AM,False,7337,Accepted,
29797753,0568000,LOUISVILLE METRO POLICE DEPT,Accepted,JEFFERSON,US0060,,SHELBYVILLE,RD,,,ENGLISH STATION,,,,,38.240534685,-85.493526200,12.580,3/9/2022 12:00:00 AM,0916,2,2,0,0,CLOUDY,DRY,False,OPPOSING LEFT TURN,OPPOSING LEFT TURN,STRAIGHT & LEVEL,DAYLIGHT,,,3/10/2022 8:08:58 AM,False,7316,Accepted,
29797754,0568000,LOUISVILLE METRO POLICE DEPT,Accepted,JEFFERSON,I 0064,,I64 E,,,,,I 0064,I265 S EXIT25A RAMP TO I64 E,I 0265,I265 N,38.222617785,-85.504988103,19.003,3/9/2022 12:00:00 AM,0756,2,2,0,0,CLOUDY,WET,False,REAR END IN TRAFFIC LANES BOTH VEHICLES MOVING,REAR END,STRAIGHT & LEVEL,DAYLIGHT,,,3/10/2022 8:09:02 AM,False,7876,Accepted,
29797755,0568000,LOUISVILLE METRO POLICE DEPT,Accepted,JEFFERSON,,,WATSON,LN,,,KINROSS,,,,,38.058006350,-85.894064089,0.219,3/9/2022 12:00:00 AM,1620,2,2,0,0,CLEAR,DRY,False,REAR END - ONE VEHICLE TURNING LEFT,REAR END,STRAIGHT & LEVEL,DAYLIGHT,,,3/10/2022 8:09:06 AM,False,2936,Accepted,
29797763,0568000,LOUISVILLE METRO POLICE DEPT,Accepted,JEFFERSON,KY1747,,HURSTBOURNE,PKWY,,,WATTERSON,,,,,38.162946330,-85.613006429,6.848,3/9/2022 12:00:00 AM,1852,3,3,0,2,CLEAR,DRY,False,ANGLE COLLISION - OTHER,ANGLE,STRAIGHT & LEVEL,DUSK,,,3/10/2022 8:09:42 AM,False,7698,Accepted,
29797769,0568000,LOUISVILLE METRO POLICE DEPT,Accepted,JEFFERSON,KY1931,,MANSLICK,RD,,,STEPHAN,,,,,38.168193525,-85.797213477,6.439,3/9/2022 12:00:00 AM,2026,5,5,0,3,CLEAR,DRY,False,OTHER INTERSECTION COLLISIONS,REAR END,STRAIGHT & HILLCREST,DARK-HWY LIGHTED/OFF,,,3/10/2022 8:10:08 AM,False,7992,Accepted,
29797771,0568000,LOUISVILLE METRO POLICE DEPT,Accepted,JEFFERSON,US0150,315,BROADWAY,,W,,,,,,,38.246025693,-85.757541728,2.429,3/9/2022 12:00:00 AM,2240,2,1,0,1,CLEAR,DRY,True,COLLISION WITH PEDESTRIAN NON - INTERSECTION,SINGLE VEHICLE,STRAIGHT & LEVEL,DARK-HWY LIGHTED/ON,,,3/10/2022 8:10:21 AM,False,5365,Accepted,
29797772,0568000,LOUISVILLE METRO POLICE DEPT,Accepted,JEFFERSON,KY0022,,BROWNSBORO,RD,,,NORTON HEALTHCARE,,,,,38.311045679,-85.570357656,4.277,3/9/2022 12:00:00 AM,2023,2,2,0,1,CLEAR,DRY,False,OTHER INTERSECTION COLLISIONS,REAR END,STRAIGHT & LEVEL,DARK-HWY LIGHTED/ON,,,3/10/2022 8:10:27 AM,False,7440,Accepted,
29797764,0568000,LOUISVILLE METRO POLICE DEPT,Accepted,JEFFERSON,,,MAGNOLIA,AVE,W,,7TH,,,,,38.229657701,-85.767564825,0.611,3/9/2022 12:00:00 AM,0753,2,2,0,0,CLOUDY,WET,False,OTHER INTERSECTION COLLISIONS,REAR END,STRAIGHT & GRADE,DAYLIGHT,,,3/10/2022 8:09:47 AM,False,5321,Accepted,
29802315,0568000,LOUISVILLE METRO POLICE DEPT,Accepted,JEFFERSON,,,DENNY CRUM OVERPASS,,,,2ND,,,,,38.204550120,-85.763195358,0.043,3/9/2022 12:00:00 AM,1937,2,2,0,1,CLEAR,DRY,False,ANGLE COLLISION - OTHER,ANGLE,STRAIGHT & HILLCREST,DUSK,,,3/11/2022 7:17:59 AM,False,7291,Accepted,
29816549,0568000,LOUISVILLE METRO POLICE DEPT,Accepted,JEFFERSON,,,28TH,ST,S,,GREENWOOD,,,,,38.242315145,-85.799599933,1.303,3/9/2022 12:00:00 AM,0720,2,2,0,0,CLOUDY,DRY,False,OPPOSING LEFT TURN,OPPOSING LEFT TURN,STRAIGHT & LEVEL,DAYLIGHT,,,3/15/2022 8:20:34 AM,False,2569,Accepted,
29811874,0568000,LOUISVILLE METRO POLICE DEPT,Accepted,JEFFERSON,,,RANGOON,WAY,,,REGENT,,,,,38.174773313,-85.663742462,0.145,3/8/2022 12:00:00 AM,1437,2,2,0,0,CLEAR,DRY,False,OTHER INTERSECTION COLLISIONS,REAR END,STRAIGHT & LEVEL,DAYLIGHT,,,3/14/2022 9:07:32 AM,False,7400,Accepted,
29806245,0560400,SHIVELY POLICE DEPARTMENT,Accepted,JEFFERSON,I 0264,,I264 E,,,,,I 0264,I264 E EXIT8B OFF RAMP TO US31W S,I 0264,I264 E EXIT8 OFF RAMP TO US31W N,38.185152342,-85.814720610,7.390,3/8/2022 12:00:00 AM,1519,2,2,0,0,CLOUDY,DRY,True,REAR END IN TRAFFIC LANES BOTH VEHICLES MOVING,REAR END,STRAIGHT & LEVEL,DAYLIGHT,,,3/12/2022 11:24:01 AM,False,7105,Accepted,
29811894,0568000,LOUISVILLE METRO POLICE DEPT,Accepted,JEFFERSON,KY1020,,2ND,ST,S,,OAK,,,,,38.234698732,-85.756991645,11.370,3/8/2022 12:00:00 AM,0856,2,2,0,0,CLOUDY,DRY,False,SIDESWIPE-SAME DIRECTION,SIDESWIPE-SAME DIRECTION,STRAIGHT & LEVEL,DAYLIGHT,,,3/14/2022 9:10:15 AM,False,7619,Accepted,
29797761,0568000,LOUISVILLE METRO POLICE DEPT,Accepted,JEFFERSON,,,4TH,ST,S,,,,,,,38.226104403,-85.761869462,2.125,3/8/2022 12:00:00 AM,2155,4,4,0,0,CLEAR,DRY,False,SIDESWIPE COLLISION - OPPOSITE DIRECTION,SIDESWIPE-OPPOSITE DIRECTION,STRAIGHT & LEVEL,DARK (UNKNOWN ROADWAY LIGHTING),,,3/10/2022 8:09:34 AM,False,5213,Accepted,
29792550,0560400,SHIVELY POLICE DEPARTMENT,Accepted,JEFFERSON,US0031W,,DIXIE,HWY,,KY2051,ROCKFORD,,,,,38.174232329,-85.823331254,13.826,3/8/2022 12:00:00 AM,1659,2,2,0,0,CLOUDY,DRY,False,OTHER INTERSECTION COLLISIONS,REAR END,STRAIGHT & LEVEL,DAYLIGHT,,,3/9/2022 4:12:45 AM,False,7106,Accepted,
29793198,0568000,LOUISVILLE METRO POLICE DEPT,Accepted,JEFFERSON,US0031E,,BARDSTOWN,RD,,,LONG HOME,,,,,38.121519992,-85.572537752,3.420,3/8/2022 12:00:00 AM,0728,2,2,0,1,CLOUDY,DRY,False,OTHER INTERSECTION COLLISIONS,REAR END,STRAIGHT & LEVEL,DAYLIGHT,,,3/9/2022 8:20:04 AM,False,2017,Accepted,
29793199,0568000,LOUISVILLE METRO POLICE DEPT,Accepted,JEFFERSON,,,GRADE,LN,,KY1065,OUTER,,,,,38.130075529,-85.737526513,4.054,3/8/2022 12:00:00 AM,0903,2,2,0,0,CLOUDY,DRY,False,OTHER INTERSECTION COLLISIONS,REAR END,CURVE & GRADE,DAYLIGHT,,,3/9/2022 8:20:11 AM,False,2017,Accepted,
29793217,0568000,LOUISVILLE METRO POLICE DEPT,Accepted,JEFFERSON,,3100,MILLER,AVE,,,,,,,,38.202553489,-85.760103772,0.056,3/8/2022 12:00:00 AM,2154,1,1,0,1,CLEAR,DRY,False,COLLISION IN PARKING LOT,SINGLE VEHICLE,STRAIGHT & LEVEL,DARK-HWY LIGHTED/ON,,,3/9/2022 8:21:48 AM,False,5378,Accepted,
29793210,0568000,LOUISVILLE METRO POLICE DEPT,Accepted,JEFFERSON,,1827,HALE,AVE,,,,,,,,38.238317281,-85.787740024,0.518,3/8/2022 12:00:00 AM,1400,2,2,0,0,CLEAR,DRY,True,1 VEHICLE PARKED POSITION (NOT PARKING LOT/DRIVEWAY),SIDESWIPE-SAME DIRECTION,STRAIGHT & LEVEL,DAYLIGHT,,,3/9/2022 8:21:21 AM,False,5039,Accepted,
29793208,0568000,LOUISVILLE METRO POLICE DEPT,Accepted,JEFFERSON,KY1865,,NEW CUT,RD,,,,,,,,38.127251498,-85.775933506,1.323,3/8/2022 12:00:00 AM,1220,2,2,0,0,CLEAR,DRY,False,1 VEHICLE ENTERING/LEAVING ENTRANCE,ANGLE,STRAIGHT & LEVEL,DAYLIGHT,,,3/9/2022 8:20:57 AM,False,7252,Accepted,
29788545,0568000,LOUISVILLE METRO POLICE DEPT,Accepted,JEFFERSON,,12900,PLANTSIDE,DR,,,,,,,,38.210580766,-85.521957049,3.583,3/8/2022 12:00:00 AM,0554,2,2,0,0,CLOUDY,DRY,False,1 VEHICLE ENTERING/LEAVING ENTRANCE,ANGLE,CURVE & HILLCREST,DARK-HWY LIGHTED/ON,,,3/8/2022 8:33:22 AM,False,7130,Accepted,
29811930,0568000,LOUISVILLE METRO POLICE DEPT,Accepted,JEFFERSON,US0031W,,DIXIE,HWY,,,,,,,,38.106686682,-85.867370403,8.559,3/8/2022 12:00:00 AM,2033,2,2,0,0,CLOUDY,DRY,False,1 VEHICLE ENTERING/LEAVING ENTRANCE,ANGLE,STRAIGHT & LEVEL,DARK-HWY LIGHTED/ON,,,3/14/2022 9:16:06 AM,False,5223,Accepted,
29793211,0568000,LOUISVILLE METRO POLICE DEPT,Accepted,JEFFERSON,KY0864,,FEGENBUSH,LN,,,GREEN MANOR,,,,,38.146901670,-85.628044696,5.309,3/8/2022 12:00:00 AM,1658,2,2,0,0,CLOUDY,DRY,False,ANGLE COLLISION - OTHER,ANGLE,STRAIGHT & LEVEL,DAYLIGHT,,,3/9/2022 8:21:25 AM,False,7812,Accepted,
29793219,0568000,LOUISVILLE METRO POLICE DEPT,Accepted,JEFFERSON,KY0864,,SHELBY,ST,S,,OAK,,,,,38.233400831,-85.741466406,14.702,3/8/2022 12:00:00 AM,2055,2,1,0,1,CLOUDY,DRY,True,OTHER INTERSECTION COLLISIONS,SINGLE VEHICLE,CURVE & LEVEL,DARK-HWY NOT LIGHTED,,,3/9/2022 8:21:57 AM,False,5304,Accepted,
29802320,0568000,LOUISVILLE METRO POLICE DEPT,Accepted,JEFFERSON,I 0264,,I264 E,,,,,,,,,38.224205850,-85.644721888,17.374,3/8/2022 12:00:00 AM,1800,2,2,0,0,CLEAR,DRY,False,SIDESWIPE COLLISION - SAME DIRECTION,SIDESWIPE-SAME DIRECTION,STRAIGHT & LEVEL,DAYLIGHT,,,3/11/2022 7:18:13 AM,False,7479,Accepted,
29811905,0568000,LOUISVILLE METRO POLICE DEPT,Accepted,JEFFERSON,,,MAGNOLIA,AVE,W,,,,6TH,,LEVERING,38.229454534,-85.764933038,0.469,3/8/2022 12:00:00 AM,1515,2,2,0,0,CLEAR,DRY,False,SIDESWIPE COLLISION - SAME DIRECTION,SIDESWIPE-SAME DIRECTION,STRAIGHT & LEVEL,DAYLIGHT,,,3/14/2022 9:11:24 AM,False,7619,Accepted,
29797766,0568000,LOUISVILLE METRO POLICE DEPT,Accepted,JEFFERSON,US0031,,CLARK MEMORIAL,BRG,,,,,,,,38.259871307,-85.752520921,0.254,3/8/2022 12:00:00 AM,1616,2,2,0,0,CLEAR,DRY,True,SIDESWIPE COLLISION - SAME DIRECTION,SIDESWIPE-SAME DIRECTION,STRAIGHT & LEVEL,DAYLIGHT,,,3/10/2022 8:09:55 AM,False,7862,Accepted,
29797751,0568000,LOUISVILLE METRO POLICE DEPT,Accepted,JEFFERSON,,,JOHNSON,ST,N,,,,WASHINGTON,,FRANKLIN,38.255268286,-85.731728823,0.050,3/8/2022 12:00:00 AM,1555,2,2,0,1,CLEAR,DRY,False,1 VEHICLE PARKED POSITION (NOT PARKING LOT/DRIVEWAY),ANGLE,STRAIGHT & LEVEL,DAYLIGHT,,,3/10/2022 8:08:50 AM,False,7058,Accepted,
29793205,0568000,LOUISVILLE METRO POLICE DEPT,Accepted,JEFFERSON,,,TUCKER STATION,RD,,,,KY0155,TAYLORSVILLE,,TYLER WOODS,38.187381045,-85.523819980,4.511,3/8/2022 12:00:00 AM,1652,2,2,0,0,CLEAR,DRY,False,1 VEHICLE ENTERING/LEAVING ENTRANCE,ANGLE,STRAIGHT & LEVEL,DAYLIGHT,,,3/9/2022 8:20:45 AM,False,2324,Accepted,
29793212,0568000,LOUISVILLE METRO POLICE DEPT,Accepted,JEFFERSON,KY0907,,3RD ST,RD,,,LAMBORNE,,,,,38.116379137,-85.813818895,3.276,3/8/2022 12:00:00 AM,1454,2,2,0,0,CLOUDY,DRY,False,ANGLE COLLISION - OTHER,ANGLE,STRAIGHT & HILLCREST,DAYLIGHT,,,3/9/2022 8:21:29 AM,False,7485,Accepted,
29793213,0568000,LOUISVILLE METRO POLICE DEPT,Accepted,JEFFERSON,,,LIBERTY,CT,,,10TH,,,,,38.254247914,-85.767485420,0.097,3/8/2022 12:00:00 AM,2250,2,1,0,1,CLEAR,DRY,False,COLLISION WITH PEDESTRIAN IN INTERSECTION,SINGLE VEHICLE,STRAIGHT & LEVEL,DARK (UNKNOWN ROADWAY LIGHTING),,,3/9/2022 8:21:33 AM,False,5388,Accepted,
29793214,0568000,LOUISVILLE METRO POLICE DEPT,Accepted,JEFFERSON,,,GLIMMER,WAY,,,CANDLELIGHT,,,,,38.132476938,-85.778871452,0.193,3/8/2022 12:00:00 AM,2228,1,1,0,1,CLEAR,WET,False,COLLISION WITH FIXED OBJECT IN INTERSECTION - FIRST EVENT COLLISION 09 - 32,SINGLE VEHICLE,CURVE & HILLCREST,DUSK,,,3/9/2022 8:21:36 AM,False,5266,Accepted,
29793202,0568000,LOUISVILLE METRO POLICE DEPT,Accepted,JEFFERSON,KY1230,,CANE RUN,RD,,,GLOBAL,,,,,38.139983358,-85.897276980,4.302,3/8/2022 12:00:00 AM,1546,2,2,0,0,CLOUDY,DRY,False,ANGLE COLLISION - OTHER,ANGLE,STRAIGHT & LEVEL,DAYLIGHT,,,3/9/2022 8:20:27 AM,False,2457,Accepted,
29793203,0568000,LOUISVILLE METRO POLICE DEPT,Accepted,JEFFERSON,,,NORRIS,PL,,,SPEED,,,,,38.225120091,-85.706724751,0.546,3/8/2022 12:00:00 AM,1448,2,2,0,0,CLOUDY,DRY,True,SIDESWIPE-SAME DIRECTION,SIDESWIPE-SAME DIRECTION,STRAIGHT & LEVEL,DAYLIGHT,,,3/9/2022 8:20:34 AM,False,2228,Accepted,
29788541,0568000,LOUISVILLE METRO POLICE DEPT,Accepted,JEFFERSON,KY0841,,GENE SNYDER,FWY,,KY0841,KY841 RAMP FROM KY1865,,,,,38.119794269,-85.782041245,5.787,3/8/2022 12:00:00 AM,0213,1,1,0,0,CLEAR,DRY,False,NON-COLLISION OBJECT COLLISION,SINGLE VEHICLE,CURVE & LEVEL,DARK-HWY LIGHTED/ON,,,3/8/2022 8:33:08 AM,False,5402,Accepted,
29793188,0568000,LOUISVILLE METRO POLICE DEPT,Accepted,JEFFERSON,,,PARK,RD,,KY1865,NEW CUT,,,,,38.155907019,-85.777593114,0.479,3/7/2022 12:00:00 AM,1847,2,2,0,0,CLOUDY,DRY,True,ANGLE COLLISION - OTHER,ANGLE,STRAIGHT & LEVEL,DUSK,,,3/9/2022 8:19:31 AM,False,7232,Accepted,
29788525,0568000,LOUISVILLE METRO POLICE DEPT,Accepted,JEFFERSON,US0031W,,DIXIE,HWY,,,,,,,,38.135013247,-85.844837014,10.875,3/7/2022 12:00:00 AM,0741,2,2,0,0,RAINING,WET,False,SIDESWIPE COLLISION - SAME DIRECTION,SIDESWIPE-SAME DIRECTION,STRAIGHT & LEVEL,DAYLIGHT,,,3/8/2022 8:32:11 AM,False,7244,Accepted,
29788532,0568000,LOUISVILLE METRO POLICE DEPT,Accepted,JEFFERSON,,,34TH,ST,S,,VIRGINIA,,,,,38.239016469,-85.810312470,1.631,3/7/2022 12:00:00 AM,1805,2,2,0,1,CLEAR,DRY,False,ANGLE COLLISION - OTHER,ANGLE,STRAIGHT & LEVEL,DUSK,,,3/8/2022 8:32:41 AM,False,5164,Accepted,
29788533,0568000,LOUISVILLE METRO POLICE DEPT,Accepted,JEFFERSON,KY1934,,CANE RUN,RD,,,TRAPPERS,,,,,38.203386481,-85.832073248,9.589,3/7/2022 12:00:00 AM,1830,2,2,0,1,CLEAR,DRY,False,ANGLE COLLISION - OTHER,ANGLE,STRAIGHT & LEVEL,DARK-HWY LIGHTED/ON,,,3/8/2022 8:32:45 AM,False,5208,Accepted,
29788534,0568000,LOUISVILLE METRO POLICE DEPT,Accepted,JEFFERSON,,,SIX MILE,LN,,,MANNER DALE,,,,,38.200547859,-85.614834542,2.170,3/7/2022 12:00:00 AM,1523,2,2,0,1,CLOUDY,DRY,False,COLLISION WITH FIXED OBJECT IN INTERSECTION - FIRST EVENT COLLISION 09 - 32,REAR END,STRAIGHT & LEVEL,DAYLIGHT,,,3/8/2022 8:32:50 AM,False,5191,Accepted,
29793204,0568000,LOUISVILLE METRO POLICE DEPT,Accepted,JEFFERSON,,,HILL,ST,W,,1ST,,,,,38.225466182,-85.756943674,,3/7/2022 12:00:00 AM,1727,2,2,0,0,CLOUDY,DRY,False,ANGLE COLLISION - OTHER,ANGLE,STRAIGHT & LEVEL,DAYLIGHT,,,3/9/2022 8:20:38 AM,False,5052,Accepted,
29788518,0568000,LOUISVILLE METRO POLICE DEPT,Accepted,JEFFERSON,KY1747,,HURSTBOURNE,PKWY,S,KY1747,KY1747 CROSSOVER,,,,,38.159132304,-85.627019874,6.021,3/7/2022 12:00:00 AM,1142,1,1,0,1,CLOUDY,WET,False,COLLISION WITH FIXED OBJECT IN INTERSECTION - FIRST EVENT COLLISION 09 - 32,SINGLE VEHICLE,STRAIGHT & GRADE,DAYLIGHT,,,3/8/2022 8:31:45 AM,False,2017,Accepted,
29788524,0568000,LOUISVILLE METRO POLICE DEPT,Accepted,JEFFERSON,,,PAGES,LN,W,,DEVONSHIRE,,,,,38.130886866,-85.868536344,1.123,3/7/2022 12:00:00 AM,1520,2,2,0,0,CLOUDY,DRY,False,ANGLE COLLISION - OTHER,ANGLE,STRAIGHT & LEVEL,DAYLIGHT,,,3/8/2022 8:32:07 AM,False,2936,Accepted,