IncidentID,AgencyORI,AgencyName,IncidentStatusDesc,County,RdwyNumber,Street,RoadwayName,StreetSfx,StreetDir,IntersectionRdwy,IntersectionRdwyName,BetweenStRdwy1,BetweenStRdwyName1,BetweenStRdwy2,BetweenStRdwyName2,Latitude,Longitude,Milepoint,CollisionDate,CollisionTime,UnitsInvolved,MotorVehiclesInvolved,NumberKilled,NumberInjured,Weather,RdwyConditionCode,HitandRun,DirAnalysisCode,MannerofCollision,RdwyCharacter,LightCondition,RampFromRdwyId,RampToRdwyId,AcceptedDate,IsSecondaryCollision,OwnerBadge,IncidentStatus,
29783632,0568000,LOUISVILLE METRO POLICE DEPT,Accepted,JEFFERSON,,,IRELAND,DR,,,EARLANN,,,,,38.143802430,-85.694640994,0.118,3/5/2022 12:00:00 AM,0443,1,1,0,0,CLEAR,DRY,True,COLLISION WITH FIXED OBJECT IN INTERSECTION - FIRST EVENT COLLISION 09 - 32,SINGLE VEHICLE,CURVE & LEVEL,DARK-HWY LIGHTED/OFF,,,3/7/2022 8:23:56 AM,False,7100,Accepted,
29783615,0568000,LOUISVILLE METRO POLICE DEPT,Accepted,JEFFERSON,,5550,RAGGARD,RD,,,,,,,,38.173856336,-85.871690155,0.004,3/5/2022 12:00:00 AM,0205,1,1,0,0,CLEAR,DRY,False,COLLISION WITH FIXED OBJECT NON - INTERSECTION - FIRST EVENT COLLISION 09 - 32 EXCLUDING 16,SINGLE VEHICLE,STRAIGHT & LEVEL,DARK-HWY NOT LIGHTED,,,3/7/2022 8:22:50 AM,False,5212,Accepted,
29783617,0568000,LOUISVILLE METRO POLICE DEPT,Accepted,JEFFERSON,I 0264,,I264 E,,,I 0264,I264 E EXIT17A OFF RAMP TO KY155 S,,,,,38.219077362,-85.655887146,16.671,3/5/2022 12:00:00 AM,0336,1,1,0,0,CLEAR,DRY,False,COLLISION WITH FIXED OBJECT IN INTERSECTION - FIRST EVENT COLLISION 09 - 32,SINGLE VEHICLE,STRAIGHT & LEVEL,DARK-HWY LIGHTED/ON,,,3/7/2022 8:22:58 AM,False,7049,Accepted,
29783623,0568000,LOUISVILLE METRO POLICE DEPT,Accepted,JEFFERSON,US0031E,,BARDSTOWN,RD,,,,,BARTLEY,,CEDAR CREEK,38.135473976,-85.580255733,4.472,3/5/2022 12:00:00 AM,1248,1,1,0,0,SEVERE CROSSWINDS,DRY,False,OTHER ROADWAY OR MID-BLOCK COLLISION,SINGLE VEHICLE,STRAIGHT & LEVEL,DAYLIGHT,,,3/7/2022 8:23:21 AM,False,2017,Accepted,
29783673,0568000,LOUISVILLE METRO POLICE DEPT,Accepted,JEFFERSON,KY1020,,3RD,ST,S,KY1020,2ND,,,,,38.218758343,-85.761580432,10.134,3/5/2022 12:00:00 AM,0314,1,1,0,2,CLEAR,DRY,False,COLLISION WITH FIXED OBJECT IN INTERSECTION - FIRST EVENT COLLISION 09 - 32,SINGLE VEHICLE,CURVE & HILLCREST,DARK-HWY LIGHTED/ON,,,3/7/2022 8:25:35 AM,False,5342,Accepted,
29783658,0568000,LOUISVILLE METRO POLICE DEPT,Accepted,JEFFERSON,KY1703,,NEWBURG,RD,,,SPEED,,,,,38.222972968,-85.710676872,4.287,3/5/2022 12:00:00 AM,1222,2,2,0,0,CLEAR,DRY,False,OPPOSING LEFT TURN,OPPOSING LEFT TURN,STRAIGHT & HILLCREST,DAYLIGHT,,,3/7/2022 8:24:50 AM,False,7960,Accepted,
29783684,0568000,LOUISVILLE METRO POLICE DEPT,Accepted,JEFFERSON,,,CARLISLE,AVE,,,,,,,,38.194307690,-85.779573186,0.689,3/5/2022 12:00:00 AM,2327,3,3,0,0,CLOUDY,DRY,False,1 VEHICLE PARKED POSITION (NOT PARKING LOT/DRIVEWAY),SIDESWIPE-SAME DIRECTION,STRAIGHT & LEVEL,DARK (UNKNOWN ROADWAY LIGHTING),,,3/7/2022 8:25:50 AM,False,7376,Accepted,
29797762,0568000,LOUISVILLE METRO POLICE DEPT,Accepted,JEFFERSON,I 0065,,I65 N,,,,,,,,,38.173559068,-85.719989261,129.400,3/5/2022 12:00:00 AM,1704,1,1,0,0,CLEAR,DRY,False,COLLISION WITH NON-FIXED OBJECT ,SINGLE VEHICLE,STRAIGHT & LEVEL,DAYLIGHT,,,3/10/2022 8:09:38 AM,False,5027,Accepted,
29802299,0568000,LOUISVILLE METRO POLICE DEPT,Accepted,JEFFERSON,I 0264,,I264 W,,,,,I 0264,I264 W EXIT14 OFF RAMP TO KY864,I 0264,I264 W EXIT15 ON RAMP FROM KY1703,38.200490726,-85.697969300,14.007,3/5/2022 12:00:00 AM,1210,2,2,0,0,CLEAR,DRY,False,SIDESWIPE COLLISION - SAME DIRECTION,SIDESWIPE-SAME DIRECTION,STRAIGHT & LEVEL,DAYLIGHT,,,3/11/2022 7:17:16 AM,False,7938,Accepted,
29812025,0568000,LOUISVILLE METRO POLICE DEPT,Accepted,JEFFERSON,KY0061,,PRESTON,ST,S,,LIBERTY,,,,,38.251602880,-85.747227663,13.027,3/4/2022 12:00:00 AM,0720,2,2,0,0,SMOG SMOKE,DRY,False,OTHER INTERSECTION COLLISIONS,REAR END,STRAIGHT & LEVEL,DAYLIGHT,,,3/14/2022 9:30:33 AM,False,5367,Accepted,
29813272,0568000,LOUISVILLE METRO POLICE DEPT,Accepted,JEFFERSON,I 0264,,,,,,,,,,,38.190329303,-85.762628429,0.116,3/4/2022 12:00:00 AM,1545,2,2,0,0,CLEAR,DRY,False,OTHER RAMP RELATED COLLISIONS NOT LISTED ABOVE,SIDESWIPE-SAME DIRECTION,CURVE & GRADE,DAYLIGHT,I 0264,KY1020,3/14/2022 2:22:02 PM,False,8278,Accepted,
29873719,0568000,LOUISVILLE METRO POLICE DEPT,Accepted,JEFFERSON,I 0065,,I65 N,,,,,,,,,38.250369092,-85.751093569,135.593,3/4/2022 12:00:00 AM,2315,5,4,1,0,CLEAR,DRY,False,COLLISION WITH PEDESTRIAN NON - INTERSECTION,ANGLE,CURVE & GRADE,DARK-HWY LIGHTED/ON,,,3/29/2022 8:27:13 AM,False,7628,Accepted,
29821660,0568000,LOUISVILLE METRO POLICE DEPT,Accepted,JEFFERSON,,,OAK,ST,W,,6TH,,,,,38.235336217,-85.763830635,0.465,3/4/2022 12:00:00 AM,1945,2,2,0,0,CLEAR,DRY,False,OTHER INTERSECTION COLLISIONS,REAR END,STRAIGHT & LEVEL,DARK-HWY LIGHTED/ON,,,3/16/2022 8:18:40 AM,False,5373,Accepted,
29783625,0568000,LOUISVILLE METRO POLICE DEPT,Accepted,JEFFERSON,I 0065,,I65 S,,,,,,,,,38.234409099,-85.751209954,134.451,3/4/2022 12:00:00 AM,1642,3,3,0,2,CLEAR,DRY,False,REAR END IN TRAFFIC LANES BOTH VEHICLES MOVING,REAR END,STRAIGHT & LEVEL,DAYLIGHT,,,3/7/2022 8:23:28 AM,False,5258,Accepted,
29788513,0568000,LOUISVILLE METRO POLICE DEPT,Accepted,JEFFERSON,,,CLAY,ST,S,,BILLY GOAT STRUT,,,,,38.254202911,-85.739977231,0.040,3/4/2022 12:00:00 AM,0902,2,2,0,2,CLEAR,DRY,True,ANGLE COLLISION - OTHER,ANGLE,,DAYLIGHT,,,3/8/2022 8:30:55 AM,False,2661,Accepted,
29789020,0568000,LOUISVILLE METRO POLICE DEPT,Accepted,JEFFERSON,KY2048,,CANNONS,LN,,,,,,,,38.236600681,-85.658949318,1.340,3/4/2022 12:00:00 AM,1120,2,1,0,0,CLEAR,DRY,False,1 VEHICLE PARKED POSITION (NOT PARKING LOT/DRIVEWAY),SIDESWIPE-SAME DIRECTION,STRAIGHT & LEVEL,DAYLIGHT,,,3/8/2022 10:50:17 AM,False,7028,Accepted,
29777455,0566900,LOUISVILLE AIRPORT POLICE,Accepted,JEFFERSON,,600,TERMINAL,DR,,,,,,,,38.186498025,-85.746141564,0.034,3/4/2022 12:00:00 AM,1950,2,2,0,0,CLEAR,DRY,False,1 VEHICLE ENTERING OR LEAVING PARKED POSITION (NOT PARKING LOT),SIDESWIPE-SAME DIRECTION,STRAIGHT & LEVEL,DARK-HWY LIGHTED/ON,,,3/5/2022 7:41:07 AM,False,5887,Accepted,
29783583,0568000,LOUISVILLE METRO POLICE DEPT,Accepted,JEFFERSON,,,BUENA VISTA,CT,,,MONACO,,,,,38.139667555,-85.662049177,0.125,3/4/2022 12:00:00 AM,1433,2,2,0,0,CLEAR,DRY,False,VEHICLE BACKING IN INTERSECTION,BACKING,STRAIGHT & LEVEL,DAYLIGHT,,,3/7/2022 8:21:24 AM,False,2324,Accepted,
29783607,0568000,LOUISVILLE METRO POLICE DEPT,Accepted,JEFFERSON,,,RUNDILL,RD,,,,,,,,38.160011082,-85.793337518,2.870,3/4/2022 12:00:00 AM,0811,1,1,0,0,CLEAR,DRY,False,COLLISION WITH FIXED OBJECT NON - INTERSECTION - FIRST EVENT COLLISION 09 - 32 EXCLUDING 16,SINGLE VEHICLE,CURVE & GRADE,DAYLIGHT,,,3/7/2022 8:22:19 AM,False,7331,Accepted,
29783608,0568000,LOUISVILLE METRO POLICE DEPT,Accepted,JEFFERSON,US0031W,10530,DIXIE,HWY,,,,,,,,38.101776339,-85.871231358,8.049,3/4/2022 12:00:00 AM,1755,2,2,0,0,CLEAR,DRY,True,COLLISION IN PARKING LOT,BACKING,STRAIGHT & LEVEL,DARK-HWY LIGHTED/ON,,,3/7/2022 8:22:23 AM,False,5033,Accepted,
29783614,0568000,LOUISVILLE METRO POLICE DEPT,Accepted,JEFFERSON,US0031W,,DIXIE,HWY,,,CITATION,,,,,38.113290376,-85.862527662,9.086,3/4/2022 12:00:00 AM,1900,2,2,0,0,CLEAR,DRY,True,OTHER INTERSECTION COLLISIONS,REAR END,STRAIGHT & LEVEL,DARK-HWY NOT LIGHTED,,,3/7/2022 8:22:46 AM,False,5211,Accepted,
29783630,0568000,LOUISVILLE METRO POLICE DEPT,Accepted,JEFFERSON,US0150,110,BROADWAY,,E,,,,,,,38.245759793,-85.752660032,2.688,3/4/2022 12:00:00 AM,2354,2,2,0,0,CLEAR,DRY,True,COLLISION IN PARKING LOT,BACKING,STRAIGHT & LEVEL,DARK-HWY LIGHTED/ON,,,3/7/2022 8:23:49 AM,False,5135,Accepted,
29783598,0568000,LOUISVILLE METRO POLICE DEPT,Accepted,JEFFERSON,I 0065,,I65 S,,,,,,,,,38.153239898,-85.715837729,127.946,3/4/2022 12:00:00 AM,1638,3,3,0,0,CLEAR,DRY,False,REAR END IN TRAFFIC LANES BOTH VEHICLES MOVING,REAR END,STRAIGHT & GRADE,DAYLIGHT,,,3/7/2022 8:22:03 AM,False,2017,Accepted,
29783605,0568000,LOUISVILLE METRO POLICE DEPT,Accepted,JEFFERSON,,900,BROOK,ST,S,,KENTUCKY,,,,,38.238206646,-85.752999198,2.336,3/4/2022 12:00:00 AM,1223,2,2,0,1,CLEAR,DRY,False,ANGLE COLLISION - OTHER,ANGLE,STRAIGHT & LEVEL,DAYLIGHT,,,3/7/2022 8:22:16 AM,False,7689,Accepted,
29777406,0561000,JEFFERSONTOWN POLICE DEPT,Accepted,JEFFERSON,KY1747,,HURSTBOURNE,PKWY,S,,,KY0155,TAYLORSVILLE,KY1747,KY1747 CROSSOVER,38.216888150,-85.589163044,11.152,3/4/2022 12:00:00 AM,1717,2,2,0,0,CLEAR,DRY,False,1 VEHICLE ENTERING/LEAVING ENTRANCE,ANGLE,STRAIGHT & LEVEL,DAYLIGHT,,,3/5/2022 7:06:16 AM,False,8316,Accepted,
29783572,0568000,LOUISVILLE METRO POLICE DEPT,Accepted,JEFFERSON,I 0064,,,,,,,,,,,38.258240093,-85.739617734,0.290,3/4/2022 12:00:00 AM,0728,2,2,0,0,CLEAR,DRY,False,OTHER RAMP RELATED COLLISIONS NOT LISTED ABOVE,REAR END,CURVE & HILLCREST,DAYLIGHT,I 0065,I 0064,3/7/2022 8:20:33 AM,False,4903,Accepted,
29783581,0568000,LOUISVILLE METRO POLICE DEPT,Accepted,JEFFERSON,KY1934,,CANE RUN,RD,,,TERRY,,,,,38.178165470,-85.861960307,7.179,3/4/2022 12:00:00 AM,1140,2,2,0,1,CLEAR,DRY,False,ANGLE COLLISION - OTHER,ANGLE,CURVE & LEVEL,DAYLIGHT,,,3/7/2022 8:21:17 AM,False,7524,Accepted,
29783589,0568000,LOUISVILLE METRO POLICE DEPT,Accepted,JEFFERSON,,,GOLDSMITH,LN,,KY1703,NEWBURG,,,,,38.200151178,-85.684929584,0.004,3/4/2022 12:00:00 AM,1617,2,2,0,0,CLEAR,DRY,False,ANGLE COLLISION - OTHER,ANGLE,STRAIGHT & LEVEL,DAYLIGHT,,,3/7/2022 8:21:44 AM,False,5203,Accepted,
29773362,0568000,LOUISVILLE METRO POLICE DEPT,Accepted,JEFFERSON,I 0065,,I65 S,,,,,,,,,38.261589888,-85.742034489,136.663,3/4/2022 12:00:00 AM,0248,1,1,0,0,CLEAR,DRY,False,OTHER ROADWAY OR MID-BLOCK COLLISION,SINGLE VEHICLE,STRAIGHT & GRADE,DARK-HWY LIGHTED/ON,,,3/4/2022 8:07:13 AM,False,7386,Accepted,
29816516,0568000,LOUISVILLE METRO POLICE DEPT,Accepted,JEFFERSON,I 0264,,I264 W,,,,,,,,,38.185734156,-85.820452535,7.071,3/4/2022 12:00:00 AM,1408,1,1,0,1,CLEAR,DRY,False,OCCUPANT FELL FROM MOVING VEHICLE,SINGLE VEHICLE,CURVE & GRADE,DAYLIGHT,,,3/15/2022 8:17:36 AM,False,8278,Accepted,
29867399,0568000,LOUISVILLE METRO POLICE DEPT,Accepted,JEFFERSON,KY2054,,ALGONQUIN,PKWY,,,DIXIE,,,,,38.223140739,-85.791867644,1.675,3/4/2022 12:00:00 AM,1907,2,1,0,0,CLEAR,DRY,False,OTHER INTERSECTION COLLISIONS,REAR END,STRAIGHT & LEVEL,DAWN,,,3/27/2022 8:56:18 PM,False,7879,Accepted,
29783627,0568000,LOUISVILLE METRO POLICE DEPT,Accepted,JEFFERSON,,,EWING,AVE,N,,,,SYCAMORE,,LEXINGTON,38.254554867,-85.700238682,0.059,3/4/2022 12:00:00 AM,1104,3,3,0,0,CLEAR,DRY,False,VEHICLE BACKING NON INTERSECTION,BACKING,STRAIGHT & GRADE,DAYLIGHT,,,3/7/2022 8:23:35 AM,False,5006,Accepted,
29783628,0568000,LOUISVILLE METRO POLICE DEPT,Accepted,JEFFERSON,KY0864,,POPLAR LEVEL,RD,,,GARDINER,,,,,38.192693197,-85.705998438,11.094,3/4/2022 12:00:00 AM,1401,2,2,0,1,CLEAR,DRY,False,ANGLE COLLISION - ONE VEHICLE TURNING RIGHT,ANGLE,STRAIGHT & LEVEL,DAYLIGHT,,,3/7/2022 8:23:41 AM,False,5027,Accepted,
29783620,0568000,LOUISVILLE METRO POLICE DEPT,Accepted,JEFFERSON,,,STRAWBERRY,LN,,,,,,,,38.160313738,-85.763568740,0.102,3/4/2022 12:00:00 AM,1731,2,2,0,1,CLEAR,DRY,True,1 VEHICLE ENTERING/LEAVING ENTRANCE,ANGLE,STRAIGHT & LEVEL,DAYLIGHT,,,3/7/2022 8:23:10 AM,False,7483,Accepted,
29783579,0568000,LOUISVILLE METRO POLICE DEPT,Accepted,JEFFERSON,I 0065,,I65 E EXIT12 TRANSIT,,,,,,,,,38.189772294,-85.734406602,0.832,3/4/2022 12:00:00 AM,0803,1,1,0,1,CLEAR,DRY,False,OTHER RAMP RELATED COLLISIONS NOT LISTED ABOVE,SINGLE VEHICLE,STRAIGHT & LEVEL,DAYLIGHT,I 0065,I 0065,3/7/2022 8:21:08 AM,False,4693,Accepted,
29783588,0568000,LOUISVILLE METRO POLICE DEPT,Accepted,JEFFERSON,,,BUSH FARM,RD,,,AIKEN,,,,,38.271295411,-85.483791715,0.894,3/4/2022 12:00:00 AM,1100,2,2,0,1,CLEAR,DRY,False,ANGLE COLLISION - OTHER,ANGLE,STRAIGHT & LEVEL,DAYLIGHT,,,3/7/2022 8:21:41 AM,False,7316,Accepted,
29783603,0568000,LOUISVILLE METRO POLICE DEPT,Accepted,JEFFERSON,KY1932,,BRECKENRIDGE,LN,,,BRONNER,,,,,38.185826010,-85.626188263,0.320,3/4/2022 12:00:00 AM,1702,2,2,0,0,CLEAR,DRY,False,OPPOSING LEFT TURN,OPPOSING LEFT TURN,STRAIGHT & GRADE,DAYLIGHT,,,3/7/2022 8:22:11 AM,False,5288,Accepted,
29783610,0568000,LOUISVILLE METRO POLICE DEPT,Accepted,JEFFERSON,,4522,ALGONQUIN,PKWY,,,,,,,,38.226161325,-85.825879624,0.199,3/4/2022 12:00:00 AM,1936,1,1,0,0,CLEAR,DRY,False,COLLISION WITH FIXED OBJECT NON - INTERSECTION - FIRST EVENT COLLISION 09 - 32 EXCLUDING 16,SINGLE VEHICLE,CURVE & LEVEL,DARK-HWY LIGHTED/ON,,,3/7/2022 8:22:30 AM,False,5402,Accepted,
29783612,0568000,LOUISVILLE METRO POLICE DEPT,Accepted,JEFFERSON,KY0841,,GENE SNYDER,FWY,,,,,,,,38.116946585,-85.734086345,8.422,3/4/2022 12:00:00 AM,2122,2,2,0,3,CLEAR,DRY,False,SIDESWIPE COLLISION - SAME DIRECTION,SIDESWIPE-SAME DIRECTION,STRAIGHT & LEVEL,DARK-HWY LIGHTED/ON,,,3/7/2022 8:22:39 AM,False,5209,Accepted,
29783613,0568000,LOUISVILLE METRO POLICE DEPT,Accepted,JEFFERSON,US0031W,,DIXIE,HWY,,,BLANTON,,,,,38.157787988,-85.833738529,12.517,3/4/2022 12:00:00 AM,2023,2,1,0,1,CLEAR,DRY,False,COLLISION WITH PEDESTRIAN IN INTERSECTION,SINGLE VEHICLE,STRAIGHT & LEVEL,DARK-HWY LIGHTED/ON,,,3/7/2022 8:22:43 AM,False,5212,Accepted,
29783576,0568000,LOUISVILLE METRO POLICE DEPT,Accepted,JEFFERSON,KY2048,,CANNONS,LN,,,,,,I 0064,I64 W EXIT10 ON RAMP FROM KY2048,38.236378825,-85.658851951,1.323,3/4/2022 12:00:00 AM,1023,2,2,0,2,CLEAR,DRY,False,1 VEHICLE ENTERING/LEAVING ENTRANCE,ANGLE,STRAIGHT & LEVEL,DAYLIGHT,,,3/7/2022 8:20:51 AM,False,7043,Accepted,
29783577,0568000,LOUISVILLE METRO POLICE DEPT,Accepted,JEFFERSON,KY1065,,OUTER,LOOP,,,,KY0061,PRESTON,,CAROL,38.138332092,-85.686578485,6.055,3/4/2022 12:00:00 AM,1308,2,2,0,0,CLEAR,DRY,False,REAR END IN TRAFFIC LANES BOTH VEHICLES MOVING,REAR END,CURVE & LEVEL,DAYLIGHT,,,3/7/2022 8:20:56 AM,False,2324,Accepted,
29788542,0568000,LOUISVILLE METRO POLICE DEPT,Accepted,JEFFERSON,,,LAMPTON,ST,,KY0864,SHELBY,,,,,38.241291420,-85.740106563,0.435,3/4/2022 12:00:00 AM,0013,2,2,0,0,CLEAR,DRY,False,COLLISION WITH PARKED VEHICLE,REAR END,STRAIGHT & LEVEL,DARK-HWY LIGHTED/ON,,,3/8/2022 8:33:11 AM,False,5349,Accepted,
29790991,0564500,PROSPECT POLICE DEPARTMENT,Accepted,JEFFERSON,,,RIVER,RD,,,TIMBER RIDGE,,,,,38.340423775,-85.625350705,6.126,3/4/2022 12:00:00 AM,1530,1,1,0,0,CLEAR,DRY,False,COLLISION WITH FIXED OBJECT IN INTERSECTION - FIRST EVENT COLLISION 09 - 32,SINGLE VEHICLE,CURVE & LEVEL,DAYLIGHT,,,3/8/2022 5:56:41 PM,False,1152,Accepted,
29783578,0568000,LOUISVILLE METRO POLICE DEPT,Accepted,JEFFERSON,KY1447,12650,WESTPORT,RD,,,,,,,,38.300468520,-85.513892971,8.720,3/4/2022 12:00:00 AM,1205,2,2,0,2,CLEAR,DRY,False,HEAD-ON COLLISION,HEAD ON,STRAIGHT & LEVEL,DAYLIGHT,,,3/7/2022 8:21:03 AM,False,2489,Accepted,
29783584,0568000,LOUISVILLE METRO POLICE DEPT,Accepted,JEFFERSON,I 0065,,I65 S,,,,,I 0065,I65 S EXIT125 ON RAMP FROM KY481,KY1851,BARRICKS,38.098437995,-85.701032107,124.015,3/4/2022 12:00:00 AM,0846,2,2,0,0,CLEAR,DRY,False,VEHICLE BACKING NON INTERSECTION,BACKING,STRAIGHT & LEVEL,DAYLIGHT,,,3/7/2022 8:21:27 AM,False,2017,Accepted,
29783585,0568000,LOUISVILLE METRO POLICE DEPT,Accepted,JEFFERSON,KY0061,,PRESTON,HWY,,KY1747,FERN VALLEY,,,,,38.156716398,-85.696810920,5.351,3/4/2022 12:00:00 AM,1101,2,2,0,0,CLEAR,DRY,False,OTHER INTERSECTION COLLISIONS,REAR END,STRAIGHT & LEVEL,DAYLIGHT,,,3/7/2022 8:21:31 AM,False,2017,Accepted,
29783586,0568000,LOUISVILLE METRO POLICE DEPT,Accepted,JEFFERSON,KY1932,,BRECKENRIDGE,LN,,,SUDBURY,,,,,38.208680168,-85.626562454,1.991,3/4/2022 12:00:00 AM,1406,2,2,0,1,CLEAR,DRY,False,OTHER INTERSECTION COLLISIONS,REAR END,STRAIGHT & GRADE,DAYLIGHT,,,3/7/2022 8:21:34 AM,False,2307,Accepted,
29783593,0568000,LOUISVILLE METRO POLICE DEPT,Accepted,JEFFERSON,KY1065,,OUTER,LOOP,,,,,,,,38.127165619,-85.748278366,2.554,3/4/2022 12:00:00 AM,1149,2,2,0,0,CLEAR,DRY,False,1 VEHICLE ENTERING/LEAVING ENTRANCE,ANGLE,STRAIGHT & LEVEL,DAYLIGHT,,,3/7/2022 8:21:55 AM,False,7234,Accepted,
29783595,0568000,LOUISVILLE METRO POLICE DEPT,Accepted,JEFFERSON,,,ST ANTHONY CHURCH,RD,,KY1931,ST ANDREWS CHURCH,,,,,38.150615027,-85.821683149,0.003,3/4/2022 12:00:00 AM,1801,2,2,0,0,CLEAR,DRY,True,OPPOSITE DIRECTION - BOTH VEHICLES GOING STRAIGHT AHEAD,SIDESWIPE-OPPOSITE DIRECTION,STRAIGHT & LEVEL,DAYLIGHT,,,3/7/2022 8:21:59 AM,False,7340,Accepted,
29783601,0568000,LOUISVILLE METRO POLICE DEPT,Accepted,JEFFERSON,I 0265,,,,,,,,,,,38.108790555,-85.678090214,0.266,3/4/2022 12:00:00 AM,1756,1,1,0,0,CLEAR,DRY,False,COLLISION WITH FIXED OBJECT NOT IN GORE ,SINGLE VEHICLE,STRAIGHT & LEVEL,DAYLIGHT,I 0265,KY0061,3/7/2022 8:22:06 AM,False,2017,Accepted,
29783609,0568000,LOUISVILLE METRO POLICE DEPT,Accepted,JEFFERSON,,9009,WALTLEE,RD,,,,,,,,38.169830622,-85.582204920,0.852,3/4/2022 12:00:00 AM,1918,2,2,0,1,CLEAR,DRY,False,1 VEHICLE PARKED POSITION (NOT PARKING LOT/DRIVEWAY),HEAD ON,STRAIGHT & LEVEL,DARK-HWY LIGHTED/OFF,,,3/7/2022 8:22:26 AM,False,5040,Accepted,
29788517,0568000,LOUISVILLE METRO POLICE DEPT,Accepted,JEFFERSON,US0060,,FRANKFORT,AVE,,,PETERSON,,,,,38.253968440,-85.698020419,1.215,3/4/2022 12:00:00 AM,1554,2,2,0,2,CLEAR,DRY,False,ANGLE COLLISION - OTHER,ANGLE,STRAIGHT & LEVEL,DAYLIGHT,,,3/8/2022 8:31:40 AM,False,7023,Accepted,
29788523,0568000,LOUISVILLE METRO POLICE DEPT,Accepted,JEFFERSON,I 0264,,I264 E,,,I 0264,I264 E EXIT15 OFF RAMP TO KY1703,,,,,38.199809978,-85.699767524,13.895,3/3/2022 12:00:00 AM,1706,3,3,0,0,CLEAR,DRY,False,OTHER INTERSECTION COLLISIONS,REAR END,STRAIGHT & LEVEL,DAYLIGHT,,,3/8/2022 8:32:03 AM,False,7740,Accepted,
29793197,0568000,LOUISVILLE METRO POLICE DEPT,Accepted,JEFFERSON,,,1ST,ST,S,,MUHAMMAD ALI,,,,,38.250582682,-85.752546986,0.381,3/3/2022 12:00:00 AM,1000,2,2,0,0,CLEAR,DRY,False,ANGLE COLLISION - ONE VEHICLE TURNING RIGHT,ANGLE,STRAIGHT & LEVEL,DAYLIGHT,,,3/9/2022 8:19:57 AM,False,5335,Accepted,
29773360,0568000,LOUISVILLE METRO POLICE DEPT,Accepted,JEFFERSON,,,17TH,ST,S,US0150,BROADWAY,,,,,38.249257764,-85.779746647,0.566,3/3/2022 12:00:00 AM,2032,1,1,0,0,CLEAR,DRY,False,COLLISION WITH FIXED OBJECT IN INTERSECTION - FIRST EVENT COLLISION 09 - 32,SINGLE VEHICLE,STRAIGHT & LEVEL,DARK-HWY LIGHTED/ON,,,3/4/2022 8:07:07 AM,False,5306,Accepted,
29773351,0568000,LOUISVILLE METRO POLICE DEPT,Accepted,JEFFERSON,KY1934,4832,CANE RUN,RD,,,,,ROCKAWAY,,BRIDWELL,38.180955915,-85.858158065,7.469,3/3/2022 12:00:00 AM,1457,3,3,0,1,CLEAR,DRY,False,REAR END IN TRAFFIC LANES BOTH VEHICLES MOVING,REAR END,STRAIGHT & LEVEL,DAYLIGHT,,,3/4/2022 8:06:31 AM,False,5100,Accepted,
29773357,0568000,LOUISVILLE METRO POLICE DEPT,Accepted,JEFFERSON,KY1020,,3RD,ST,S,,M,,,,,38.208844953,-85.763228759,9.771,3/3/2022 12:00:00 AM,1700,3,3,0,0,CLEAR,DRY,False,ANGLE COLLISION - OTHER,ANGLE,STRAIGHT & LEVEL,DAYLIGHT,,,3/4/2022 8:06:53 AM,False,7257,Accepted,
29821639,0568000,LOUISVILLE METRO POLICE DEPT,Accepted,JEFFERSON,,4211,2ND,ST,S,,,,,,,38.196260103,-85.763276956,1.829,3/3/2022 12:00:00 AM,1536,2,2,0,0,CLEAR,DRY,False,COLLISION IN PARKING LOT,BACKING,STRAIGHT & LEVEL,DAYLIGHT,,,3/16/2022 8:17:04 AM,False,7257,Accepted,
29773363,0568000,LOUISVILLE METRO POLICE DEPT,Accepted,JEFFERSON,US0060A,,EASTERN,PKWY,,,BRADLEY,,,,,38.212464916,-85.747079115,4.282,3/3/2022 12:00:00 AM,2023,2,2,0,0,CLEAR,DRY,False,ANGLE COLLISION - OTHER,ANGLE,CURVE & LEVEL,DARK-HWY LIGHTED/ON,,,3/4/2022 8:07:16 AM,False,5304,Accepted,
29773364,0568000,LOUISVILLE METRO POLICE DEPT,Accepted,JEFFERSON,KY0864,,POPLAR LEVEL,RD,,,,,,,,38.158502876,-85.649602800,6.828,3/3/2022 12:00:00 AM,2129,2,2,0,0,CLEAR,DRY,False,1 VEHICLE ENTERING/LEAVING ENTRANCE,ANGLE,STRAIGHT & LEVEL,DARK-HWY NOT LIGHTED,,,3/4/2022 8:07:19 AM,False,5169,Accepted,
29773354,0568000,LOUISVILLE METRO POLICE DEPT,Accepted,JEFFERSON,,,OAK,ST,W,,23RD,,,,,38.237662830,-85.792653519,2.046,3/3/2022 12:00:00 AM,1807,2,2,0,0,CLEAR,DRY,False,SIDESWIPE-SAME DIRECTION,SIDESWIPE-SAME DIRECTION,STRAIGHT & LEVEL,DAWN,,,3/4/2022 8:06:41 AM,False,5039,Accepted,
29773355,0568000,LOUISVILLE METRO POLICE DEPT,Accepted,JEFFERSON,US0031W,,DIXIE,HWY,,,,,SHIPLEY,,DEPOT,38.040968622,-85.904998891,3.490,3/3/2022 12:00:00 AM,1520,1,1,0,1,CLEAR,DRY,False,COLLISION WITH FIXED OBJECT NON - INTERSECTION - FIRST EVENT COLLISION 09 - 32 EXCLUDING 16,SINGLE VEHICLE,STRAIGHT & LEVEL,DAYLIGHT,,,3/4/2022 8:06:45 AM,False,7336,Accepted,