IncidentID,AgencyORI,AgencyName,IncidentStatusDesc,County,RdwyNumber,Street,RoadwayName,StreetSfx,StreetDir,IntersectionRdwy,IntersectionRdwyName,BetweenStRdwy1,BetweenStRdwyName1,BetweenStRdwy2,BetweenStRdwyName2,Latitude,Longitude,Milepoint,CollisionDate,CollisionTime,UnitsInvolved,MotorVehiclesInvolved,NumberKilled,NumberInjured,Weather,RdwyConditionCode,HitandRun,DirAnalysisCode,MannerofCollision,RdwyCharacter,LightCondition,RampFromRdwyId,RampToRdwyId,AcceptedDate,IsSecondaryCollision,OwnerBadge,IncidentStatus,
29773361,0568000,LOUISVILLE METRO POLICE DEPT,Accepted,JEFFERSON,,,ALTA VISTA,RD,,,BEALS BRANCH,,,,,38.243241156,-85.687532436,0.153,3/3/2022 12:00:00 AM,0540,1,1,0,0,CLEAR,DRY,False,COLLISION WITH ANIMAL IN INTERSECTION,SINGLE VEHICLE,STRAIGHT & LEVEL,DARK-HWY NOT LIGHTED,,,3/4/2022 8:07:10 AM,False,7012,Accepted,
29783590,0568000,LOUISVILLE METRO POLICE DEPT,Accepted,JEFFERSON,,600,6TH,ST,S,,,,,,,38.254150881,-85.760427019,0.188,3/3/2022 12:00:00 AM,1223,2,2,0,0,CLEAR,DRY,False,1 VEHICLE PARKED POSITION (NOT PARKING LOT/DRIVEWAY),REAR END,STRAIGHT & LEVEL,DAYLIGHT,,,3/7/2022 8:21:48 AM,False,5338,Accepted,
29768398,0568000,LOUISVILLE METRO POLICE DEPT,Accepted,JEFFERSON,KY1447,,WESTPORT,RD,,,CREEKSIDE,,,,,38.289307656,-85.568531822,5.441,3/3/2022 12:00:00 AM,0353,1,1,0,0,CLEAR,DRY,False,COLLISION WITH ANIMAL IN INTERSECTION,SINGLE VEHICLE,STRAIGHT & LEVEL,DARK-HWY LIGHTED/ON,,,3/3/2022 8:22:57 AM,False,7408,Accepted,
29768399,0568000,LOUISVILLE METRO POLICE DEPT,Accepted,JEFFERSON,I 0065,,,,,,,,,,,38.205514298,-85.750781483,0.232,3/3/2022 12:00:00 AM,0045,2,2,0,0,CLEAR,DRY,False,OTHER RAMP RELATED COLLISIONS NOT LISTED ABOVE,SIDESWIPE-SAME DIRECTION,STRAIGHT & LEVEL,DARK-HWY LIGHTED/ON,I 0065,CRITTENDEN DR,3/3/2022 8:23:00 AM,False,5302,Accepted,
29769785,0560300,ST. MATTHEWS POLICE DEPARTMENT,Accepted,JEFFERSON,I 0064,,I64 W,,,,,I 0064,I64 W EXIT12 RAMP TO I264 E,I 0064,I64 W EXIT15 ON RAMP TO KY1747,38.225424878,-85.584821432,14.521,3/3/2022 12:00:00 AM,0720,2,2,0,0,CLEAR,DRY,False,SIDESWIPE COLLISION - SAME DIRECTION,SIDESWIPE-SAME DIRECTION,STRAIGHT & LEVEL,DAYLIGHT,,,3/3/2022 2:51:30 PM,False,9138,Accepted,
29773330,0568000,LOUISVILLE METRO POLICE DEPT,Accepted,JEFFERSON,I 0065,,I65 N,,,,,,,,,38.169846764,-85.720555019,129.153,3/3/2022 12:00:00 AM,0902,2,2,0,0,CLEAR,DRY,False,REAR END IN TRAFFIC LANES BOTH VEHICLES MOVING,REAR END,STRAIGHT & LEVEL,DAYLIGHT,,,3/4/2022 8:05:47 AM,False,4903,Accepted,
29773338,0568000,LOUISVILLE METRO POLICE DEPT,Accepted,JEFFERSON,I 0065,,I65 N,,,,,,,,,38.237796049,-85.752724527,134.707,3/3/2022 12:00:00 AM,0941,3,3,0,0,CLEAR,DRY,False,REAR END IN TRAFFIC LANES BOTH VEHICLES MOVING,REAR END,STRAIGHT & LEVEL,DAYLIGHT,,,3/4/2022 8:05:58 AM,False,7772,Accepted,
29773345,0568000,LOUISVILLE METRO POLICE DEPT,Accepted,JEFFERSON,I 0065,,I65 N,,,,,,,,,38.195462576,-85.733161251,131.153,3/3/2022 12:00:00 AM,1210,2,2,0,0,CLEAR,DRY,True,SIDESWIPE COLLISION - SAME DIRECTION,SIDESWIPE-SAME DIRECTION,CURVE & GRADE,DAYLIGHT,,,3/4/2022 8:06:09 AM,False,8278,Accepted,
29773347,0568000,LOUISVILLE METRO POLICE DEPT,Accepted,JEFFERSON,US0060A,,EASTERN,PKWY,,,BARRET,,,,,38.226510765,-85.720421729,6.104,3/3/2022 12:00:00 AM,1441,2,2,0,0,CLEAR,DRY,False,ANGLE COLLISION - OTHER,ANGLE,STRAIGHT & LEVEL,DAYLIGHT,,,3/4/2022 8:06:17 AM,False,7403,Accepted,
29788989,0568000,LOUISVILLE METRO POLICE DEPT,Accepted,JEFFERSON,I 0065,,,,,,,,,,,38.211260023,-85.752660906,0.047,3/3/2022 12:00:00 AM,0045,1,1,0,0,CLEAR,DRY,False,COLLISION WITH FIXED OBJECT NOT IN GORE ,SINGLE VEHICLE,CURVE & LEVEL,DARK-HWY LIGHTED/ON,I 0065,EASTERN PKWY,3/8/2022 10:36:02 AM,False,5378,Accepted,
29788537,0568000,LOUISVILLE METRO POLICE DEPT,Accepted,JEFFERSON,I 0071,,,,,,,,,,,38.314191289,-85.584182926,0.072,3/3/2022 12:00:00 AM,1623,1,1,1,0,CLOUDY,DRY,False,OTHER RAMP RELATED COLLISIONS NOT LISTED ABOVE,SINGLE VEHICLE,CURVE & LEVEL,DAYLIGHT,I 0071,I 0265,3/8/2022 8:32:54 AM,False,2217,Accepted,
29816524,0568000,LOUISVILLE METRO POLICE DEPT,Accepted,JEFFERSON,KY0061,,PRESTON,HWY,,,,,,,,38.113817839,-85.675938781,2.118,3/3/2022 12:00:00 AM,0901,2,2,0,2,CLEAR,DRY,False,REAR END IN TRAFFIC LANES BOTH VEHICLES MOVING,REAR END,STRAIGHT & LEVEL,DAYLIGHT,,,3/15/2022 8:18:26 AM,False,4693,Accepted,
29816564,0568000,LOUISVILLE METRO POLICE DEPT,Accepted,JEFFERSON,,,CLAY,ST,N,,WASHINGTON,,,,,38.255561623,-85.739713234,0.051,3/2/2022 12:00:00 AM,0700,2,2,0,0,CLEAR,DRY,False,ANGLE COLLISION - OTHER,ANGLE,STRAIGHT & LEVEL,DAYLIGHT,,,3/15/2022 8:22:50 AM,False,5371,Accepted,
29790217,0561500,UNIV. OF LOUISVILLE POLICE,Accepted,JEFFERSON,,,CARDINAL,BLVD,E,,BRANDEIS,,,,,38.220095381,-85.756708755,0.063,3/2/2022 12:00:00 AM,2045,2,2,0,0,CLEAR,DRY,False,ANGLE COLLISION - ONE VEHICLE TURNING LEFT,ANGLE,STRAIGHT & LEVEL,DARK-HWY LIGHTED/ON,,,3/8/2022 3:36:27 PM,False,5700,Accepted,
29793201,0568000,LOUISVILLE METRO POLICE DEPT,Accepted,JEFFERSON,,,KURTZ,AVE,,,CAVEN,,,,,38.106980575,-85.687908560,0.220,3/2/2022 12:00:00 AM,1710,2,2,0,2,CLOUDY,DRY,False,ANGLE COLLISION - OTHER,ANGLE,STRAIGHT & LEVEL,DAYLIGHT,,,3/9/2022 8:20:22 AM,False,2583,Accepted,
29768374,0568000,LOUISVILLE METRO POLICE DEPT,Accepted,JEFFERSON,I 0071,,I71 S,,,,,,,,,38.314965169,-85.582097210,9.088,3/2/2022 12:00:00 AM,0841,2,2,0,0,CLEAR,DRY,False,REAR END IN TRAFFIC LANES BOTH VEHICLES MOVING,REAR END,STRAIGHT & LEVEL,DAYLIGHT,,,3/3/2022 8:21:40 AM,False,2346,Accepted,
29768383,0568000,LOUISVILLE METRO POLICE DEPT,Accepted,JEFFERSON,KY1450,,BLUE LICK,RD,,,FOREMAN,,,,,38.129301811,-85.689452471,3.080,3/2/2022 12:00:00 AM,1646,2,2,0,0,CLEAR,DRY,False,OPPOSING LEFT TURN,OPPOSING LEFT TURN,STRAIGHT & LEVEL,DAYLIGHT,,,3/3/2022 8:22:14 AM,False,2324,Accepted,
29768390,0568000,LOUISVILLE METRO POLICE DEPT,Accepted,JEFFERSON,,,28TH,ST,S,,MARKET,,,,,38.259909158,-85.797538751,0.086,3/2/2022 12:00:00 AM,1330,2,2,0,1,CLEAR,DRY,True,COLLISION WITH PARKED VEHICLE,SIDESWIPE-SAME DIRECTION,STRAIGHT & LEVEL,DAYLIGHT,,,3/3/2022 8:22:25 AM,False,5403,Accepted,
29768397,0568000,LOUISVILLE METRO POLICE DEPT,Accepted,JEFFERSON,KY1447,,WESTPORT,RD,,,MURPHY,,,,,38.302037794,-85.532530792,7.562,3/2/2022 12:00:00 AM,1852,3,3,0,0,CLEAR,DRY,False,ANGLE COLLISION - OTHER,ANGLE,STRAIGHT & LEVEL,DARK-HWY LIGHTED/ON,,,3/3/2022 8:22:52 AM,False,2346,Accepted,
29773329,0568000,LOUISVILLE METRO POLICE DEPT,Accepted,JEFFERSON,US0031W,,22ND,ST,S,,ST LOUIS,,,,,38.233701259,-85.790887839,18.512,3/2/2022 12:00:00 AM,1654,2,2,0,2,CLEAR,DRY,True,ANGLE COLLISION - OTHER,ANGLE,STRAIGHT & LEVEL,DAYLIGHT,,,3/4/2022 8:05:43 AM,False,5416,Accepted,
29768382,0568000,LOUISVILLE METRO POLICE DEPT,Accepted,JEFFERSON,,,SHERWOOD,AVE,,,FERNWOOD,,,,,38.231250754,-85.709228237,0.121,3/2/2022 12:00:00 AM,1138,2,2,0,0,CLEAR,DRY,False,ANGLE COLLISION - OTHER,ANGLE,STRAIGHT & LEVEL,DAYLIGHT,,,3/3/2022 8:22:11 AM,False,2228,Accepted,
29768391,0568000,LOUISVILLE METRO POLICE DEPT,Accepted,JEFFERSON,,,CECIL,AVE,,,HALE,,,,,38.241455686,-85.821600710,1.286,3/2/2022 12:00:00 AM,1706,2,2,0,0,CLEAR,DRY,True,OPPOSITE DIRECTION - BOTH VEHICLES GOING STRAIGHT AHEAD,SIDESWIPE-OPPOSITE DIRECTION,STRAIGHT & LEVEL,DAYLIGHT,,,3/3/2022 8:22:29 AM,False,5308,Accepted,
29768392,0568000,LOUISVILLE METRO POLICE DEPT,Accepted,JEFFERSON,US0060A,,3RD,ST,S,,,,,,,38.213353860,-85.762373107,3.382,3/2/2022 12:00:00 AM,1728,3,3,0,0,CLEAR,DRY,False,OTHER ROADWAY OR MID-BLOCK COLLISION,REAR END,STRAIGHT & GRADE,DARK (UNKNOWN ROADWAY LIGHTING),,,3/3/2022 8:22:32 AM,False,7402,Accepted,
29768400,0568000,LOUISVILLE METRO POLICE DEPT,Accepted,JEFFERSON,KY1747,,FERN VALLEY,RD,,,FERN GRADE,,,,,38.157785906,-85.725671143,0.343,3/2/2022 12:00:00 AM,2116,3,3,0,0,CLEAR,DRY,False,OTHER INTERSECTION COLLISIONS,REAR END,STRAIGHT & LEVEL,DARK-HWY LIGHTED/ON,,,3/3/2022 8:23:04 AM,False,5264,Accepted,
29764907,0470400,WEST POINT POLICE DEPARTMENT,Accepted,JEFFERSON,US0031W,,DIXIE,HWY,,,,,,,,38.009535583,-85.931643203,0.835,3/2/2022 12:00:00 AM,0930,2,2,0,0,CLEAR,DRY,False,SIDESWIPE COLLISION - SAME DIRECTION,SIDESWIPE-SAME DIRECTION,STRAIGHT & LEVEL,DAYLIGHT,,,3/2/2022 2:50:03 PM,False,104,Accepted,
29783591,0568000,LOUISVILLE METRO POLICE DEPT,Accepted,JEFFERSON,,,CHESTNUT,ST,W,,4TH,,,,,38.248949504,-85.757852354,2.363,3/2/2022 12:00:00 AM,1208,2,2,0,0,CLEAR,DRY,True,OTHER INTERSECTION COLLISIONS,REAR END,STRAIGHT & LEVEL,DAYLIGHT,,,3/7/2022 8:21:52 AM,False,5338,Accepted,
29773353,0568000,LOUISVILLE METRO POLICE DEPT,Accepted,JEFFERSON,,1010,BLUEGRASS,AVE,,,,,,,,38.179919466,-85.779727030,1.046,3/2/2022 12:00:00 AM,0154,2,2,0,0,CLEAR,DRY,True,REAR END IN TRAFFIC LANES BOTH VEHICLES MOVING,REAR END,STRAIGHT & LEVEL,DARK-HWY LIGHTED/ON,,,3/4/2022 8:06:37 AM,False,5196,Accepted,
29794748,0560000,JEFFERSON COUNTY SHERIFF DEPT.,Accepted,JEFFERSON,,,WIMSATT,WAY,,,,,,,,38.160512366,-85.592720596,0.009,3/2/2022 12:00:00 AM,0239,1,1,0,0,CLEAR,DRY,False,COLLISION WITH FIXED OBJECT NON - INTERSECTION - FIRST EVENT COLLISION 09 - 32 EXCLUDING 16,SINGLE VEHICLE,STRAIGHT & GRADE,DARK-HWY LIGHTED/OFF,,,3/9/2022 3:13:11 PM,False,4024,Accepted,
30263233,0568000,LOUISVILLE METRO POLICE DEPT,Accepted,JEFFERSON,KY2052,,SHEPHERDSVILLE,RD,,,WHISPERING HILLS,,,,,38.148607284,-85.659913800,0.689,3/2/2022 12:00:00 AM,2153,2,2,0,0,CLEAR,DRY,True,ANGLE COLLISION - OTHER,ANGLE,STRAIGHT & LEVEL,DARK-HWY LIGHTED/ON,,,7/5/2022 8:39:22 AM,False,7106,Accepted,
29773358,0568000,LOUISVILLE METRO POLICE DEPT,Accepted,JEFFERSON,I 0264,,,,,,,,,,,38.206696839,-85.828570667,0.124,3/2/2022 12:00:00 AM,1700,3,3,0,1,CLEAR,DRY,False,OTHER ROADWAY OR MID-BLOCK COLLISION,REAR END,STRAIGHT & GRADE,DAYLIGHT,,,3/4/2022 8:06:59 AM,True,7150,Accepted,
29773359,0568000,LOUISVILLE METRO POLICE DEPT,Accepted,JEFFERSON,,,MARGEE,DR,,KY1934,CANE RUN,,,,,38.192466959,-85.846285378,0.005,3/2/2022 12:00:00 AM,2228,1,1,0,0,CLEAR,DRY,True,OTHER INTERSECTION COLLISIONS,SINGLE VEHICLE,STRAIGHT & LEVEL,DARK-HWY LIGHTED/ON,,,3/4/2022 8:07:04 AM,False,5325,Accepted,
29768395,0568000,LOUISVILLE METRO POLICE DEPT,Accepted,JEFFERSON,,801,GAGEL,AVE,,,,,,,,38.172467393,-85.802695539,1.092,3/2/2022 12:00:00 AM,1544,2,1,0,1,CLEAR,DRY,False,COLLISION WITH PEDESTRIAN NON - INTERSECTION,SINGLE VEHICLE,CURVE & HILLCREST,DAYLIGHT,,,3/3/2022 8:22:44 AM,False,5420,Accepted,
29768396,0568000,LOUISVILLE METRO POLICE DEPT,Accepted,JEFFERSON,I 0265,,,,,,,,,,,38.308887807,-85.573181764,0.029,3/2/2022 12:00:00 AM,1632,2,2,0,1,CLEAR,DRY,False,OTHER RAMP RELATED COLLISIONS NOT LISTED ABOVE,REAR END,STRAIGHT & GRADE,DAYLIGHT,KY0022,I 0265,3/3/2022 8:22:49 AM,False,7483,Accepted,
29773331,0568000,LOUISVILLE METRO POLICE DEPT,Accepted,JEFFERSON,US0150,,BROADWAY,,W,,,,ROY WILKINS,,10TH,38.247039053,-85.766956225,1.911,3/2/2022 12:00:00 AM,1309,1,1,0,1,CLEAR,DRY,False,OCCUPANT FELL FROM MOVING VEHICLE,SINGLE VEHICLE,STRAIGHT & LEVEL,DAYLIGHT,,,3/4/2022 8:05:51 AM,False,2764,Accepted,
29773349,0568000,LOUISVILLE METRO POLICE DEPT,Accepted,JEFFERSON,,,GOOSE CREEK,RD,,,MURRAY HILL,,,,,38.293354773,-85.586975513,0.590,3/2/2022 12:00:00 AM,1534,2,2,0,2,CLEAR,DRY,False,REAR END - ONE VEHICLE TURNING LEFT,REAR END,CURVE & GRADE,DAYLIGHT,,,3/4/2022 8:06:23 AM,False,7633,Accepted,
29773350,0568000,LOUISVILLE METRO POLICE DEPT,Accepted,JEFFERSON,KY0061,,BRANDEIS,AVE,E,KY0061,PRESTON,,,,,38.219745981,-85.747959909,10.653,3/2/2022 12:00:00 AM,0658,2,2,0,0,CLEAR,DRY,False,OTHER INTERSECTION COLLISIONS,REAR END,STRAIGHT & LEVEL,DAYLIGHT,,,3/4/2022 8:06:27 AM,False,5052,Accepted,
29768402,0568000,LOUISVILLE METRO POLICE DEPT,Accepted,JEFFERSON,KY1932,,BRECKENRIDGE,LN,,,HIKES,,,,,38.218022599,-85.628444362,2.683,3/2/2022 12:00:00 AM,1946,6,6,0,3,CLEAR,DRY,False,OTHER INTERSECTION COLLISIONS,REAR END,STRAIGHT & LEVEL,DAWN,,,3/3/2022 8:23:15 AM,False,5363,Accepted,
29768393,0568000,LOUISVILLE METRO POLICE DEPT,Accepted,JEFFERSON,US0031E,,BARDSTOWN,RD,,KY1747,HURSTBOURNE,,,,,38.168948406,-85.605315744,7.234,3/2/2022 12:00:00 AM,,2,2,0,0,CLEAR,DRY,True,OTHER INTERSECTION COLLISIONS,REAR END,STRAIGHT & GRADE,DAYLIGHT,,,3/3/2022 8:22:36 AM,False,2321,Accepted,
29768394,0568000,LOUISVILLE METRO POLICE DEPT,Accepted,JEFFERSON,KY1020,8204,NATIONAL,TPKE,,,,,,,,38.130026146,-85.750250248,3.882,3/2/2022 12:00:00 AM,1542,2,2,0,1,CLEAR,DRY,False,1 VEHICLE ENTERING/LEAVING ENTRANCE,ANGLE,STRAIGHT & LEVEL,DAYLIGHT,,,3/3/2022 8:22:39 AM,False,7263,Accepted,
29768378,0568000,LOUISVILLE METRO POLICE DEPT,Accepted,JEFFERSON,KY2056,,BELLS,LN,,,BELQUIN,,,,,38.222403103,-85.821053237,1.110,3/2/2022 12:00:00 AM,0857,2,2,0,0,CLEAR,DRY,False,SIDESWIPE-SAME DIRECTION,SIDESWIPE-SAME DIRECTION,STRAIGHT & LEVEL,DAYLIGHT,,,3/3/2022 8:21:57 AM,False,5161,Accepted,
29768385,0568000,LOUISVILLE METRO POLICE DEPT,Accepted,JEFFERSON,,2923,GRINSTEAD,DR,,,,,,,,38.252328858,-85.685617705,1.195,3/2/2022 12:00:00 AM,1524,2,2,0,0,CLEAR,DRY,False,1 VEHICLE PARKED POSITION (NOT PARKING LOT/DRIVEWAY),SIDESWIPE-SAME DIRECTION,STRAIGHT & LEVEL,DAYLIGHT,,,3/3/2022 8:22:17 AM,False,7403,Accepted,
29768388,0568000,LOUISVILLE METRO POLICE DEPT,Accepted,JEFFERSON,US0031W,,MAIN,ST,W,US0150,21ST,,,,,38.259742998,-85.784695853,20.388,3/2/2022 12:00:00 AM,0820,2,2,0,1,CLEAR,DRY,False,ANGLE COLLISION - OTHER,ANGLE,STRAIGHT & LEVEL,DAYLIGHT,,,3/3/2022 8:22:21 AM,False,5403,Accepted,
29768403,0568000,LOUISVILLE METRO POLICE DEPT,Accepted,JEFFERSON,,,36TH,ST,S,,DUMESNIL,,,,,38.237899666,-85.813836036,1.334,3/2/2022 12:00:00 AM,1123,2,2,0,0,CLEAR,DRY,True,ANGLE COLLISION - OTHER,ANGLE,STRAIGHT & LEVEL,DAYLIGHT,,,3/3/2022 8:23:21 AM,False,7329,Accepted,
29768660,0561500,UNIV. OF LOUISVILLE POLICE,Accepted,JEFFERSON,,,BRANDEIS,AVE,E,,FLOYD,,,,,38.218625223,-85.753974742,0.278,3/2/2022 12:00:00 AM,0751,1,1,0,0,CLEAR,DRY,False,OTHER INTERSECTION COLLISIONS,SINGLE VEHICLE,CURVE & LEVEL,DAYLIGHT,,,3/3/2022 9:44:16 AM,False,5712,Accepted,
29773348,0568000,LOUISVILLE METRO POLICE DEPT,Accepted,JEFFERSON,KY2241,3920,WILLIS,AVE,,,,,,,,38.251893508,-85.653352523,0.049,3/2/2022 12:00:00 AM,1430,1,1,0,0,CLEAR,DRY,False,COLLISION WITH FIXED OBJECT NON - INTERSECTION - FIRST EVENT COLLISION 09 - 32 EXCLUDING 16,SINGLE VEHICLE,STRAIGHT & LEVEL,DAYLIGHT,,,3/4/2022 8:06:20 AM,False,2673,Accepted,
29773356,0568000,LOUISVILLE METRO POLICE DEPT,Accepted,JEFFERSON,,3719,KAHLERT,AVE,,,,,,,,38.188672751,-85.787467130,0.488,3/2/2022 12:00:00 AM,0811,2,2,0,0,CLEAR,DRY,True,1 VEHICLE PARKED POSITION (NOT PARKING LOT/DRIVEWAY),ANGLE,STRAIGHT & LEVEL,DAYLIGHT,,,3/4/2022 8:06:48 AM,False,7257,Accepted,
29768162,0560300,ST. MATTHEWS POLICE DEPARTMENT,Accepted,JEFFERSON,US0060,5000,SHELBYVILLE,RD,,,,,,,,38.250130834,-85.623693457,5.303,3/2/2022 12:00:00 AM,1500,2,2,0,0,CLEAR,DRY,False,COLLISION IN PARKING LOT,SIDESWIPE-SAME DIRECTION,STRAIGHT & LEVEL,DAYLIGHT,,,3/3/2022 7:27:22 AM,False,9171,Accepted,
29763415,0568000,LOUISVILLE METRO POLICE DEPT,Accepted,JEFFERSON,KY2052,,SHEPHERDSVILLE,RD,,,GEORGIA,,,,,38.146547673,-85.660029449,0.544,3/1/2022 12:00:00 AM,0705,2,2,0,0,CLEAR,DRY,False,ANGLE COLLISION - OTHER,ANGLE,STRAIGHT & LEVEL,DAWN,,,3/2/2022 8:14:20 AM,False,4693,Accepted,
29763416,0568000,LOUISVILLE METRO POLICE DEPT,Accepted,JEFFERSON,KY0864,,GOSS,AVE,,,,,,,,38.224166194,-85.730476582,13.737,3/1/2022 12:00:00 AM,1322,3,3,0,0,CLEAR,DRY,True,REAR END IN TRAFFIC LANES BOTH VEHICLES MOVING,REAR END,STRAIGHT & LEVEL,DAYLIGHT,,,3/2/2022 8:14:24 AM,False,4693,Accepted,
29763423,0568000,LOUISVILLE METRO POLICE DEPT,Accepted,JEFFERSON,,,GALT,AVE,S,,,,,,,38.251894024,-85.696011037,0.172,3/1/2022 12:00:00 AM,1445,2,2,0,0,CLEAR,DRY,False,1 VEHICLE PARKED POSITION (NOT PARKING LOT/DRIVEWAY),SIDESWIPE-SAME DIRECTION,STRAIGHT & LEVEL,DAYLIGHT,,,3/2/2022 8:14:44 AM,False,7028,Accepted,
29763424,0568000,LOUISVILLE METRO POLICE DEPT,Accepted,JEFFERSON,,338,42ND,ST,S,,,,,,,38.260476531,-85.819984473,0.334,3/1/2022 12:00:00 AM,1726,3,3,0,0,CLEAR,DRY,False,1 VEHICLE PARKED POSITION (NOT PARKING LOT/DRIVEWAY),SIDESWIPE-SAME DIRECTION,STRAIGHT & LEVEL,DAYLIGHT,,,3/2/2022 8:14:48 AM,False,5282,Accepted,
29763432,0568000,LOUISVILLE METRO POLICE DEPT,Accepted,JEFFERSON,,,15TH,ST,S,US0150,BROADWAY,,,,,38.248213810,-85.776554095,1.585,3/1/2022 12:00:00 AM,0941,3,3,0,2,CLEAR,DRY,False,ANGLE COLLISION - OTHER,ANGLE,STRAIGHT & LEVEL,DAYLIGHT,,,3/2/2022 8:15:10 AM,False,7325,Accepted,
29763413,0568000,LOUISVILLE METRO POLICE DEPT,Accepted,JEFFERSON,I 0264,,I264 W,,,,,,,,,38.195039602,-85.708675671,13.307,3/1/2022 12:00:00 AM,1213,2,2,0,0,CLEAR,DRY,False,SIDESWIPE COLLISION - SAME DIRECTION,SIDESWIPE-SAME DIRECTION,STRAIGHT & LEVEL,DAYLIGHT,,,3/2/2022 8:14:12 AM,False,4903,Accepted,
29763422,0568000,LOUISVILLE METRO POLICE DEPT,Accepted,JEFFERSON,KY1747,,FERN VALLEY,RD,,,JEFFERSON,,,,,38.156977945,-85.671556621,3.339,3/1/2022 12:00:00 AM,0515,2,2,0,0,CLEAR,DRY,True,SIDESWIPE-SAME DIRECTION,SIDESWIPE-SAME DIRECTION,STRAIGHT & LEVEL,DAYLIGHT,,,3/2/2022 8:14:41 AM,False,7354,Accepted,
29758527,0568000,LOUISVILLE METRO POLICE DEPT,Accepted,JEFFERSON,,4100,NAOMI,DR,,,,,,,,38.164390754,-85.685620039,0.305,3/1/2022 12:00:00 AM,0054,2,1,0,1,CLEAR,DRY,False,COLLISION WITH PEDESTRIAN NON - INTERSECTION,SINGLE VEHICLE,STRAIGHT & LEVEL,DARK-HWY NOT LIGHTED,,,3/1/2022 8:46:55 AM,False,5418,Accepted,
29783611,0568000,LOUISVILLE METRO POLICE DEPT,Accepted,JEFFERSON,KY1931,,ST ANDREWS CHURCH,RD,,,ST ANTHONY CHURCH,,,,,38.150658635,-85.821733768,4.269,3/1/2022 12:00:00 AM,2334,2,2,0,0,CLEAR,DRY,False,ANGLE COLLISION - OTHER,ANGLE,STRAIGHT & LEVEL,DARK (UNKNOWN ROADWAY LIGHTING),,,3/7/2022 8:22:34 AM,False,5312,Accepted,
29766764,0561000,JEFFERSONTOWN POLICE DEPT,Accepted,JEFFERSON,KY0155,,TAYLORSVILLE,RD,,,,,WILLOWVIEW,,CHENOWETH RUN,38.189297095,-85.556552150,8.723,3/1/2022 12:00:00 AM,1816,2,2,0,0,CLEAR,DRY,False,VEHICLE BACKING NON INTERSECTION,BACKING,STRAIGHT & GRADE,DAYLIGHT,,,3/2/2022 11:24:07 PM,False,8265,Accepted,
29768379,0568000,LOUISVILLE METRO POLICE DEPT,Accepted,JEFFERSON,I 0265,,I265 W,,,,,,,,,38.119563167,-85.635288866,14.000,3/1/2022 12:00:00 AM,1730,2,2,0,0,CLEAR,DRY,False,OTHER ROADWAY OR MID-BLOCK COLLISION,REAR END,STRAIGHT & LEVEL,DAYLIGHT,,,3/3/2022 8:22:01 AM,False,7751,Accepted,
29763441,0568000,LOUISVILLE METRO POLICE DEPT,Accepted,JEFFERSON,,,LOWER HUNTERS,TRCE,,KY1727,TERRY,,,,,38.164775472,-85.865561673,1.841,3/1/2022 12:00:00 AM,2245,1,1,0,0,CLEAR,DRY,False,NON-COLLISION OBJECT COLLISION,SINGLE VEHICLE,STRAIGHT & LEVEL,DARK (UNKNOWN ROADWAY LIGHTING),,,3/2/2022 8:15:48 AM,False,5220,Accepted,
29763681,0561500,UNIV. OF LOUISVILLE POLICE,Accepted,JEFFERSON,,,2ND,ST,S,,CENTRAL STATION,,,,,38.204542566,-85.763196362,2.410,3/1/2022 12:00:00 AM,1104,2,2,0,1,CLEAR,DRY,False,ANGLE COLLISION - OTHER,ANGLE,STRAIGHT & GRADE,DAYLIGHT,,,3/2/2022 9:20:18 AM,False,5712,Accepted,
29768371,0568000,LOUISVILLE METRO POLICE DEPT,Accepted,JEFFERSON,US0060A,,EASTERN,PKWY,,,BURNETT,,,,,38.218882838,-85.735276213,5.069,3/1/2022 12:00:00 AM,2235,2,2,0,1,CLOUDY,DRY,False,OPPOSING LEFT TURN,OPPOSING LEFT TURN,STRAIGHT & LEVEL,DARK-HWY LIGHTED/ON,,,3/3/2022 8:21:26 AM,False,5236,Accepted,
29768401,0568000,LOUISVILLE METRO POLICE DEPT,Accepted,JEFFERSON,,,KENTUCKY,ST,W,,8TH,,,,,38.240242617,-85.766547553,3.147,3/1/2022 12:00:00 AM,2315,1,1,0,0,CLEAR,DRY,False,COLLISION WITH FIXED OBJECT IN INTERSECTION - FIRST EVENT COLLISION 09 - 32,SINGLE VEHICLE,STRAIGHT & LEVEL,DARK-HWY LIGHTED/ON,,,3/3/2022 8:23:08 AM,False,5373,Accepted,
29812843,0568000,LOUISVILLE METRO POLICE DEPT,Accepted,JEFFERSON,KY1747,,FERN VALLEY,RD,,,JEFFERSON,,,,,38.156706161,-85.671428069,3.319,3/1/2022 12:00:00 AM,1643,5,1,0,1,CLEAR,DRY,False,ANGLE COLLISION - OTHER,ANGLE,STRAIGHT & LEVEL,DAYLIGHT,,,3/14/2022 12:25:39 PM,False,2324,Accepted,