IncidentID,AgencyORI,AgencyName,IncidentStatusDesc,County,RdwyNumber,Street,RoadwayName,StreetSfx,StreetDir,IntersectionRdwy,IntersectionRdwyName,BetweenStRdwy1,BetweenStRdwyName1,BetweenStRdwy2,BetweenStRdwyName2,Latitude,Longitude,Milepoint,CollisionDate,CollisionTime,UnitsInvolved,MotorVehiclesInvolved,NumberKilled,NumberInjured,Weather,RdwyConditionCode,HitandRun,DirAnalysisCode,MannerofCollision,RdwyCharacter,LightCondition,RampFromRdwyId,RampToRdwyId,AcceptedDate,IsSecondaryCollision,OwnerBadge,IncidentStatus,
29758540,0568000,LOUISVILLE METRO POLICE DEPT,Accepted,JEFFERSON,US0031E,,BARDSTOWN,RD,,,,,,,,38.189746596,-85.642555852,9.780,3/1/2022 12:00:00 AM,0630,2,2,0,0,CLEAR,DRY,False,1 VEHICLE ENTERING/LEAVING ENTRANCE,ANGLE,STRAIGHT & LEVEL,DAYLIGHT,,,3/1/2022 8:47:20 AM,False,5153,Accepted,
29763419,0568000,LOUISVILLE METRO POLICE DEPT,Accepted,JEFFERSON,,,MARKET,ST,W,,32ND,,,,,38.260659121,-85.804365576,0.983,3/1/2022 12:00:00 AM,0923,1,1,0,0,CLEAR,DRY,False,COLLISION WITH FIXED OBJECT IN INTERSECTION - FIRST EVENT COLLISION 09 - 32,SINGLE VEHICLE,STRAIGHT & LEVEL,DAYLIGHT,,,3/2/2022 8:14:34 AM,False,5407,Accepted,
29763420,0568000,LOUISVILLE METRO POLICE DEPT,Accepted,JEFFERSON,,,FOREMAN,LN,,KY1450,BLUE LICK,,,,,38.129298608,-85.689435310,0.673,3/1/2022 12:00:00 AM,0752,2,2,0,0,CLEAR,DRY,False,OPPOSITE DIRECTION - BOTH VEHICLES GOING STRAIGHT AHEAD,SIDESWIPE-OPPOSITE DIRECTION,STRAIGHT & LEVEL,DAYLIGHT,,,3/2/2022 8:14:38 AM,False,7354,Accepted,
29763427,0568000,LOUISVILLE METRO POLICE DEPT,Accepted,JEFFERSON,KY0907,,3RD ST,RD,,KY1865,NEW CUT,,,,,38.145790785,-85.775315651,6.306,3/1/2022 12:00:00 AM,1543,2,2,0,0,CLEAR,DRY,False,OPPOSING LEFT TURN,OPPOSING LEFT TURN,STRAIGHT & LEVEL,DAYLIGHT,,,3/2/2022 8:14:59 AM,False,7234,Accepted,
29783575,0568000,LOUISVILLE METRO POLICE DEPT,Accepted,JEFFERSON,,6703,SIX MILE,LN,,,,,,,,38.197568898,-85.627399759,1.462,3/1/2022 12:00:00 AM,1752,2,2,0,0,CLEAR,DRY,False,OTHER ROADWAY OR MID-BLOCK COLLISION,OPPOSING LEFT TURN,STRAIGHT & LEVEL,DAYLIGHT,,,3/7/2022 8:20:47 AM,False,5288,Accepted,
29783616,0568000,LOUISVILLE METRO POLICE DEPT,Accepted,JEFFERSON,,,MCCAWLEY,RD,,,,,,,,38.144708163,-85.680477493,0.534,3/1/2022 12:00:00 AM,1530,2,2,0,0,CLEAR,DRY,True,COLLISION IN PARKING LOT,SIDESWIPE-SAME DIRECTION,STRAIGHT & LEVEL,DAYLIGHT,,,3/7/2022 8:22:54 AM,False,7415,Accepted,
29763417,0568000,LOUISVILLE METRO POLICE DEPT,Accepted,JEFFERSON,KY0841,,GENE SNYDER,FWY,,,,,,,,38.315490964,-85.582973977,34.793,3/1/2022 12:00:00 AM,1530,1,1,0,1,CLEAR,DRY,False,COLLISION WITH FIXED OBJECT NON - INTERSECTION - FIRST EVENT COLLISION 09 - 32 EXCLUDING 16,SINGLE VEHICLE,STRAIGHT & LEVEL,DAYLIGHT,,,3/2/2022 8:14:28 AM,False,2346,Accepted,
29763425,0568000,LOUISVILLE METRO POLICE DEPT,Accepted,JEFFERSON,I 0265,,I265 W,,,,,,,,,38.127298193,-85.607666050,15.601,3/1/2022 12:00:00 AM,1759,2,2,0,0,CLEAR,DRY,False,OTHER ROADWAY OR MID-BLOCK COLLISION,REAR END,STRAIGHT & LEVEL,DAYLIGHT,,,3/2/2022 8:14:52 AM,False,2142,Accepted,
29763426,0568000,LOUISVILLE METRO POLICE DEPT,Accepted,JEFFERSON,KY1865,,NEW CUT,RD,,KY0907,SOUTHSIDE,,,,,38.145802493,-85.775349529,2.673,3/1/2022 12:00:00 AM,1522,3,3,0,0,CLEAR,DRY,False,OTHER INTERSECTION COLLISIONS,REAR END,STRAIGHT & LEVEL,DAYLIGHT,,,3/2/2022 8:14:56 AM,False,7483,Accepted,
29763433,0568000,LOUISVILLE METRO POLICE DEPT,Accepted,JEFFERSON,US0060,3200,FRANKFORT,AVE,,,,,,,,38.254338510,-85.675589833,2.453,3/1/2022 12:00:00 AM,2255,2,2,0,0,BLOWING SAND/SOIL/DIRT/SNOW,DRY,True,1 VEHICLE PARKED POSITION (NOT PARKING LOT/DRIVEWAY),REAR END,STRAIGHT & LEVEL,DARK-HWY LIGHTED/ON,,,3/2/2022 8:15:16 AM,False,2034,Accepted,
29763428,0568000,LOUISVILLE METRO POLICE DEPT,Accepted,JEFFERSON,US0031W,,DIXIE,HWY,,,,,,,,38.144849094,-85.839031521,11.772,3/1/2022 12:00:00 AM,1853,3,3,0,1,CLEAR,DRY,False,SIDESWIPE COLLISION - SAME DIRECTION,SIDESWIPE-SAME DIRECTION,STRAIGHT & LEVEL,DUSK,,,3/2/2022 8:15:03 AM,False,7234,Accepted,
29763436,0568000,LOUISVILLE METRO POLICE DEPT,Accepted,JEFFERSON,,,WINGFIELD,LN,,,BEECH,,,,,38.219606885,-85.805688361,0.617,3/1/2022 12:00:00 AM,2351,1,1,0,1,CLEAR,DRY,False,COLLISION WITH FIXED OBJECT IN INTERSECTION - FIRST EVENT COLLISION 09 - 32,SINGLE VEHICLE,STRAIGHT & LEVEL,DARK-HWY LIGHTED/ON,,,3/2/2022 8:15:26 AM,False,5303,Accepted,
29763437,0568000,LOUISVILLE METRO POLICE DEPT,Accepted,JEFFERSON,KY0155,3300,TAYLORSVILLE,RD,,,,,,,,38.221884808,-85.654371675,14.884,3/1/2022 12:00:00 AM,1927,3,3,0,2,CLEAR,DRY,False,SIDESWIPE COLLISION - SAME DIRECTION,SIDESWIPE-SAME DIRECTION,STRAIGHT & LEVEL,DARK-HWY LIGHTED/ON,,,3/2/2022 8:15:30 AM,False,2034,Accepted,
29768375,0568000,LOUISVILLE METRO POLICE DEPT,Accepted,JEFFERSON,,,MAGNOLIA,AVE,W,,6TH,,,,,38.229455078,-85.764678171,0.455,3/1/2022 12:00:00 AM,1408,2,2,0,0,CLEAR,DRY,False,OTHER INTERSECTION COLLISIONS,REAR END,STRAIGHT & LEVEL,DAYLIGHT,,,3/3/2022 8:21:44 AM,False,2745,Accepted,
29773346,0568000,LOUISVILLE METRO POLICE DEPT,Accepted,JEFFERSON,I 0264,,I264 W,,,,,,,,,38.185939663,-85.804837220,8.028,3/1/2022 12:00:00 AM,1619,2,2,0,0,CLOUDY,DRY,False,REAR END IN TRAFFIC LANES BOTH VEHICLES MOVING,REAR END,STRAIGHT & GRADE,DAYLIGHT,,,3/4/2022 8:06:12 AM,False,8278,Accepted,
29773335,0568000,LOUISVILLE METRO POLICE DEPT,Accepted,JEFFERSON,,,BROADWAY,,W,,27TH,,,,,38.249494989,-85.796527588,0.453,3/1/2022 12:00:00 AM,1848,2,1,0,1,CLEAR,DRY,False,COLLISION WITH PEDESTRIAN IN INTERSECTION,SINGLE VEHICLE,STRAIGHT & LEVEL,DUSK,,,3/4/2022 8:05:54 AM,False,7772,Accepted,
29783664,0568000,LOUISVILLE METRO POLICE DEPT,Accepted,JEFFERSON,KY1865,,TAYLOR,BLVD,,,WALTER,,,,,38.175933576,-85.782712236,4.756,3/1/2022 12:00:00 AM,1758,2,2,0,0,CLEAR,DRY,True,ANGLE COLLISION - ONE VEHICLE TURNING LEFT,ANGLE,STRAIGHT & LEVEL,DAYLIGHT,,,3/7/2022 8:25:18 AM,False,5123,Accepted,
29821619,0568000,LOUISVILLE METRO POLICE DEPT,Accepted,JEFFERSON,I 0071,,I71 S,,,,,,,,,38.305916525,-85.600089280,7.917,3/1/2022 12:00:00 AM,0756,2,2,0,1,CLEAR,DRY,False,REAR END IN TRAFFIC LANES BOTH VEHICLES MOVING,REAR END,STRAIGHT & LEVEL,DAYLIGHT,,,3/16/2022 8:15:44 AM,False,4903,Accepted,
29821629,0568000,LOUISVILLE METRO POLICE DEPT,Accepted,JEFFERSON,,,24TH,ST,S,,JEFFERSON,,,,,38.257612307,-85.790555795,0.187,3/1/2022 12:00:00 AM,1430,2,2,0,0,CLEAR,DRY,False,ANGLE COLLISION - OTHER,ANGLE,STRAIGHT & LEVEL,DAYLIGHT,,,3/16/2022 8:16:15 AM,False,5108,Accepted,
29813420,0560600,WEST BUECHEL POLICE DEPT.,Accepted,JEFFERSON,,,PRODUCE,RD,,,PETERSBURG,,,,,38.189719214,-85.672366676,1.291,3/1/2022 12:00:00 AM,1743,2,1,0,0,CLEAR,DRY,False,ANGLE COLLISION - ONE VEHICLE TURNING LEFT,ANGLE,STRAIGHT & LEVEL,DAYLIGHT,,,3/14/2022 2:22:35 PM,False,1290,Accepted,
29758473,0568000,LOUISVILLE METRO POLICE DEPT,Accepted,JEFFERSON,,,INDIAN,TRL,E,,,,,,,38.171486690,-85.685123718,1.190,2/28/2022 12:00:00 AM,1113,2,2,0,1,CLEAR,DRY,False,REAR END IN TRAFFIC LANES BOTH VEHICLES MOVING,REAR END,STRAIGHT & LEVEL,DAYLIGHT,,,3/1/2022 8:44:47 AM,False,4693,Accepted,
29758480,0568000,LOUISVILLE METRO POLICE DEPT,Accepted,JEFFERSON,,,REHL,RD,,,GRAND LAKES,,,,,38.202442137,-85.521526338,0.965,2/28/2022 12:00:00 AM,1502,2,2,0,0,CLEAR,DRY,False,ANGLE COLLISION - OTHER,ANGLE,CURVE & HILLCREST,DAYLIGHT,,,3/1/2022 8:45:09 AM,False,7803,Accepted,
29758481,0568000,LOUISVILLE METRO POLICE DEPT,Accepted,JEFFERSON,,,GRADE,LN,,,CRITTENDEN,,,,,38.154831598,-85.733082333,2.311,2/28/2022 12:00:00 AM,1535,2,2,0,0,CLEAR,DRY,False,ANGLE COLLISION - OTHER,ANGLE,STRAIGHT & LEVEL,DAYLIGHT,,,3/1/2022 8:45:14 AM,False,7269,Accepted,
29758487,0568000,LOUISVILLE METRO POLICE DEPT,Accepted,JEFFERSON,,8101,SHEPHERDSVILLE,RD,,,,,,,,38.132664852,-85.659510163,0.454,2/28/2022 12:00:00 AM,1735,2,2,0,0,CLEAR,DRY,False,REAR END IN TRAFFIC LANES BOTH VEHICLES MOVING,REAR END,STRAIGHT & LEVEL,DAYLIGHT,,,3/1/2022 8:45:37 AM,False,7799,Accepted,
29758505,0568000,LOUISVILLE METRO POLICE DEPT,Accepted,JEFFERSON,US0031W,,DIXIE,HWY,,,,,,,,38.153127801,-85.836016630,12.258,2/28/2022 12:00:00 AM,1643,2,2,0,0,CLOUDY,DRY,False,REAR END IN TRAFFIC LANES BOTH VEHICLES MOVING,REAR END,STRAIGHT & LEVEL,DAYLIGHT,,,3/1/2022 8:46:16 AM,False,7234,Accepted,
29758506,0568000,LOUISVILLE METRO POLICE DEPT,Accepted,JEFFERSON,US0031E,2108,BARDSTOWN,RD,,,,,,,,38.225159824,-85.695155814,13.718,2/28/2022 12:00:00 AM,1446,2,2,0,0,CLEAR,DRY,False,SIDESWIPE COLLISION - SAME DIRECTION,SIDESWIPE-SAME DIRECTION,STRAIGHT & HILLCREST,DAYLIGHT,,,3/1/2022 8:46:20 AM,False,7960,Accepted,
29758546,0568000,LOUISVILLE METRO POLICE DEPT,Accepted,JEFFERSON,KY1020,,3RD,ST,S,,,,,,,38.230938703,-85.759390215,11.048,2/28/2022 12:00:00 AM,1029,2,2,0,0,CLEAR,DRY,False,SIDESWIPE COLLISION - SAME DIRECTION,SIDESWIPE-SAME DIRECTION,STRAIGHT & LEVEL,DAYLIGHT,,,3/1/2022 8:47:34 AM,False,5258,Accepted,
29758548,0568000,LOUISVILLE METRO POLICE DEPT,Accepted,JEFFERSON,KY1020,,3RD,ST,S,,,,,,,38.226256229,-85.760164591,10.729,2/28/2022 12:00:00 AM,1336,2,2,0,1,CLEAR,DRY,False,REAR END IN TRAFFIC LANES BOTH VEHICLES MOVING,REAR END,STRAIGHT & LEVEL,DAYLIGHT,,,3/1/2022 8:47:37 AM,False,5258,Accepted,
29773344,0568000,LOUISVILLE METRO POLICE DEPT,Accepted,JEFFERSON,I 0265,,I265 N,,,,,,,,,38.314009871,-85.580040603,34.604,2/28/2022 12:00:00 AM,1527,2,2,0,0,CLEAR,DRY,True,REAR END IN TRAFFIC LANES BOTH VEHICLES MOVING,REAR END,STRAIGHT & LEVEL,DAYLIGHT,,,3/4/2022 8:06:06 AM,False,8278,Accepted,
29783656,0568000,LOUISVILLE METRO POLICE DEPT,Accepted,JEFFERSON,I 0264,,I264 W,,,,,I 0264,I264 W EXIT14 ON RAMP FROM KY864 N,I 0264,I264 W EXIT14 OFF RAMP TO KY864 S,38.197260762,-85.705266922,13.547,2/28/2022 12:00:00 AM,1552,2,2,0,1,CLEAR,DRY,False,REAR END IN TRAFFIC LANES BOTH VEHICLES MOVING,REAR END,STRAIGHT & LEVEL,DAYLIGHT,,,3/7/2022 8:24:43 AM,False,7938,Accepted,
29783574,0568000,LOUISVILLE METRO POLICE DEPT,Accepted,JEFFERSON,,,YORK,ST,,KY1020,2ND,,,,,38.243831411,-85.755403426,0.545,2/28/2022 12:00:00 AM,1517,2,2,0,0,CLEAR,DRY,False,HEAD-ON COLLISION,HEAD ON,STRAIGHT & LEVEL,DAYLIGHT,,,3/7/2022 8:20:43 AM,False,7132,Accepted,
29760711,0561000,JEFFERSONTOWN POLICE DEPT,Accepted,JEFFERSON,KY0913,,BLANKENBAKER,PKWY,,,CAPITAL,,,,,38.207179633,-85.538394816,1.710,2/28/2022 12:00:00 AM,1806,2,2,0,0,CLEAR,DRY,False,SIDESWIPE-SAME DIRECTION,SIDESWIPE-SAME DIRECTION,STRAIGHT & LEVEL,DAYLIGHT,,,3/1/2022 4:33:27 PM,False,8265,Accepted,
29758470,0568000,LOUISVILLE METRO POLICE DEPT,Accepted,JEFFERSON,KY2053,,THIXTON,LN,,,,,OLD BARDSTOWN,,INDEPENDENCE SCHOOL,38.100370563,-85.570153847,6.926,2/28/2022 12:00:00 AM,0812,2,2,0,0,CLEAR,DRY,True,SIDESWIPE COLLISION - OPPOSITE DIRECTION,SIDESWIPE-OPPOSITE DIRECTION,STRAIGHT & HILLCREST,DAYLIGHT,,,3/1/2022 8:44:34 AM,False,2017,Accepted,
29753531,0568000,LOUISVILLE METRO POLICE DEPT,Accepted,JEFFERSON,KY1631,,CRITTENDEN,DR,,,,,,,,38.208509239,-85.751051874,1.395,2/28/2022 12:00:00 AM,0505,1,1,0,0,CLEAR,DRY,False,COLLISION WITH FIXED OBJECT NON - INTERSECTION - FIRST EVENT COLLISION 09 - 32 EXCLUDING 16,SINGLE VEHICLE,STRAIGHT & LEVEL,DARK-HWY LIGHTED/ON,,,2/28/2022 8:40:37 AM,False,7972,Accepted,
29753532,0568000,LOUISVILLE METRO POLICE DEPT,Accepted,JEFFERSON,I 0065,,I65 N,,,,,,,,,38.208874528,-85.752447380,132.670,2/28/2022 12:00:00 AM,0717,2,2,0,0,CLEAR,DRY,False,SIDESWIPE COLLISION - SAME DIRECTION,SIDESWIPE-SAME DIRECTION,CURVE & LEVEL,DAYLIGHT,,,2/28/2022 8:40:41 AM,False,4903,Accepted,
29755120,0561000,JEFFERSONTOWN POLICE DEPT,Accepted,JEFFERSON,I 0064,,I64 W,,,,,,,,,38.223990790,-85.542783990,16.842,2/28/2022 12:00:00 AM,0718,2,2,0,1,CLEAR,DRY,False,REAR END IN TRAFFIC LANES BOTH VEHICLES MOVING,REAR END,STRAIGHT & LEVEL,DAYLIGHT,,,2/28/2022 1:41:30 PM,False,8296,Accepted,
29758496,0568000,LOUISVILLE METRO POLICE DEPT,Accepted,JEFFERSON,KY0061,,PRESTON,HWY,,,MILES,,,,,38.124357080,-85.679220956,2.912,2/28/2022 12:00:00 AM,1701,3,3,0,1,CLEAR,DRY,False,ANGLE COLLISION - OTHER,ANGLE,STRAIGHT & LEVEL,DAYLIGHT,,,3/1/2022 8:46:03 AM,False,7669,Accepted,
29758512,0568000,LOUISVILLE METRO POLICE DEPT,Accepted,JEFFERSON,KY1020,7105,SOUTHSIDE,DR,,,,,,,,38.152751616,-85.765457471,5.699,2/28/2022 12:00:00 AM,1232,2,2,0,0,CLEAR,DRY,False,REAR END IN TRAFFIC LANES BOTH VEHICLES MOVING,REAR END,STRAIGHT & LEVEL,DAYLIGHT,,,3/1/2022 8:46:34 AM,False,7483,Accepted,
29758537,0568000,LOUISVILLE METRO POLICE DEPT,Accepted,JEFFERSON,,,SOUTHLAND,BLVD,W,KY1865,NEW CUT,,,,,38.169816364,-85.781229647,1.034,2/28/2022 12:00:00 AM,2044,2,2,0,0,CLEAR,DRY,True,ANGLE COLLISION - OTHER,ANGLE,STRAIGHT & LEVEL,DARK-HWY LIGHTED/ON,,,3/1/2022 8:47:14 AM,False,5136,Accepted,
29821647,0568000,LOUISVILLE METRO POLICE DEPT,Accepted,JEFFERSON,I 0264,,,,,,,,,,,38.191399741,-85.736115976,0.617,2/28/2022 12:00:00 AM,1600,2,2,0,0,CLEAR,DRY,True,OTHER RAMP RELATED COLLISIONS NOT LISTED ABOVE,SIDESWIPE-SAME DIRECTION,STRAIGHT & LEVEL,DAYLIGHT,I 0264,FREEDOM WAY N,3/16/2022 8:17:37 AM,False,7132,Accepted,
29821633,0568000,LOUISVILLE METRO POLICE DEPT,Accepted,JEFFERSON,KY1065,,OUTER,LOOP,,KY1020,NATIONAL,,,,,38.127152507,-85.748428680,2.546,2/28/2022 12:00:00 AM,1400,2,2,0,0,CLEAR,DRY,False,OTHER INTERSECTION COLLISIONS,REAR END,STRAIGHT & LEVEL,DAYLIGHT,,,3/16/2022 8:16:32 AM,False,7080,Accepted,
29783663,0568000,LOUISVILLE METRO POLICE DEPT,Accepted,JEFFERSON,,1419,KNIGHT,RD,,,,,,,,38.174607715,-85.797475111,0.083,2/28/2022 12:00:00 AM,0815,1,1,0,0,CLEAR,DRY,False,COLLISION WITH FIXED OBJECT NON - INTERSECTION - FIRST EVENT COLLISION 09 - 32 EXCLUDING 16,SINGLE VEHICLE,STRAIGHT & HILLCREST,DAYLIGHT,,,3/7/2022 8:25:14 AM,False,5123,Accepted,
29758532,0568000,LOUISVILLE METRO POLICE DEPT,Accepted,JEFFERSON,KY1020,,2ND,ST,S,,CHESTNUT,,,,,38.248666088,-85.754549125,12.282,2/28/2022 12:00:00 AM,2142,2,2,0,2,CLEAR,DRY,False,ANGLE COLLISION - OTHER,ANGLE,STRAIGHT & LEVEL,DARK-HWY LIGHTED/ON,,,3/1/2022 8:47:03 AM,False,5122,Accepted,
29753529,0568000,LOUISVILLE METRO POLICE DEPT,Accepted,JEFFERSON,US0031W,,22ND,ST,S,,GREEN,,,,,38.256453916,-85.786932712,20.063,2/28/2022 12:00:00 AM,0554,1,1,0,0,CLEAR,DRY,False,COLLISION WITH FIXED OBJECT IN INTERSECTION - FIRST EVENT COLLISION 09 - 32,SINGLE VEHICLE,STRAIGHT & LEVEL,DARK-HWY LIGHTED/ON,,,2/28/2022 8:40:29 AM,False,5374,Accepted,
29758482,0568000,LOUISVILLE METRO POLICE DEPT,Accepted,JEFFERSON,,,HANCOCK,ST,S,,,,MADISON,,CHESTNUT,38.248094139,-85.743003068,0.481,2/28/2022 12:00:00 AM,0940,4,4,0,0,CLEAR,DRY,False,1 VEHICLE PARKED POSITION (NOT PARKING LOT/DRIVEWAY),ANGLE,STRAIGHT & LEVEL,DAYLIGHT,,,3/1/2022 8:45:18 AM,False,6360,Accepted,
29758491,0568000,LOUISVILLE METRO POLICE DEPT,Accepted,JEFFERSON,,,4TH,ST,S,,BLOOM,,,,,38.222059608,-85.762627163,2.404,2/28/2022 12:00:00 AM,1737,2,2,0,0,CLEAR,DRY,False,ANGLE COLLISION - OTHER,ANGLE,STRAIGHT & LEVEL,DAYLIGHT,,,3/1/2022 8:45:50 AM,False,5301,Accepted,
29758493,0568000,LOUISVILLE METRO POLICE DEPT,Accepted,JEFFERSON,,4308,FEGENBUSH,LN,,,,,,,,38.184173924,-85.638558823,0.244,2/28/2022 12:00:00 AM,1709,2,1,0,1,CLEAR,DRY,False,COLLISION IN PARKING LOT,SINGLE VEHICLE,STRAIGHT & LEVEL,DAYLIGHT,,,3/1/2022 8:45:56 AM,False,7739,Accepted,
29758508,0568000,LOUISVILLE METRO POLICE DEPT,Accepted,JEFFERSON,,,CHESTNUT,ST,W,,CHESTNUT,,,,,38.248445279,-85.752925266,2.633,2/28/2022 12:00:00 AM,1910,2,2,0,0,CLEAR,DRY,False,OPPOSING LEFT TURN,OPPOSING LEFT TURN,STRAIGHT & LEVEL,DARK-HWY LIGHTED/ON,,,3/1/2022 8:46:24 AM,False,5374,Accepted,
29758510,0568000,LOUISVILLE METRO POLICE DEPT,Accepted,JEFFERSON,KY1865,,NEW CUT,RD,,KY1142,PALATKA,,,,,38.150774614,-85.776375480,3.008,2/28/2022 12:00:00 AM,0952,2,2,0,1,CLEAR,DRY,False,ANGLE COLLISION - OTHER,ANGLE,STRAIGHT & LEVEL,DAYLIGHT,,,3/1/2022 8:46:29 AM,False,7483,Accepted,
29763412,0568000,LOUISVILLE METRO POLICE DEPT,Accepted,JEFFERSON,KY2860,,GRINSTEAD,DR,,,,,CHEROKEE,US0031E,BARDSTOWN,38.238864567,-85.720147539,0.055,2/28/2022 12:00:00 AM,1247,4,4,0,1,CLEAR,DRY,True,1 VEHICLE ENTERING/LEAVING ENTRANCE,ANGLE,STRAIGHT & LEVEL,DAYLIGHT,,,3/2/2022 8:14:08 AM,False,5006,Accepted,
29763429,0568000,LOUISVILLE METRO POLICE DEPT,Accepted,JEFFERSON,,,7TH,ST,S,,,,,,,38.235454122,-85.765105470,1.256,2/28/2022 12:00:00 AM,2118,1,1,0,0,CLEAR,DRY,True,COLLISION WITH FIXED OBJECT NON - INTERSECTION - FIRST EVENT COLLISION 09 - 32 EXCLUDING 16,SINGLE VEHICLE,STRAIGHT & LEVEL,DARK (UNKNOWN ROADWAY LIGHTING),,,3/2/2022 8:15:06 AM,False,5213,Accepted,
29758517,0568000,LOUISVILLE METRO POLICE DEPT,Accepted,JEFFERSON,KY3084,,OLD HENRY,RD,,I 0265,I265 N EXIT29 OFF RAMP TO KY3084,,,,,38.270686420,-85.498926039,1.278,2/28/2022 12:00:00 AM,1921,2,2,0,0,CLEAR,DRY,True,OTHER INTERSECTION COLLISIONS,REAR END,STRAIGHT & LEVEL,DARK-HWY NOT LIGHTED,,,3/1/2022 8:46:39 AM,False,5128,Accepted,
29758534,0568000,LOUISVILLE METRO POLICE DEPT,Accepted,JEFFERSON,KY1934,,CANE RUN,RD,,,,,RICHMONT,,SHANKS,38.196355106,-85.841373047,8.879,2/28/2022 12:00:00 AM,1946,3,3,0,1,CLEAR,DRY,False,REAR END IN TRAFFIC LANES BOTH VEHICLES MOVING,REAR END,STRAIGHT & LEVEL,DARK-HWY LIGHTED/ON,,,3/1/2022 8:47:08 AM,False,2877,Accepted,
29758468,0568000,LOUISVILLE METRO POLICE DEPT,Accepted,JEFFERSON,I 0265,,I265 N,,,,,,,,,38.314678086,-85.581227575,34.683,2/28/2022 12:00:00 AM,0758,2,2,0,0,CLEAR,DRY,False,REAR END IN TRAFFIC LANES BOTH VEHICLES MOVING,REAR END,STRAIGHT & LEVEL,DAYLIGHT,,,3/1/2022 8:44:25 AM,False,2346,Accepted,
29753522,0568000,LOUISVILLE METRO POLICE DEPT,Accepted,JEFFERSON,US0031W,12414,DIXIE,HWY,,,,,,,,38.075712527,-85.884493900,6.226,2/28/2022 12:00:00 AM,0241,1,1,0,0,CLEAR,DRY,True,COLLISION WITH FIXED OBJECT NON - INTERSECTION - FIRST EVENT COLLISION 09 - 32 EXCLUDING 16,SINGLE VEHICLE,STRAIGHT & LEVEL,DARK-HWY LIGHTED/OFF,,,2/28/2022 8:39:59 AM,False,7264,Accepted,
29758475,0568000,LOUISVILLE METRO POLICE DEPT,Accepted,JEFFERSON,,,31ST,ST,S,,DR WILLIAM G WEATHERS,,,,,38.227844254,-85.807605872,0.037,2/28/2022 12:00:00 AM,1404,2,2,0,0,CLEAR,DRY,False,COLLISION WITH PARKED VEHICLE,SIDESWIPE-SAME DIRECTION,STRAIGHT & LEVEL,DAYLIGHT,,,3/1/2022 8:44:57 AM,False,2569,Accepted,
29758484,0568000,LOUISVILLE METRO POLICE DEPT,Accepted,JEFFERSON,,,CHESTNUT,ST,E,,CAMPBELL,,,,,38.246693086,-85.737112447,0.867,2/28/2022 12:00:00 AM,1543,2,2,0,0,CLEAR,DRY,False,SIDESWIPE-SAME DIRECTION,SIDESWIPE-SAME DIRECTION,STRAIGHT & LEVEL,DAYLIGHT,,,3/1/2022 8:45:23 AM,False,6360,Accepted,
29758485,0568000,LOUISVILLE METRO POLICE DEPT,Accepted,JEFFERSON,,,VIEUX CARRE,DR,,,,,,,,38.245453367,-85.574464546,0.052,2/28/2022 12:00:00 AM,1616,2,2,0,0,CLEAR,DRY,False,VEHICLE BACKING NON INTERSECTION,BACKING,STRAIGHT & LEVEL,DAYLIGHT,,,3/1/2022 8:45:28 AM,False,2218,Accepted,
29753527,0568000,LOUISVILLE METRO POLICE DEPT,Accepted,JEFFERSON,,,VIRGINIA,AVE,,,26TH,,,,,38.237760020,-85.796252475,0.001,2/28/2022 12:00:00 AM,0135,2,2,0,0,CLEAR,DRY,False,ANGLE COLLISION - OTHER,ANGLE,STRAIGHT & LEVEL,DARK-HWY LIGHTED/ON,,,2/28/2022 8:40:21 AM,False,5353,Accepted,
29753528,0568000,LOUISVILLE METRO POLICE DEPT,Accepted,JEFFERSON,KY1065,,OUTER,LOOP,,I 0065,I65 S EXIT127 OFF RAMP TO KY1065,,,,,38.137020243,-85.707206664,4.906,2/27/2022 12:00:00 AM,1901,2,2,0,0,CLEAR,DRY,False,HEAD-ON COLLISION,HEAD ON,STRAIGHT & GRADE,DARK-HWY LIGHTED/ON,,,2/28/2022 8:40:25 AM,False,5314,Accepted,
29753521,0568000,LOUISVILLE METRO POLICE DEPT,Accepted,JEFFERSON,US0031W,,DIXIE,HWY,,,,,BETHANY,,DIXIE GARDEN,38.096986572,-85.873110552,7.821,2/27/2022 12:00:00 AM,1843,1,1,0,2,CLEAR,DRY,False,OTHER ROADWAY OR MID-BLOCK COLLISION,SINGLE VEHICLE,STRAIGHT & LEVEL,DAYLIGHT,,,2/28/2022 8:39:55 AM,False,7166,Accepted,
29753511,0568000,LOUISVILLE METRO POLICE DEPT,Accepted,JEFFERSON,I 0071,,,,,,,,,,,38.312278642,-85.577521716,0.645,2/27/2022 12:00:00 AM,0346,3,3,0,0,CLEAR,DRY,False,OTHER RAMP RELATED COLLISIONS NOT LISTED ABOVE,REAR END,CURVE & GRADE,DARK-HWY LIGHTED/ON,I 0071,I 0265,2/28/2022 8:39:13 AM,False,7159,Accepted,
29753520,0568000,LOUISVILLE METRO POLICE DEPT,Accepted,JEFFERSON,KY1631,2704,CRITTENDEN,DR,,,,,,,,38.205335445,-85.750807355,1.200,2/27/2022 12:00:00 AM,1518,2,2,0,0,CLEAR,DRY,False,SIDESWIPE COLLISION - SAME DIRECTION,SIDESWIPE-SAME DIRECTION,STRAIGHT & LEVEL,DAYLIGHT,,,2/28/2022 8:39:51 AM,False,7257,Accepted,