IncidentID,AgencyORI,AgencyName,IncidentStatusDesc,County,RdwyNumber,Street,RoadwayName,StreetSfx,StreetDir,IntersectionRdwy,IntersectionRdwyName,BetweenStRdwy1,BetweenStRdwyName1,BetweenStRdwy2,BetweenStRdwyName2,Latitude,Longitude,Milepoint,CollisionDate,CollisionTime,UnitsInvolved,MotorVehiclesInvolved,NumberKilled,NumberInjured,Weather,RdwyConditionCode,HitandRun,DirAnalysisCode,MannerofCollision,RdwyCharacter,LightCondition,RampFromRdwyId,RampToRdwyId,AcceptedDate,IsSecondaryCollision,OwnerBadge,IncidentStatus,
29768376,0568000,LOUISVILLE METRO POLICE DEPT,Accepted,JEFFERSON,KY0864,,POPLAR LEVEL,RD,,,AUDUBON PLAZA,,,,,38.214017348,-85.723000979,12.902,2/27/2022 12:00:00 AM,1323,3,3,0,3,CLEAR,DRY,False,OTHER INTERSECTION COLLISIONS,REAR END,STRAIGHT & LEVEL,DAYLIGHT,,,3/3/2022 8:21:47 AM,False,5340,Accepted,
29758501,0568000,LOUISVILLE METRO POLICE DEPT,Accepted,JEFFERSON,,,6TH,ST,S,,ZANE,,,,,38.238724108,-85.763071083,1.271,2/27/2022 12:00:00 AM,1922,1,1,0,4,CLEAR,DRY,False,COLLISION WITH FIXED OBJECT IN INTERSECTION - FIRST EVENT COLLISION 09 - 32,SINGLE VEHICLE,STRAIGHT & LEVEL,DARK (UNKNOWN ROADWAY LIGHTING),,,3/1/2022 8:46:10 AM,False,5213,Accepted,
29753068,0560300,ST. MATTHEWS POLICE DEPARTMENT,Accepted,JEFFERSON,US0060,,SHELBYVILLE,RD,,I 0264,I264 W EXIT19A ON RAMP FROM US60 W,,,,,38.250151748,-85.621144070,5.436,2/27/2022 12:00:00 AM,1330,2,2,0,0,CLEAR,DRY,False,REAR END - ONE VEHICLE TURNING RIGHT,REAR END,STRAIGHT & LEVEL,DAYLIGHT,,,2/28/2022 7:15:52 AM,False,9140,Accepted,
29753518,0568000,LOUISVILLE METRO POLICE DEPT,Accepted,JEFFERSON,,,IROQUOIS GARDENS,DR,,KY1865,NEW CUT,,,,,38.154337545,-85.777207770,0.004,2/27/2022 12:00:00 AM,1755,2,2,0,1,CLEAR,DRY,False,REAR END - ONE VEHICLE TURNING LEFT,REAR END,STRAIGHT & LEVEL,DAYLIGHT,,,2/28/2022 8:39:40 AM,False,5392,Accepted,
29753526,0568000,LOUISVILLE METRO POLICE DEPT,Accepted,JEFFERSON,,4100,QUIET,WAY,,,,,,,,38.162068511,-85.686306753,0.345,2/27/2022 12:00:00 AM,1606,2,2,0,0,CLEAR,DRY,True,1 VEHICLE PARKED POSITION (NOT PARKING LOT/DRIVEWAY),HEAD ON,STRAIGHT & LEVEL,DAYLIGHT,,,2/28/2022 8:40:17 AM,False,5299,Accepted,
29753524,0568000,LOUISVILLE METRO POLICE DEPT,Accepted,JEFFERSON,,,36TH,ST,S,,DOERHOEFER,,,,,38.247981681,-85.810907572,0.613,2/27/2022 12:00:00 AM,1600,2,2,0,0,CLEAR,DRY,False,ANGLE COLLISION - OTHER,ANGLE,STRAIGHT & LEVEL,DAYLIGHT,,,2/28/2022 8:40:09 AM,False,5327,Accepted,
29753525,0568000,LOUISVILLE METRO POLICE DEPT,Accepted,JEFFERSON,KY1932,,CHENOWETH,LN,,,DRUID HILLS,,,,,38.263423851,-85.664039358,6.396,2/27/2022 12:00:00 AM,0054,1,1,0,1,CLEAR,DRY,False,COLLISION WITH FIXED OBJECT IN INTERSECTION - FIRST EVENT COLLISION 09 - 32,SINGLE VEHICLE,STRAIGHT & LEVEL,DARK-HWY LIGHTED/ON,,,2/28/2022 8:40:13 AM,False,7304,Accepted,
29758471,0568000,LOUISVILLE METRO POLICE DEPT,Accepted,JEFFERSON,KY0061,,PRESTON,ST,S,,,US0031E,MAIN,US0031E,MARKET,38.254512529,-85.746016400,12.898,2/27/2022 12:00:00 AM,1750,1,1,0,1,CLEAR,DRY,False,COLLISION WITH FIXED OBJECT NON - INTERSECTION - FIRST EVENT COLLISION 09 - 32 EXCLUDING 16,SINGLE VEHICLE,STRAIGHT & LEVEL,DAYLIGHT,,,3/1/2022 8:44:38 AM,False,7058,Accepted,
29753514,0568000,LOUISVILLE METRO POLICE DEPT,Accepted,JEFFERSON,KY2052,4903,SHEPHERDSVILLE,RD,,,,,,,,38.180679044,-85.659462271,2.903,2/27/2022 12:00:00 AM,0729,1,1,0,0,CLEAR,DRY,True,COLLISION WITH FIXED OBJECT NON - INTERSECTION - FIRST EVENT COLLISION 09 - 32 EXCLUDING 16,SINGLE VEHICLE,STRAIGHT & LEVEL,DAWN,,,2/28/2022 8:39:24 AM,False,7200,Accepted,
29753517,0568000,LOUISVILLE METRO POLICE DEPT,Accepted,JEFFERSON,,1600B,LUCIA,AVE,,,,,,,,38.236200525,-85.720086360,0.105,2/27/2022 12:00:00 AM,1859,2,2,0,0,CLEAR,DRY,False,SIDESWIPE COLLISION - SAME DIRECTION,SIDESWIPE-SAME DIRECTION,STRAIGHT & LEVEL,DARK-HWY LIGHTED/ON,,,2/28/2022 8:39:37 AM,False,7900,Accepted,
29753523,0568000,LOUISVILLE METRO POLICE DEPT,Accepted,JEFFERSON,,,MUHAMMAD ALI,BLVD,W,,15TH,,,,,38.253175347,-85.775668365,1.269,2/27/2022 12:00:00 AM,2147,3,3,0,1,CLEAR,DRY,False,COLLISION WITH PARKED VEHICLE,REAR END,STRAIGHT & LEVEL,DARK-HWY LIGHTED/ON,,,2/28/2022 8:40:03 AM,False,5374,Accepted,
29768380,0568000,LOUISVILLE METRO POLICE DEPT,Accepted,JEFFERSON,KY0061,,PRESTON,HWY,,,MUD,,,,,38.092847713,-85.669167371,0.654,2/27/2022 12:00:00 AM,2048,2,2,0,1,CLEAR,DRY,False,ANGLE COLLISION - OTHER,ANGLE,STRAIGHT & GRADE,DARK-HWY NOT LIGHTED,,,3/3/2022 8:22:04 AM,False,7106,Accepted,
29768381,0568000,LOUISVILLE METRO POLICE DEPT,Accepted,JEFFERSON,KY1020,,3RD,ST,S,,CENTRAL,,,,,38.204773619,-85.763983417,9.473,2/27/2022 12:00:00 AM,1707,2,2,0,2,CLEAR,DRY,False,OPPOSING LEFT TURN,OPPOSING LEFT TURN,STRAIGHT & LEVEL,DAYLIGHT,,,3/3/2022 8:22:07 AM,False,7251,Accepted,
29873722,0568000,LOUISVILLE METRO POLICE DEPT,Accepted,JEFFERSON,KY0864,4525,POPLAR LEVEL,RD,,,,,,,,38.187552069,-85.702078041,10.682,2/27/2022 12:00:00 AM,0225,2,2,1,1,CLEAR,DRY,False,1 VEHICLE ENTERING/LEAVING ENTRANCE,ANGLE,STRAIGHT & LEVEL,DARK-HWY NOT LIGHTED,,,3/29/2022 8:27:26 AM,False,2308,Accepted,
29753490,0568000,LOUISVILLE METRO POLICE DEPT,Accepted,JEFFERSON,,,DIXIE,HWY,,,HILL,,,,,38.228313958,-85.790483062,1.496,2/26/2022 12:00:00 AM,1124,2,2,0,1,CLEAR,DRY,False,ANGLE COLLISION - OTHER,ANGLE,STRAIGHT & LEVEL,DAYLIGHT,,,2/28/2022 8:37:48 AM,False,5161,Accepted,
29753498,0568000,LOUISVILLE METRO POLICE DEPT,Accepted,JEFFERSON,KY0864,,BEULAH CHURCH,RD,,I 0265,I265 W EXIT15 ON RAMP FROM KY864,,,,,38.125705302,-85.614509363,3.435,2/26/2022 12:00:00 AM,1542,2,2,0,0,CLOUDY,DRY,False,ANGLE COLLISION - OTHER,ANGLE,STRAIGHT & LEVEL,DAYLIGHT,,,2/28/2022 8:38:20 AM,False,6878,Accepted,
29753500,0568000,LOUISVILLE METRO POLICE DEPT,Accepted,JEFFERSON,,,34TH,ST,S,,,,,,,38.246670297,-85.808855991,1.094,2/26/2022 12:00:00 AM,1058,2,2,0,1,CLEAR,DRY,True,HEAD-ON COLLISION,HEAD ON,STRAIGHT & LEVEL,DAYLIGHT,,,2/28/2022 8:38:30 AM,False,5411,Accepted,
29753506,0568000,LOUISVILLE METRO POLICE DEPT,Accepted,JEFFERSON,US0031E,,BARDSTOWN,RD,,,,,,,,38.082190031,-85.555081521,0.495,2/26/2022 12:00:00 AM,1912,2,2,0,0,CLEAR,DRY,False,OCCUPANT FELL FROM MOVING VEHICLE,HEAD ON,STRAIGHT & GRADE,DARK-HWY LIGHTED/OFF,,,2/28/2022 8:38:49 AM,False,2321,Accepted,
29753507,0568000,LOUISVILLE METRO POLICE DEPT,Accepted,JEFFERSON,,,7TH,ST,S,,DAVIES,,,,,38.224252796,-85.771068618,0.453,2/26/2022 12:00:00 AM,1505,2,2,0,0,CLEAR,DRY,False,COLLISION WITH PARKED VEHICLE,REAR END,STRAIGHT & HILLCREST,DAYLIGHT,,,2/28/2022 8:38:53 AM,False,7360,Accepted,
29753508,0568000,LOUISVILLE METRO POLICE DEPT,Accepted,JEFFERSON,,841,6TH,ST,S,,,,,,,38.239451390,-85.762906369,1.221,2/26/2022 12:00:00 AM,0032,3,3,0,0,CLEAR,DRY,False,1 VEHICLE PARKED POSITION (NOT PARKING LOT/DRIVEWAY),REAR END,STRAIGHT & LEVEL,DARK (UNKNOWN ROADWAY LIGHTING),,,2/28/2022 8:38:58 AM,False,5213,Accepted,
29753493,0568000,LOUISVILLE METRO POLICE DEPT,Accepted,JEFFERSON,KY1065,4545,OUTER,LOOP,,,,,,,,38.138195065,-85.677936291,6.540,2/26/2022 12:00:00 AM,1350,2,2,0,0,CLOUDY,DRY,False,COLLISION IN PARKING LOT,REAR END,STRAIGHT & LEVEL,DAYLIGHT,,,2/28/2022 8:37:56 AM,False,2583,Accepted,
29753501,0568000,LOUISVILLE METRO POLICE DEPT,Accepted,JEFFERSON,US0150,,BROADWAY,,E,,FLOYD,,,,,38.245463412,-85.749759041,2.841,2/26/2022 12:00:00 AM,1409,1,1,0,0,CLOUDY,DRY,True,COLLISION WITH FIXED OBJECT IN INTERSECTION - FIRST EVENT COLLISION 09 - 32,SINGLE VEHICLE,STRAIGHT & LEVEL,DAYLIGHT,,,2/28/2022 8:38:33 AM,False,7904,Accepted,
29753509,0568000,LOUISVILLE METRO POLICE DEPT,Accepted,JEFFERSON,KY1747,,HURSTBOURNE,PKWY,S,US0031E,BARDSTOWN,,,,,38.168907712,-85.604978612,7.493,2/26/2022 12:00:00 AM,1136,2,2,0,1,CLEAR,DRY,False,COLLISION WITH FIXED OBJECT IN INTERSECTION - FIRST EVENT COLLISION 09 - 32,ANGLE,STRAIGHT & LEVEL,DARK-HWY LIGHTED/ON,,,2/28/2022 8:39:05 AM,False,7441,Accepted,
29753485,0568000,LOUISVILLE METRO POLICE DEPT,Accepted,JEFFERSON,I 0065,,I65 N,,,,,I 0065,I65 N EXIT132 ON RAMP FROM  CRITTENDEN DR,I 0065,I65 EXIT12 RAMP TO I65 N,38.206348797,-85.745040305,132.202,2/26/2022 12:00:00 AM,0440,2,2,0,0,CLOUDY,DRY,False,REAR END IN TRAFFIC LANES BOTH VEHICLES MOVING,REAR END,CURVE & LEVEL,DARK-HWY LIGHTED/ON,,,2/28/2022 8:37:19 AM,False,5372,Accepted,
29753486,0568000,LOUISVILLE METRO POLICE DEPT,Accepted,JEFFERSON,,,7TH,ST,S,,HILL,,,,,38.226730584,-85.768982157,0.656,2/26/2022 12:00:00 AM,0325,2,2,0,0,CLEAR,DRY,False,OPPOSITE DIRECTION - BOTH VEHICLES GOING STRAIGHT AHEAD,SIDESWIPE-OPPOSITE DIRECTION,STRAIGHT & LEVEL,DARK-HWY LIGHTED/ON,,,2/28/2022 8:37:26 AM,False,5379,Accepted,
29753494,0568000,LOUISVILLE METRO POLICE DEPT,Accepted,JEFFERSON,KY0022,,BROWNSBORO,RD,,,,,,,,38.315129191,-85.562213079,4.771,2/26/2022 12:00:00 AM,1229,2,2,0,0,CLEAR,DRY,False,REAR END IN TRAFFIC LANES BOTH VEHICLES MOVING,REAR END,STRAIGHT & LEVEL,DAYLIGHT,,,2/28/2022 8:37:59 AM,False,2346,Accepted,
29763439,0568000,LOUISVILLE METRO POLICE DEPT,Accepted,JEFFERSON,,,SHEPHERDSVILLE,RD,,,,,,,,38.138947588,-85.657593678,0.002,2/26/2022 12:00:00 AM,1202,2,2,0,0,CLEAR,DRY,False,OTHER ROADWAY OR MID-BLOCK COLLISION,OPPOSING LEFT TURN,STRAIGHT & LEVEL,DAYLIGHT,,,3/2/2022 8:15:40 AM,False,7376,Accepted,
29753496,0568000,LOUISVILLE METRO POLICE DEPT,Accepted,JEFFERSON,,,MUHAMMAD ALI,BLVD,W,US0031W,22ND,,,,,38.254425008,-85.787288011,1.909,2/26/2022 12:00:00 AM,1254,2,2,0,0,CLEAR,DRY,False,ANGLE COLLISION - OTHER,ANGLE,STRAIGHT & LEVEL,DAYLIGHT,,,2/28/2022 8:38:08 AM,False,5414,Accepted,
29753503,0568000,LOUISVILLE METRO POLICE DEPT,Accepted,JEFFERSON,KY1865,,TAYLOR,BLVD,,,,,,,,38.180312479,-85.783383852,5.082,2/26/2022 12:00:00 AM,1154,2,2,0,0,CLEAR,DRY,True,1 VEHICLE ENTERING/LEAVING ENTRANCE,ANGLE,STRAIGHT & LEVEL,DAYLIGHT,,,2/28/2022 8:38:37 AM,False,7667,Accepted,
29753504,0568000,LOUISVILLE METRO POLICE DEPT,Accepted,JEFFERSON,I 0264,,I264 W,,,,,,,,,38.195867913,-85.707305094,13.400,2/26/2022 12:00:00 AM,1555,2,2,0,0,CLEAR,DRY,False,SIDESWIPE COLLISION - SAME DIRECTION,SIDESWIPE-SAME DIRECTION,STRAIGHT & LEVEL,DAYLIGHT,,,2/28/2022 8:38:40 AM,False,5233,Accepted,
29753510,0568000,LOUISVILLE METRO POLICE DEPT,Accepted,JEFFERSON,US0031,,CLARK MEMORIAL,BRG,,,,,,,,38.260726693,-85.752260525,0.315,2/26/2022 12:00:00 AM,1611,2,2,0,0,CLOUDY,DRY,False,OTHER ROADWAY OR MID-BLOCK COLLISION,REAR END,STRAIGHT & LEVEL,DAYLIGHT,,,2/28/2022 8:39:09 AM,False,5354,Accepted,
29753513,0568000,LOUISVILLE METRO POLICE DEPT,Accepted,JEFFERSON,KY0864,901,SHELBY,ST,S,,BRECKINRIDGE,,,,,38.239914678,-85.740336580,15.155,2/26/2022 12:00:00 AM,1751,2,2,0,0,CLEAR,DRY,False,VEHICLE BACKING IN INTERSECTION,BACKING,STRAIGHT & LEVEL,DAYLIGHT,,,2/28/2022 8:39:20 AM,False,5120,Accepted,
29753497,0568000,LOUISVILLE METRO POLICE DEPT,Accepted,JEFFERSON,I 0265,,,,,,,,,,,38.139364414,-85.582223756,0.403,2/26/2022 12:00:00 AM,1515,2,2,0,0,CLOUDY,DRY,False,OTHER RAMP RELATED COLLISIONS NOT LISTED ABOVE,REAR END,STRAIGHT & LEVEL,DAYLIGHT,I 0265,US31E,2/28/2022 8:38:14 AM,False,6878,Accepted,
29753505,0568000,LOUISVILLE METRO POLICE DEPT,Accepted,JEFFERSON,US0031E,3610,BUECHEL,BYP,,,,,,,,38.197928082,-85.660617618,10.937,2/26/2022 12:00:00 AM,1646,2,2,0,0,CLEAR,DRY,False,OTHER ROADWAY OR MID-BLOCK COLLISION,OPPOSING LEFT TURN,STRAIGHT & LEVEL,DAYLIGHT,,,2/28/2022 8:38:44 AM,False,5233,Accepted,
29753530,0568000,LOUISVILLE METRO POLICE DEPT,Accepted,JEFFERSON,US0031E,3315,BARDSTOWN,RD,,,,,,,,38.207676880,-85.668249833,11.712,2/26/2022 12:00:00 AM,2026,2,2,0,0,CLEAR,DRY,False,VEHICLE BACKING NON INTERSECTION,BACKING,STRAIGHT & LEVEL,DARK-HWY LIGHTED/ON,,,2/28/2022 8:40:33 AM,False,5300,Accepted,
29763440,0568000,LOUISVILLE METRO POLICE DEPT,Accepted,JEFFERSON,,,ST RITA,DR,,,,,,,,38.128446943,-85.681234905,0.003,2/26/2022 12:00:00 AM,1632,2,2,0,1,CLEAR,DRY,False,OTHER ROADWAY OR MID-BLOCK COLLISION,OPPOSING LEFT TURN,STRAIGHT & LEVEL,DAYLIGHT,,,3/2/2022 8:15:44 AM,False,7376,Accepted,
29793196,0568000,LOUISVILLE METRO POLICE DEPT,Accepted,JEFFERSON,,,JEFFERSON,ST,W,,13TH,,,,,38.255472039,-85.771930329,1.091,2/25/2022 12:00:00 AM,1930,2,2,0,0,CLEAR,DRY,False,OPPOSING LEFT TURN,OPPOSING LEFT TURN,STRAIGHT & LEVEL,DARK-HWY LIGHTED/ON,,,3/9/2022 8:19:52 AM,False,5335,Accepted,
29753479,0568000,LOUISVILLE METRO POLICE DEPT,Accepted,JEFFERSON,,,SOUTHWESTERN,PKWY,,,,,,,,38.247712350,-85.829632445,1.480,2/25/2022 12:00:00 AM,2015,2,2,0,0,CLEAR,DRY,False,1 VEHICLE ENTERING/LEAVING ENTRANCE,ANGLE,STRAIGHT & LEVEL,DARK-HWY LIGHTED/ON,,,2/28/2022 8:36:51 AM,False,5216,Accepted,
29753480,0568000,LOUISVILLE METRO POLICE DEPT,Accepted,JEFFERSON,,,7TH,ST,S,,11TH,,,,,38.222500534,-85.773762497,0.257,2/25/2022 12:00:00 AM,1200,2,2,0,1,CLOUDY,DRY,False,ANGLE COLLISION - OTHER,ANGLE,STRAIGHT & LEVEL,DAYLIGHT,,,2/28/2022 8:36:56 AM,False,7360,Accepted,
29753488,0568000,LOUISVILLE METRO POLICE DEPT,Accepted,JEFFERSON,,,CEDAR,ST,,US0031W,22ND,,,,,38.255786640,-85.787047966,0.727,2/25/2022 12:00:00 AM,1400,2,2,0,2,CLEAR,DRY,False,ANGLE COLLISION - OTHER,ANGLE,STRAIGHT & LEVEL,DAYLIGHT,,,2/28/2022 8:37:39 AM,False,5354,Accepted,
29753487,0568000,LOUISVILLE METRO POLICE DEPT,Accepted,JEFFERSON,,,SHADY,LN,,,,,,,,38.226170748,-85.712461744,0.362,2/25/2022 12:00:00 AM,2045,2,2,0,0,CLEAR,DRY,True,SIDESWIPE COLLISION - OPPOSITE DIRECTION,SIDESWIPE-OPPOSITE DIRECTION,STRAIGHT & LEVEL,DARK-HWY LIGHTED/ON,,,2/28/2022 8:37:33 AM,False,5104,Accepted,
29753461,0568000,LOUISVILLE METRO POLICE DEPT,Accepted,JEFFERSON,,1900,ROCKFORD,LN,,,,,,,,38.183973530,-85.854244232,0.036,2/25/2022 12:00:00 AM,0957,2,2,0,0,CLOUDY,DRY,False,REAR END IN TRAFFIC LANES BOTH VEHICLES MOVING,REAR END,STRAIGHT & LEVEL,DAYLIGHT,,,2/28/2022 8:35:43 AM,False,5392,Accepted,
29753469,0568000,LOUISVILLE METRO POLICE DEPT,Accepted,JEFFERSON,KY1447,,WESTPORT,RD,,,INDIAN LAKE,,,,,38.296121816,-85.553271575,6.390,2/25/2022 12:00:00 AM,1731,2,2,0,1,CLEAR,DRY,False,ANGLE COLLISION - OTHER,ANGLE,STRAIGHT & LEVEL,DAYLIGHT,,,2/28/2022 8:36:13 AM,False,7483,Accepted,
29753435,0568000,LOUISVILLE METRO POLICE DEPT,Accepted,JEFFERSON,,1732,GARLAND,AVE,,,,,,,,38.243176131,-85.783519104,0.860,2/25/2022 12:00:00 AM,0933,2,2,0,0,CLOUDY,DRY,True,OTHER ROADWAY OR MID-BLOCK COLLISION,REAR END,STRAIGHT & LEVEL,DAYLIGHT,,,2/28/2022 8:34:27 AM,False,5355,Accepted,
29753436,0568000,LOUISVILLE METRO POLICE DEPT,Accepted,JEFFERSON,,,GELLHAUS,LN,,,,,LONGVIEW FARM,,CHENOWETH RUN,38.152940304,-85.545333312,0.294,2/25/2022 12:00:00 AM,0725,2,2,0,0,CLOUDY,WET,False,SIDESWIPE COLLISION - SAME DIRECTION,SIDESWIPE-SAME DIRECTION,STRAIGHT & GRADE,DAYLIGHT,,,2/28/2022 8:34:31 AM,False,2017,Accepted,
29753437,0568000,LOUISVILLE METRO POLICE DEPT,Accepted,JEFFERSON,KY1065,2200,OUTER,LOOP,,,,,,,,38.132579190,-85.726422881,3.804,2/25/2022 12:00:00 AM,1028,1,1,0,0,CLOUDY,DRY,False,OTHER ROADWAY OR MID-BLOCK COLLISION,SINGLE VEHICLE,STRAIGHT & GRADE,DAYLIGHT,,,2/28/2022 8:34:36 AM,False,2017,Accepted,
29753446,0568000,LOUISVILLE METRO POLICE DEPT,Accepted,JEFFERSON,,,BISHOP,LN,,KY1703,NEWBURG,,,,,38.200916885,-85.685917130,0.002,2/25/2022 12:00:00 AM,1339,2,2,0,1,CLEAR,DRY,False,OTHER INTERSECTION COLLISIONS,REAR END,STRAIGHT & LEVEL,DAYLIGHT,,,2/28/2022 8:34:58 AM,False,5233,Accepted,
29753454,0568000,LOUISVILLE METRO POLICE DEPT,Accepted,JEFFERSON,US0031E,,BARDSTOWN,RD,,,DUKER,,,,,38.230218928,-85.703903712,14.297,2/25/2022 12:00:00 AM,0756,1,1,0,1,CLOUDY,DRY,False,COLLISION WITH FIXED OBJECT IN INTERSECTION - FIRST EVENT COLLISION 09 - 32,SINGLE VEHICLE,STRAIGHT & LEVEL,DAYLIGHT,,,2/28/2022 8:35:32 AM,False,5020,Accepted,
29753455,0568000,LOUISVILLE METRO POLICE DEPT,Accepted,JEFFERSON,KY0146,,LA GRANGE,RD,,I 0265,I265 N EXIT30 ON RAMP FROM KY146,,,,,38.288192764,-85.513148683,7.466,2/25/2022 12:00:00 AM,1433,2,2,0,0,CLOUDY,DRY,False,ANGLE COLLISION - OTHER,ANGLE,STRAIGHT & LEVEL,DAYLIGHT,,,2/28/2022 8:35:35 AM,False,2109,Accepted,
29753438,0568000,LOUISVILLE METRO POLICE DEPT,Accepted,JEFFERSON,US0060A,1255,EASTERN,PKWY,,,,,BARRET,,DAHLIA,38.226272421,-85.721901958,6.022,2/25/2022 12:00:00 AM,1109,2,2,0,0,CLOUDY,WET,False,HEAD-ON COLLISION,HEAD ON,STRAIGHT & GRADE,DAYLIGHT,,,2/28/2022 8:34:39 AM,False,7900,Accepted,
29753452,0568000,LOUISVILLE METRO POLICE DEPT,Accepted,JEFFERSON,,3407,CHAMBERLAIN,LN,,,,,,,,38.292034470,-85.538516104,1.562,2/25/2022 12:00:00 AM,1530,2,1,0,1,CLOUDY,DRY,False,COLLISION IN PARKING LOT,SINGLE VEHICLE,STRAIGHT & LEVEL,DAYLIGHT,,,2/28/2022 8:35:23 AM,False,7650,Accepted,
29753463,0568000,LOUISVILLE METRO POLICE DEPT,Accepted,JEFFERSON,,,OLD MILLERS,LN,,KY1934,CANE RUN,,,,,38.220879089,-85.812464931,0.014,2/25/2022 12:00:00 AM,0803,2,2,0,0,CLOUDY,DRY,False,VEHICLE BACKING IN INTERSECTION,BACKING,STRAIGHT & LEVEL,DAYLIGHT,,,2/28/2022 8:35:48 AM,False,5232,Accepted,
29743025,0568000,LOUISVILLE METRO POLICE DEPT,Accepted,JEFFERSON,,,CHESTNUT,ST,W,,15TH,,,,,38.250967355,-85.776091365,1.363,2/25/2022 12:00:00 AM,0100,2,2,0,2,RAINING,WET,False,ANGLE COLLISION - OTHER,ANGLE,STRAIGHT & LEVEL,DARK-HWY LIGHTED/OFF,,,2/25/2022 7:43:26 AM,False,5268,Accepted,
29743032,0568000,LOUISVILLE METRO POLICE DEPT,Accepted,JEFFERSON,I 0264,,,,,,,,,,,38.225668629,-85.641080134,0.135,2/25/2022 12:00:00 AM,0453,1,1,0,1,CLEAR,DRY,False,OTHER RAMP RELATED COLLISIONS NOT LISTED ABOVE,SINGLE VEHICLE,STRAIGHT & LEVEL,DARK-HWY LIGHTED/ON,I 0264,KY1932,2/25/2022 7:43:50 AM,False,5305,Accepted,
29753476,0568000,LOUISVILLE METRO POLICE DEPT,Accepted,JEFFERSON,,,VANGUARD,DR,,,,KY1450,BLUE LICK,,SATURN,38.108201266,-85.692534989,0.047,2/25/2022 12:00:00 AM,1602,2,2,0,0,CLOUDY,DRY,False,VEHICLE BACKING NON INTERSECTION,BACKING,STRAIGHT & LEVEL,DAYLIGHT,,,2/28/2022 8:36:31 AM,False,2324,Accepted,
29753474,0568000,LOUISVILLE METRO POLICE DEPT,Accepted,JEFFERSON,KY1631,3800,CRITTENDEN,DR,,,KFEC GATE2 DR,,,,,38.197624100,-85.751538550,0.695,2/25/2022 12:00:00 AM,0840,2,2,0,0,CLOUDY,DRY,True,OTHER INTERSECTION COLLISIONS,REAR END,STRAIGHT & LEVEL,DAYLIGHT,,,2/28/2022 8:36:21 AM,False,5420,Accepted,
29753481,0568000,LOUISVILLE METRO POLICE DEPT,Accepted,JEFFERSON,US0031E,,BARDSTOWN,RD,,,TREVILIAN,,,,,38.223103514,-85.684988179,13.144,2/25/2022 12:00:00 AM,2128,2,2,0,0,CLEAR,DRY,False,OTHER INTERSECTION COLLISIONS,REAR END,STRAIGHT & LEVEL,DARK-HWY LIGHTED/ON,,,2/28/2022 8:37:03 AM,False,7017,Accepted,
29753482,0568000,LOUISVILLE METRO POLICE DEPT,Accepted,JEFFERSON,US0031W,10200,DIXIE,HWY,,,,,,,,38.107595989,-85.866747353,8.630,2/25/2022 12:00:00 AM,1945,3,3,0,1,CLEAR,DRY,False,REAR END IN TRAFFIC LANES BOTH VEHICLES MOVING,REAR END,STRAIGHT & LEVEL,DARK-HWY LIGHTED/ON,,,2/28/2022 8:37:08 AM,False,7166,Accepted,
29753492,0568000,LOUISVILLE METRO POLICE DEPT,Accepted,JEFFERSON,KY3082,2723,BANK,ST,,,,,,,,38.270247775,-85.793509077,0.920,2/25/2022 12:00:00 AM,1700,4,4,0,0,CLEAR,DRY,False,1 VEHICLE PARKED POSITION (NOT PARKING LOT/DRIVEWAY),SIDESWIPE-SAME DIRECTION,STRAIGHT & LEVEL,DAYLIGHT,,,2/28/2022 8:37:52 AM,False,5403,Accepted,
29753515,0568000,LOUISVILLE METRO POLICE DEPT,Accepted,JEFFERSON,KY2048,,CANNONS,LN,,,,,PERIMETER,I 0064,I64 E EXIT10 ON RAMP FROM KY2048,38.234190652,-85.657124269,1.148,2/25/2022 12:00:00 AM,1648,3,3,0,1,CLOUDY,DRY,False,REAR END IN TRAFFIC LANES BOTH VEHICLES MOVING,REAR END,STRAIGHT & GRADE,DAYLIGHT,,,2/28/2022 8:39:27 AM,False,7632,Accepted,
29753483,0568000,LOUISVILLE METRO POLICE DEPT,Accepted,JEFFERSON,KY1931,8024,ST ANDREWS CHURCH,RD,,,,,,,,38.146620289,-85.830133666,3.686,2/25/2022 12:00:00 AM,2153,2,1,0,1,CLOUDY,DRY,False,COLLISION WITH BICYCLIST NON INTERSECTION,SINGLE VEHICLE,STRAIGHT & LEVEL,DARK-HWY NOT LIGHTED,,,2/28/2022 8:37:12 AM,False,5223,Accepted,
29753484,0568000,LOUISVILLE METRO POLICE DEPT,Accepted,JEFFERSON,,,MUD,LN,,KY0061,PRESTON,,,,,38.092817845,-85.669403558,0.009,2/25/2022 12:00:00 AM,2215,1,1,0,0,CLEAR,DRY,False,COLLISION WITH FIXED OBJECT IN INTERSECTION - FIRST EVENT COLLISION 09 - 32,SINGLE VEHICLE,CURVE & HILLCREST,DARK-HWY NOT LIGHTED,,,2/28/2022 8:37:15 AM,False,5198,Accepted,