IncidentID,AgencyORI,AgencyName,IncidentStatusDesc,County,RdwyNumber,Street,RoadwayName,StreetSfx,StreetDir,IntersectionRdwy,IntersectionRdwyName,BetweenStRdwy1,BetweenStRdwyName1,BetweenStRdwy2,BetweenStRdwyName2,Latitude,Longitude,Milepoint,CollisionDate,CollisionTime,UnitsInvolved,MotorVehiclesInvolved,NumberKilled,NumberInjured,Weather,RdwyConditionCode,HitandRun,DirAnalysisCode,MannerofCollision,RdwyCharacter,LightCondition,RampFromRdwyId,RampToRdwyId,AcceptedDate,IsSecondaryCollision,OwnerBadge,IncidentStatus,
29753451,0568000,LOUISVILLE METRO POLICE DEPT,Accepted,JEFFERSON,,,23RD,ST,N,,,,TYLER,KY3064,PORTLAND,38.269857883,-85.785630438,0.358,2/25/2022 12:00:00 AM,1457,2,2,0,0,CLOUDY,DRY,False,1 VEHICLE PARKED POSITION (NOT PARKING LOT/DRIVEWAY),BACKING,STRAIGHT & LEVEL,DAYLIGHT,,,2/28/2022 8:35:20 AM,False,7940,Accepted,
29753464,0568000,LOUISVILLE METRO POLICE DEPT,Accepted,JEFFERSON,,5110,BLEVINS GAP,RD,,,,,HIDDEN SPRINGS,,SCOTTS GAP,38.065409760,-85.851042686,1.925,2/25/2022 12:00:00 AM,0830,1,1,0,0,CLOUDY,WET,False,COLLISION WITH FIXED OBJECT NON - INTERSECTION - FIRST EVENT COLLISION 09 - 32 EXCLUDING 16,SINGLE VEHICLE,STRAIGHT & LEVEL,DAYLIGHT,,,2/28/2022 8:35:51 AM,False,7336,Accepted,
29753440,0568000,LOUISVILLE METRO POLICE DEPT,Accepted,JEFFERSON,I 0065,,I65 S,,,,,,,,,38.196648297,-85.733789998,131.234,2/25/2022 12:00:00 AM,1136,2,2,0,0,CLOUDY,DRY,False,SIDESWIPE COLLISION - SAME DIRECTION,SIDESWIPE-SAME DIRECTION,CURVE & LEVEL,DAYLIGHT,,,2/28/2022 8:34:43 AM,False,4903,Accepted,
29753442,0568000,LOUISVILLE METRO POLICE DEPT,Accepted,JEFFERSON,I 0065,,I65 S,,,,,,,,,38.226625128,-85.751699200,133.910,2/25/2022 12:00:00 AM,1302,2,2,0,0,CLOUDY,DRY,True,SIDESWIPE COLLISION - SAME DIRECTION,SIDESWIPE-SAME DIRECTION,STRAIGHT & LEVEL,DAYLIGHT,,,2/28/2022 8:34:47 AM,False,4903,Accepted,
29743027,0568000,LOUISVILLE METRO POLICE DEPT,Accepted,JEFFERSON,,,MARKET,ST,W,,36TH,,,,,38.261244003,-85.809782778,1.281,2/25/2022 12:00:00 AM,0313,2,2,0,0,CLEAR,WET,True,COLLISION WITH PARKED VEHICLE,SIDESWIPE-SAME DIRECTION,STRAIGHT & LEVEL,DARK-HWY LIGHTED/ON,,,2/25/2022 7:43:33 AM,False,5285,Accepted,
29745944,0560300,ST. MATTHEWS POLICE DEPARTMENT,Accepted,JEFFERSON,US0060,,SHELBYVILLE,RD,,,,,TEN PIN,I 0264,I264 W EXIT20B OFF RAMP TO US60,38.250273798,-85.622803773,5.346,2/25/2022 12:00:00 AM,1554,2,2,0,0,CLEAR,DRY,False,1 VEHICLE ENTERING/LEAVING ENTRANCE,ANGLE,STRAIGHT & LEVEL,DAYLIGHT,,,2/25/2022 10:38:36 PM,False,9151,Accepted,
29753448,0568000,LOUISVILLE METRO POLICE DEPT,Accepted,JEFFERSON,KY1450,,BLUE LICK,RD,,,PARK,,,,,38.116204203,-85.689516683,2.164,2/25/2022 12:00:00 AM,1354,2,2,0,0,CLOUDY,DRY,False,OTHER INTERSECTION COLLISIONS,REAR END,STRAIGHT & LEVEL,DAYLIGHT,,,2/28/2022 8:35:08 AM,False,2017,Accepted,
29753459,0568000,LOUISVILLE METRO POLICE DEPT,Accepted,JEFFERSON,I 0065,,,,,,,,,,,38.113148782,-85.695512854,0.497,2/25/2022 12:00:00 AM,1534,1,1,0,0,CLOUDY,DRY,False,COLLISION WITH FIXED OBJECT NOT IN GORE ,SINGLE VEHICLE,CURVE & LEVEL,DAYLIGHT,I 0065,I 0065,2/28/2022 8:35:39 AM,False,2017,Accepted,
29753468,0568000,LOUISVILLE METRO POLICE DEPT,Accepted,JEFFERSON,US0031W,7219,DIXIE,HWY,,,,,,,,38.146973547,-85.838130919,11.899,2/25/2022 12:00:00 AM,1547,2,2,0,0,CLOUDY,DRY,False,COLLISION IN PARKING LOT,ANGLE,STRAIGHT & LEVEL,DAYLIGHT,,,2/28/2022 8:36:09 AM,False,5170,Accepted,
29842481,0568000,LOUISVILLE METRO POLICE DEPT,Accepted,JEFFERSON,,,LIBERTY,ST,E,,BROOK,,,,,38.252294295,-85.749939725,0.124,2/25/2022 12:00:00 AM,1451,2,1,0,0,CLEAR,DRY,False,SIDESWIPE-SAME DIRECTION,SIDESWIPE-SAME DIRECTION,STRAIGHT & LEVEL,DAYLIGHT,,,3/21/2022 3:13:17 PM,False,7904,Accepted,
29826458,0568000,LOUISVILLE METRO POLICE DEPT,Accepted,JEFFERSON,,,HARTLAGE,CT,,,,,,,,38.200344079,-85.835951416,0.571,2/25/2022 12:00:00 AM,2000,3,3,0,0,CLEAR,DRY,False,REAR END IN TRAFFIC LANES BOTH VEHICLES MOVING,REAR END,STRAIGHT & LEVEL,DARK-HWY LIGHTED/ON,,,3/17/2022 8:14:40 AM,False,7154,Accepted,
29793207,0568000,LOUISVILLE METRO POLICE DEPT,Accepted,JEFFERSON,,,16TH,ST,S,US0031W,MARKET,,,,,38.257476592,-85.776598278,0.092,2/25/2022 12:00:00 AM,2157,2,2,0,0,CLEAR,DRY,False,ANGLE COLLISION - OTHER,ANGLE,STRAIGHT & LEVEL,DARK-HWY LIGHTED/ON,,,3/9/2022 8:20:52 AM,False,5331,Accepted,
29788510,0568000,LOUISVILLE METRO POLICE DEPT,Accepted,JEFFERSON,,,BIRCHWOOD,AVE,N,,,US0042,BROWNSBORO,,RIEDLING,38.260177788,-85.693098711,0.393,2/25/2022 12:00:00 AM,1819,2,2,0,0,CLEAR,DRY,False,1 VEHICLE PARKED POSITION (NOT PARKING LOT/DRIVEWAY),SIDESWIPE-SAME DIRECTION,STRAIGHT & GRADE,DAWN,,,3/8/2022 8:30:45 AM,False,7128,Accepted,
29763434,0568000,LOUISVILLE METRO POLICE DEPT,Accepted,JEFFERSON,I 0264,,I264 E,,,,,,,,,38.224870682,-85.643257733,17.467,2/25/2022 12:00:00 AM,0342,2,2,0,0,CLOUDY,WET,True,1 VEHICLE ENTERING/LEAVING ENTRANCE,ANGLE,STRAIGHT & LEVEL,DARK-HWY NOT LIGHTED,,,3/2/2022 8:15:19 AM,False,2034,Accepted,
30108999,0568000,LOUISVILLE METRO POLICE DEPT,Accepted,JEFFERSON,I 0264,,I264 E,,,,,,,,,38.191572712,-85.714536216,12.906,2/25/2022 12:00:00 AM,1620,3,3,0,0,CLOUDY,DRY,False,SIDESWIPE COLLISION - SAME DIRECTION,SIDESWIPE-SAME DIRECTION,STRAIGHT & GRADE,DAYLIGHT,,,5/27/2022 7:44:11 AM,False,7383,Accepted,
29763418,0568000,LOUISVILLE METRO POLICE DEPT,Accepted,JEFFERSON,,,CRITTENDEN,DR,,US0060A,EASTERN,,,,,38.211672053,-85.751319839,0.364,2/24/2022 12:00:00 AM,1750,3,3,0,1,RAINING,WET,False,OTHER INTERSECTION COLLISIONS,REAR END,STRAIGHT & LEVEL,DUSK,,,3/2/2022 8:14:31 AM,False,5287,Accepted,
29758489,0568000,LOUISVILLE METRO POLICE DEPT,Accepted,JEFFERSON,,,GOOSE CREEK,RD,,,MURRAY HILL,,,,,38.293268472,-85.586730178,0.594,2/24/2022 12:00:00 AM,2256,1,1,0,0,RAINING,WET,False,OTHER INTERSECTION COLLISIONS,SINGLE VEHICLE,CURVE & HILLCREST,DARK-HWY NOT LIGHTED,,,3/1/2022 8:45:45 AM,False,5030,Accepted,
29783624,0568000,LOUISVILLE METRO POLICE DEPT,Accepted,JEFFERSON,KY0864,,POPLAR LEVEL,RD,,,,KY0864,KY864 CROSSOVER,I 0264,I264 W EXIT14 ON RAMP FROM KY864 S,38.196269363,-85.707923231,11.378,2/24/2022 12:00:00 AM,0942,2,2,0,0,CLEAR,DRY,False,SIDESWIPE COLLISION - SAME DIRECTION,SIDESWIPE-SAME DIRECTION,STRAIGHT & LEVEL,DAYLIGHT,,,3/7/2022 8:23:24 AM,False,7938,Accepted,
29797770,0568000,LOUISVILLE METRO POLICE DEPT,Accepted,JEFFERSON,US0031W,,22ND,ST,S,,BROADWAY,,,,,38.249225371,-85.788207387,19.557,2/24/2022 12:00:00 AM,1920,2,2,0,0,RAINING,WET,False,ANGLE COLLISION - OTHER,ANGLE,STRAIGHT & LEVEL,DARK-HWY LIGHTED/ON,,,3/10/2022 8:10:15 AM,False,5365,Accepted,
29873739,0568000,LOUISVILLE METRO POLICE DEPT,Accepted,JEFFERSON,KY0864,,GOSS,AVE,,,SPRATT,,,,,38.227152863,-85.735288433,14.019,2/24/2022 12:00:00 AM,2227,2,2,0,0,CLEAR,DRY,True,ANGLE COLLISION - OTHER,ANGLE,STRAIGHT & LEVEL,DARK-HWY LIGHTED/ON,,,3/29/2022 8:28:18 AM,False,5196,Accepted,
29811964,0568000,LOUISVILLE METRO POLICE DEPT,Accepted,JEFFERSON,KY1631,,CRITTENDEN,DR,,,PHILLIPS,,,,,38.192246651,-85.750886402,0.302,2/24/2022 12:00:00 AM,1932,2,2,0,0,RAINING,WET,False,SIDESWIPE-SAME DIRECTION,SIDESWIPE-SAME DIRECTION,STRAIGHT & LEVEL,DARK-HWY LIGHTED/ON,,,3/14/2022 9:21:00 AM,False,5316,Accepted,
29992976,0568000,LOUISVILLE METRO POLICE DEPT,Accepted,JEFFERSON,I 0064,,,,,,,,,,,38.259113268,-85.753543131,0.171,2/24/2022 12:00:00 AM,0800,2,2,0,0,CLOUDY,DRY,False,OTHER RAMP RELATED COLLISIONS NOT LISTED ABOVE,REAR END,STRAIGHT & GRADE,DAWN,I 0064,N  3RD ST,4/28/2022 7:17:56 AM,False,5275,Accepted,
29855033,0568000,LOUISVILLE METRO POLICE DEPT,Accepted,JEFFERSON,,,GARLAND,AVE,,,26TH,,,,,38.244642249,-85.795441085,1.521,2/24/2022 12:00:00 AM,0808,2,2,0,0,CLOUDY,WET,False,ANGLE COLLISION - OTHER,ANGLE,STRAIGHT & LEVEL,DAYLIGHT,,,3/24/2022 8:35:57 AM,False,7656,Accepted,
29743003,0568000,LOUISVILLE METRO POLICE DEPT,Accepted,JEFFERSON,,,BROADWAY,,W,,23RD,,,,,38.249280076,-85.789885792,0.091,2/24/2022 12:00:00 AM,1026,2,2,0,0,CLOUDY,DRY,False,ANGLE COLLISION - OTHER,ANGLE,STRAIGHT & LEVEL,DAYLIGHT,,,2/25/2022 7:42:07 AM,False,5407,Accepted,
29743011,0568000,LOUISVILLE METRO POLICE DEPT,Accepted,JEFFERSON,KY1447,,WESTPORT,RD,,,,,,,,38.299208166,-85.542313610,7.004,2/24/2022 12:00:00 AM,1535,3,3,0,3,RAINING,WET,False,REAR END IN TRAFFIC LANES BOTH VEHICLES MOVING,REAR END,STRAIGHT & LEVEL,DAYLIGHT,,,2/25/2022 7:42:35 AM,False,2489,Accepted,
29743019,0568000,LOUISVILLE METRO POLICE DEPT,Accepted,JEFFERSON,US0031E,,BARDSTOWN,RD,,,,,WROCKLAGE,,SILS,38.223925411,-85.689760301,13.417,2/24/2022 12:00:00 AM,2017,2,2,0,0,RAINING,WET,False,OTHER ROADWAY OR MID-BLOCK COLLISION,REAR END,STRAIGHT & LEVEL,DARK-HWY LIGHTED/ON,,,2/25/2022 7:43:04 AM,False,2816,Accepted,
29739451,0568000,LOUISVILLE METRO POLICE DEPT,Accepted,JEFFERSON,KY1020,,NATIONAL,TPKE,,KY0841,KY841 RAMP TO KY1020,,,,,38.116811401,-85.747968253,3.007,2/24/2022 12:00:00 AM,0551,2,2,0,0,RAINING,WET,False,ANGLE COLLISION - OTHER,ANGLE,STRAIGHT & LEVEL,DARK-HWY LIGHTED/ON,,,2/24/2022 8:36:36 AM,False,5209,Accepted,
29753432,0568000,LOUISVILLE METRO POLICE DEPT,Accepted,JEFFERSON,US0031,,CLARK MEMORIAL,BRG,,,,,,,,38.259708062,-85.752585998,0.242,2/24/2022 12:00:00 AM,1440,3,3,0,0,RAINING,WET,False,SIDESWIPE COLLISION - SAME DIRECTION,SIDESWIPE-SAME DIRECTION,STRAIGHT & HILLCREST,DARK-HWY LIGHTED/ON,,,2/28/2022 8:34:17 AM,False,5354,Accepted,
29739453,0568000,LOUISVILLE METRO POLICE DEPT,Accepted,JEFFERSON,I 0265,,I265 N,,,,,,,,,38.286476772,-85.514386356,30.465,2/24/2022 12:00:00 AM,0538,2,2,0,1,SLEET HAIL FREEZING RAIN,ICE,False,REAR END IN TRAFFIC LANES BOTH VEHICLES MOVING,REAR END,STRAIGHT & HILLCREST,DARK-HWY NOT LIGHTED,,,2/24/2022 8:36:47 AM,False,5289,Accepted,
29739454,0568000,LOUISVILLE METRO POLICE DEPT,Accepted,JEFFERSON,,,GARLAND,AVE,,,34TH,,,,,38.245878742,-85.809125363,2.282,2/24/2022 12:00:00 AM,0645,2,2,0,0,RAINING,WET,True,OTHER INTERSECTION COLLISIONS,REAR END,STRAIGHT & LEVEL,DAYLIGHT,,,2/24/2022 8:36:51 AM,False,5303,Accepted,
29742995,0568000,LOUISVILLE METRO POLICE DEPT,Accepted,JEFFERSON,,,3RD,ST,S,KY2801,SOUTHERN HEIGHTS,,,,,38.189258840,-85.764874474,0.782,2/24/2022 12:00:00 AM,0832,2,2,0,0,CLOUDY,WET,False,ANGLE COLLISION - OTHER,ANGLE,STRAIGHT & LEVEL,DAYLIGHT,,,2/25/2022 7:41:42 AM,False,7872,Accepted,
29743004,0568000,LOUISVILLE METRO POLICE DEPT,Accepted,JEFFERSON,,,NORWAY,DR,,,MELODY,,,,,38.160303777,-85.794490777,0.061,2/24/2022 12:00:00 AM,1610,1,1,0,0,FOG WITH RAIN,WATER (STANDING OR MOVING),False,COLLISION WITH FIXED OBJECT IN INTERSECTION - FIRST EVENT COLLISION 09 - 32,SINGLE VEHICLE,STRAIGHT & HILLCREST,DAYLIGHT,,,2/25/2022 7:42:11 AM,False,7080,Accepted,
29743005,0568000,LOUISVILLE METRO POLICE DEPT,Accepted,JEFFERSON,,7400,SMYRNA,RD,,,,,BRISCOE,KY1065,OUTER,38.140858598,-85.643712834,0.254,2/24/2022 12:00:00 AM,1330,1,1,0,0,CLOUDY,DRY,False,OTHER COLLISIONS ON SHOULDER,SINGLE VEHICLE,STRAIGHT & GRADE,DAYLIGHT,,,2/25/2022 7:42:15 AM,False,2324,Accepted,
29743006,0568000,LOUISVILLE METRO POLICE DEPT,Accepted,JEFFERSON,,,SMYRNA,PKWY,,,,,MICHAEL RAY,,ROCHELLE,38.125921886,-85.642927464,0.832,2/24/2022 12:00:00 AM,1710,3,3,0,0,RAINING,WET,False,OTHER ROADWAY OR MID-BLOCK COLLISION,REAR END,STRAIGHT & LEVEL,DAYLIGHT,,,2/25/2022 7:42:18 AM,False,2324,Accepted,
29743012,0568000,LOUISVILLE METRO POLICE DEPT,Accepted,JEFFERSON,US0060A,,EASTERN,PKWY,,,,,BARRET,,DAHLIA,38.225777281,-85.722612909,5.973,2/24/2022 12:00:00 AM,1708,2,2,0,1,RAINING,WET,False,HEAD-ON COLLISION,HEAD ON,CURVE & GRADE,DAYLIGHT,,,2/25/2022 7:42:38 AM,False,5006,Accepted,
29743013,0568000,LOUISVILLE METRO POLICE DEPT,Accepted,JEFFERSON,KY0155,,TAYLORSVILLE,RD,,,MEADOWVIEW,,,,,38.220364467,-85.635614180,13.872,2/24/2022 12:00:00 AM,1624,3,3,0,0,RAINING,WET,False,OTHER INTERSECTION COLLISIONS,REAR END,STRAIGHT & LEVEL,DAYLIGHT,,,2/25/2022 7:42:42 AM,False,5288,Accepted,
29743014,0568000,LOUISVILLE METRO POLICE DEPT,Accepted,JEFFERSON,,100B,ST CATHERINE,ST,E,,,,,,,38.236867832,-85.754569453,1.298,2/24/2022 12:00:00 AM,0839,2,2,0,0,CLOUDY,WET,False,1 VEHICLE ENTERING/LEAVING ENTRANCE,ANGLE,STRAIGHT & LEVEL,DAYLIGHT,,,2/25/2022 7:42:46 AM,False,7398,Accepted,
29743021,0568000,LOUISVILLE METRO POLICE DEPT,Accepted,JEFFERSON,,,CHRISTIAN,WAY,,,,,,,,38.247497878,-85.606791726,0.093,2/24/2022 12:00:00 AM,2110,2,2,0,3,RAINING,WET,False,1 VEHICLE ENTERING/LEAVING ENTRANCE,ANGLE,STRAIGHT & LEVEL,DARK-HWY LIGHTED/ON,,,2/25/2022 7:43:12 AM,False,6777,Accepted,
29743022,0568000,LOUISVILLE METRO POLICE DEPT,Accepted,JEFFERSON,KY1065,,OUTER,LOOP,,,MINOR,,,,,38.136360109,-85.697226145,5.459,2/24/2022 12:00:00 AM,2300,2,2,0,0,RAINING,WET,False,OPPOSITE DIRECTION - BOTH VEHICLES GOING STRAIGHT AHEAD,SIDESWIPE-OPPOSITE DIRECTION,STRAIGHT & LEVEL,DARK-HWY NOT LIGHTED,,,2/25/2022 7:43:16 AM,False,5336,Accepted,
29743029,0568000,LOUISVILLE METRO POLICE DEPT,Accepted,JEFFERSON,,,WILSON,AVE,,,,,,,,38.227946844,-85.806379342,1.885,2/24/2022 12:00:00 AM,1921,2,2,0,1,RAINING,WET,False,OTHER ROADWAY OR MID-BLOCK COLLISION,OPPOSING LEFT TURN,STRAIGHT & LEVEL,DARK-HWY LIGHTED/ON,,,2/25/2022 7:43:40 AM,False,5344,Accepted,
29743030,0568000,LOUISVILLE METRO POLICE DEPT,Accepted,JEFFERSON,I 0064,,I64 W,,,,,I 0064,I64 W EXIT5A RAMP TO I71 S,I 0064,I64 W EXIT7 ON RAMP FROM  STORY AVE,38.261713854,-85.726691458,5.979,2/24/2022 12:00:00 AM,0638,2,2,0,0,SLEET HAIL FREEZING RAIN,ICE,False,1 VEHICLE ENTERING/LEAVING ENTRANCE,ANGLE,CURVE & GRADE,DAWN,,,2/25/2022 7:43:43 AM,False,5274,Accepted,
29743031,0568000,LOUISVILLE METRO POLICE DEPT,Accepted,JEFFERSON,,,BARRET,AVE,,US0150,BROADWAY,,,,,38.244234936,-85.733998935,0.317,2/24/2022 12:00:00 AM,2356,1,1,0,0,RAINING,WET,False,COLLISION WITH FIXED OBJECT IN INTERSECTION - FIRST EVENT COLLISION 09 - 32,SINGLE VEHICLE,STRAIGHT & LEVEL,DARK-HWY LIGHTED/ON,,,2/25/2022 7:43:47 AM,False,5274,Accepted,
29739928,0564500,PROSPECT POLICE DEPARTMENT,Accepted,JEFFERSON,,,RIVER,RD,,,CARSLAW,,,,,38.343077696,-85.621953743,6.393,2/24/2022 12:00:00 AM,0730,2,2,0,1,CLOUDY,DRY,False,ANGLE COLLISION - OTHER,ANGLE,STRAIGHT & LEVEL,DAYLIGHT,,,2/24/2022 10:48:49 AM,False,1137,Accepted,
29743001,0568000,LOUISVILLE METRO POLICE DEPT,Accepted,JEFFERSON,I 0264,,,,,,,,,,,38.249314615,-85.620011891,0.251,2/24/2022 12:00:00 AM,1455,1,1,0,0,RAINING,WET,False,COLLISION WITH FIXED OBJECT NOT IN GORE ,SINGLE VEHICLE,CURVE & GRADE,DAYLIGHT,I 0264,US0060,2/25/2022 7:41:59 AM,False,7316,Accepted,
29743026,0568000,LOUISVILLE METRO POLICE DEPT,Accepted,JEFFERSON,,,VERMONT,AVE,,,34TH,,,,,38.255554584,-85.807345171,0.364,2/24/2022 12:00:00 AM,2209,2,2,0,0,RAINING,WET,False,ANGLE COLLISION - OTHER,ANGLE,STRAIGHT & LEVEL,DARK-HWY LIGHTED/ON,,,2/25/2022 7:43:29 AM,False,5285,Accepted,
29753429,0568000,LOUISVILLE METRO POLICE DEPT,Accepted,JEFFERSON,I 0265,,I265 N,,,,,,,,,38.286531411,-85.514992153,30.499,2/24/2022 12:00:00 AM,0538,1,1,0,0,SLEET HAIL FREEZING RAIN,ICE,False,OTHER ROADWAY OR MID-BLOCK COLLISION,SINGLE VEHICLE,STRAIGHT & LEVEL,DARK-HWY LIGHTED/ON,,,2/28/2022 8:34:04 AM,False,5128,Accepted,
29743016,0568000,LOUISVILLE METRO POLICE DEPT,Accepted,JEFFERSON,US0031W,,DIXIE,HWY,,,ELZIE,,,,,38.126195699,-85.851537891,10.159,2/24/2022 12:00:00 AM,1937,3,3,0,2,RAINING,WET,False,OTHER INTERSECTION COLLISIONS,REAR TO REAR,STRAIGHT & LEVEL,DARK-HWY NOT LIGHTED,,,2/25/2022 7:42:54 AM,False,5212,Accepted,
29743017,0568000,LOUISVILLE METRO POLICE DEPT,Accepted,JEFFERSON,KY1747,,HURSTBOURNE,PKWY,S,,,,PATRIOTS CROSSING,KY1747,KY1747 CROSSOVER,38.163179411,-85.635055529,5.484,2/24/2022 12:00:00 AM,0919,1,1,0,1,CLOUDY,DRY,False,OTHER COLLISIONS ON SHOULDER,SINGLE VEHICLE,CURVE & LEVEL,DAYLIGHT,,,2/25/2022 7:42:57 AM,False,7484,Accepted,
29743018,0568000,LOUISVILLE METRO POLICE DEPT,Accepted,JEFFERSON,KY0864,7711,FEGENBUSH,LN,,,,,,,,38.139799997,-85.617544164,4.524,2/24/2022 12:00:00 AM,1707,2,2,0,0,RAINING,WATER (STANDING OR MOVING),False,1 VEHICLE ENTERING/LEAVING ENTRANCE,ANGLE,STRAIGHT & LEVEL,DUSK,,,2/25/2022 7:43:00 AM,False,7484,Accepted,
29742998,0568000,LOUISVILLE METRO POLICE DEPT,Accepted,JEFFERSON,I 0064,,,,,,,,,,,38.258468973,-85.738917506,0.333,2/24/2022 12:00:00 AM,0655,2,2,0,0,CLOUDY,ICE,False,OTHER RAMP RELATED COLLISIONS NOT LISTED ABOVE,REAR END,CURVE & GRADE,DAYLIGHT,I 0065,I 0064,2/25/2022 7:41:48 AM,True,4903,Accepted,
29742999,0568000,LOUISVILLE METRO POLICE DEPT,Accepted,JEFFERSON,,,SEATONVILLE,RD,,,SHAFFER,,,,,38.143744765,-85.562810217,1.050,2/24/2022 12:00:00 AM,0722,1,1,0,1,CLOUDY,ICE,False,COLLISION WITH FIXED OBJECT IN INTERSECTION - FIRST EVENT COLLISION 09 - 32,SINGLE VEHICLE,STRAIGHT & HILLCREST,DAWN,,,2/25/2022 7:41:52 AM,False,7354,Accepted,
29743007,0568000,LOUISVILLE METRO POLICE DEPT,Accepted,JEFFERSON,,,OAK,ST,E,,CLAY,,,,,38.233868833,-85.743512634,0.650,2/24/2022 12:00:00 AM,1406,2,2,0,0,CLOUDY,DRY,False,ANGLE COLLISION - OTHER,ANGLE,STRAIGHT & LEVEL,DAWN,,,2/25/2022 7:42:21 AM,False,5301,Accepted,
29743015,0568000,LOUISVILLE METRO POLICE DEPT,Accepted,JEFFERSON,KY0061,,PRESTON,HWY,,,TRIO,,,,,38.129901443,-85.682040502,3.323,2/24/2022 12:00:00 AM,1932,2,2,0,0,RAINING,WET,False,ANGLE COLLISION - OTHER,ANGLE,STRAIGHT & LEVEL,DARK-HWY LIGHTED/ON,,,2/25/2022 7:42:50 AM,False,5336,Accepted,
29743024,0568000,LOUISVILLE METRO POLICE DEPT,Accepted,JEFFERSON,US0031W,9070,DIXIE,HWY,,,,,WITTEN,,ELZIE,38.124219851,-85.853295751,9.994,2/24/2022 12:00:00 AM,1929,2,2,0,0,RAINING,WET,False,REAR END IN TRAFFIC LANES BOTH VEHICLES MOVING,REAR END,STRAIGHT & LEVEL,DARK-HWY NOT LIGHTED,,,2/25/2022 7:43:23 AM,False,5211,Accepted,
29757004,0568000,LOUISVILLE METRO POLICE DEPT,Accepted,JEFFERSON,I 0265,,I265 N,,,,,,,,,38.286537387,-85.515039409,30.502,2/24/2022 12:00:00 AM,0540,2,1,0,0,SLEET HAIL FREEZING RAIN,ICE,False,1 VEHICLE ENTERING/LEAVING ENTRANCE,ANGLE,STRAIGHT & LEVEL,DARK-HWY LIGHTED/ON,,,2/28/2022 11:17:33 PM,False,5128,Accepted,
29758477,0568000,LOUISVILLE METRO POLICE DEPT,Accepted,JEFFERSON,,2601,BROADWAY,,W,,,,,,,38.249452318,-85.794883966,0.363,2/24/2022 12:00:00 AM,1818,2,2,0,0,RAINING,WET,False,COLLISION IN PARKING LOT,ANGLE,STRAIGHT & LEVEL,DUSK,,,3/1/2022 8:45:01 AM,False,5407,Accepted,
29763414,0568000,LOUISVILLE METRO POLICE DEPT,Accepted,JEFFERSON,,,CENTRAL,AVE,,,,KY1020,3RD,,4TH,38.204946501,-85.764733613,0.395,2/24/2022 12:00:00 AM,1141,2,2,0,1,CLOUDY,DRY,False,OTHER ROADWAY OR MID-BLOCK COLLISION,REAR END,STRAIGHT & LEVEL,DAYLIGHT,,,3/2/2022 8:14:16 AM,False,2745,Accepted,
29788509,0568000,LOUISVILLE METRO POLICE DEPT,Accepted,JEFFERSON,I 0065,,I65 N,,,,,,,,,38.261829358,-85.741159408,136.659,2/24/2022 12:00:00 AM,0639,2,2,0,1,RAINING,ICE,False,REAR END IN TRAFFIC LANES BOTH VEHICLES MOVING,REAR END,STRAIGHT & LEVEL,DAWN,,,3/8/2022 8:30:40 AM,False,7720,Accepted,
29784473,0568000,LOUISVILLE METRO POLICE DEPT,Accepted,JEFFERSON,KY0841,,GENE SNYDER,FWY,,,,,,,,38.120549097,-85.779157042,5.950,2/24/2022 12:00:00 AM,0803,1,1,1,0,CLOUDY,ICE,False,COLLISION WITH FIXED OBJECT NON - INTERSECTION - FIRST EVENT COLLISION 09 - 32 EXCLUDING 16,SINGLE VEHICLE,CURVE & GRADE,DAYLIGHT,,,3/7/2022 11:28:27 AM,False,7720,Accepted,
29763438,0568000,LOUISVILLE METRO POLICE DEPT,Accepted,JEFFERSON,I 0065,,,,,,,,,,,38.192527879,-85.729929673,0.490,2/23/2022 12:00:00 AM,1929,3,3,0,0,CLEAR,DRY,False,OTHER RAMP RELATED COLLISIONS NOT LISTED ABOVE,REAR END,STRAIGHT & LEVEL,DARK (UNKNOWN ROADWAY LIGHTING),I 0264,I 0065,3/2/2022 8:15:35 AM,False,5050,Accepted,
29739441,0568000,LOUISVILLE METRO POLICE DEPT,Accepted,JEFFERSON,KY1065,5915,OUTER,LOOP,,,,,,,,38.138473765,-85.651167484,8.008,2/23/2022 12:00:00 AM,0709,2,1,0,0,CLOUDY,DRY,False,COLLISION IN PARKING LOT,SINGLE VEHICLE,STRAIGHT & LEVEL,DARK-HWY NOT LIGHTED,,,2/24/2022 8:35:32 AM,False,2017,Accepted,
29739442,0568000,LOUISVILLE METRO POLICE DEPT,Accepted,JEFFERSON,,4000B,BUECHEL BANK,RD,,,,,,,,38.178040892,-85.648964902,0.996,2/23/2022 12:00:00 AM,1452,2,2,0,0,CLEAR,DRY,False,1 VEHICLE ENTERING/LEAVING ENTRANCE,ANGLE,STRAIGHT & LEVEL,DAYLIGHT,,,2/24/2022 8:35:36 AM,False,7739,Accepted,