IncidentID,AgencyORI,AgencyName,IncidentStatusDesc,County,RdwyNumber,Street,RoadwayName,StreetSfx,StreetDir,IntersectionRdwy,IntersectionRdwyName,BetweenStRdwy1,BetweenStRdwyName1,BetweenStRdwy2,BetweenStRdwyName2,Latitude,Longitude,Milepoint,CollisionDate,CollisionTime,UnitsInvolved,MotorVehiclesInvolved,NumberKilled,NumberInjured,Weather,RdwyConditionCode,HitandRun,DirAnalysisCode,MannerofCollision,RdwyCharacter,LightCondition,RampFromRdwyId,RampToRdwyId,AcceptedDate,IsSecondaryCollision,OwnerBadge,IncidentStatus,
29743000,0568000,LOUISVILLE METRO POLICE DEPT,Accepted,JEFFERSON,,,MAGAZINE,ST,,,15TH,,,,,38.249704251,-85.776344136,0.498,2/23/2022 12:00:00 AM,1230,2,2,0,0,CLEAR,DRY,False,ANGLE COLLISION - OTHER,ANGLE,STRAIGHT & LEVEL,DAYLIGHT,,,2/25/2022 7:41:55 AM,False,5408,Accepted,
29743010,0568000,LOUISVILLE METRO POLICE DEPT,Accepted,JEFFERSON,I 0071,,I71 S,,,,,,INDIAN HILLS,I 0071,I71 S RAMP FROM I264,38.286357787,-85.679237055,3.124,2/23/2022 12:00:00 AM,2240,2,2,0,0,CLEAR,DRY,False,OTHER ROADWAY OR MID-BLOCK COLLISION,REAR END,STRAIGHT & LEVEL,DARK-HWY LIGHTED/OFF,,,2/25/2022 7:42:31 AM,False,5274,Accepted,
29739417,0568000,LOUISVILLE METRO POLICE DEPT,Accepted,JEFFERSON,KY1934,,GREENBELT,HWY,,,,,GLOBAL,,RIVER FIELD,38.139626928,-85.887417322,3.916,2/23/2022 12:00:00 AM,0803,1,1,0,1,CLOUDY,DRY,False,COLLISION WITH FIXED OBJECT NON - INTERSECTION - FIRST EVENT COLLISION 09 - 32 EXCLUDING 16,SINGLE VEHICLE,STRAIGHT & LEVEL,DAWN,,,2/24/2022 8:34:13 AM,False,7144,Accepted,
29739432,0568000,LOUISVILLE METRO POLICE DEPT,Accepted,JEFFERSON,I 0265,,I265 N,,,I 0265,I265 N EXIT33 OFF RAMP TO KY1447,,,,,38.297192725,-85.547677264,32.481,2/23/2022 12:00:00 AM,1209,2,2,0,1,CLOUDY,DRY,False,ANGLE COLLISION - OTHER,ANGLE,STRAIGHT & LEVEL,DAYLIGHT,,,2/24/2022 8:34:55 AM,False,7316,Accepted,
29739433,0568000,LOUISVILLE METRO POLICE DEPT,Accepted,JEFFERSON,US0031W,,DIXIE,HWY,,,BARRETT,,,,,38.102951074,-85.869658693,8.274,2/23/2022 12:00:00 AM,1357,2,2,0,0,CLOUDY,DRY,False,ANGLE COLLISION - OTHER,ANGLE,STRAIGHT & LEVEL,DAYLIGHT,,,2/24/2022 8:34:59 AM,False,6318,Accepted,
29739448,0568000,LOUISVILLE METRO POLICE DEPT,Accepted,JEFFERSON,,,PUTMAN,ST,,,LEES,,,,,38.193683638,-85.876230144,0.130,2/23/2022 12:00:00 AM,2013,1,1,0,0,CLEAR,DRY,False,COLLISION WITH FIXED OBJECT IN INTERSECTION - FIRST EVENT COLLISION 09 - 32,SINGLE VEHICLE,STRAIGHT & LEVEL,DARK-HWY LIGHTED/ON,,,2/24/2022 8:36:09 AM,False,2877,Accepted,
29739449,0568000,LOUISVILLE METRO POLICE DEPT,Accepted,JEFFERSON,,,1ST,ST,S,US0150,BROADWAY,,,,,38.245747168,-85.753391179,0.720,2/23/2022 12:00:00 AM,2230,2,2,0,1,CLEAR,DRY,False,ANGLE COLLISION - OTHER,ANGLE,STRAIGHT & LEVEL,DARK-HWY LIGHTED/ON,,,2/24/2022 8:36:15 AM,False,5385,Accepted,
29739450,0568000,LOUISVILLE METRO POLICE DEPT,Accepted,JEFFERSON,KY0864,,SHELBY,ST,S,,LAMPTON,,,,,38.241332580,-85.740091145,15.257,2/23/2022 12:00:00 AM,2115,2,2,0,0,CLEAR,DRY,False,SIDESWIPE-SAME DIRECTION,SIDESWIPE-SAME DIRECTION,STRAIGHT & LEVEL,DARK-HWY LIGHTED/ON,,,2/24/2022 8:36:25 AM,False,5236,Accepted,
29739420,0568000,LOUISVILLE METRO POLICE DEPT,Accepted,JEFFERSON,I 0264,,I264 E,,,,,,,,,38.189802309,-85.766719442,10.051,2/23/2022 12:00:00 AM,0759,2,2,0,1,CLOUDY,DRY,True,REAR END IN TRAFFIC LANES BOTH VEHICLES MOVING,REAR END,STRAIGHT & GRADE,DAYLIGHT,,,2/24/2022 8:34:18 AM,False,4903,Accepted,
29739434,0568000,LOUISVILLE METRO POLICE DEPT,Accepted,JEFFERSON,US0031E,,MAIN,ST,E,KY0061,JACKSON,,,,,38.255221466,-85.743834610,17.342,2/23/2022 12:00:00 AM,1419,2,2,0,0,CLOUDY,DRY,False,SIDESWIPE-SAME DIRECTION,SIDESWIPE-SAME DIRECTION,STRAIGHT & LEVEL,DAYLIGHT,,,2/24/2022 8:35:04 AM,False,5173,Accepted,
29739436,0568000,LOUISVILLE METRO POLICE DEPT,Accepted,JEFFERSON,KY1934,,GREENBELT,HWY,,,ASHBY,,,,,38.110739135,-85.894434285,1.910,2/23/2022 12:00:00 AM,1357,2,2,0,1,CLOUDY,DRY,False,ANGLE COLLISION - OTHER,ANGLE,STRAIGHT & LEVEL,DAYLIGHT,,,2/24/2022 8:35:13 AM,False,7144,Accepted,
29739445,0568000,LOUISVILLE METRO POLICE DEPT,Accepted,JEFFERSON,KY0841,,GENE SNYDER,FWY,,,,,,,,38.090457370,-85.840122846,1.979,2/23/2022 12:00:00 AM,1423,1,1,0,0,CLOUDY,DRY,False,OTHER COLLISIONS ON SHOULDER,SINGLE VEHICLE,STRAIGHT & LEVEL,DAYLIGHT,,,2/24/2022 8:35:52 AM,False,2217,Accepted,
29739452,0568000,LOUISVILLE METRO POLICE DEPT,Accepted,JEFFERSON,,,HOWARD,ST,,,MIDWAY,,,,,38.246095360,-85.794199548,0.380,2/23/2022 12:00:00 AM,2217,2,2,0,2,CLEAR,DRY,False,OTHER INTERSECTION COLLISIONS,REAR END,STRAIGHT & LEVEL,DARK (UNKNOWN ROADWAY LIGHTING),,,2/24/2022 8:36:41 AM,False,5327,Accepted,
29753516,0568000,LOUISVILLE METRO POLICE DEPT,Accepted,JEFFERSON,I 0264,,I264 E,,,,,,,,,38.201837778,-85.688951245,14.502,2/23/2022 12:00:00 AM,1630,2,2,0,1,CLOUDY,DRY,True,SIDESWIPE COLLISION - SAME DIRECTION,SIDESWIPE-SAME DIRECTION,STRAIGHT & LEVEL,DAYLIGHT,,,2/28/2022 8:39:31 AM,False,7306,Accepted,
29758520,0568000,LOUISVILLE METRO POLICE DEPT,Accepted,JEFFERSON,,,STONE LAKES,DR,,,,,,,,38.187649679,-85.516002868,0.424,2/23/2022 12:00:00 AM,1613,2,2,0,0,CLOUDY,DRY,False,REAR END IN TRAFFIC LANES BOTH VEHICLES MOVING,REAR END,STRAIGHT & LEVEL,DAYLIGHT,,,3/1/2022 8:46:44 AM,False,7376,Accepted,
29955744,0568000,LOUISVILLE METRO POLICE DEPT,Accepted,JEFFERSON,KY0907,7920,3RD ST,RD,,,,,,,,38.130994834,-85.792055395,4.938,2/22/2022 12:00:00 AM,1526,1,1,0,0,RAINING,WET,False,OTHER ROADWAY OR MID-BLOCK COLLISION,SINGLE VEHICLE,STRAIGHT & GRADE,DAYLIGHT,,,4/19/2022 8:35:04 AM,False,7232,Accepted,
29758472,0568000,LOUISVILLE METRO POLICE DEPT,Accepted,JEFFERSON,I 0065,,I65 S,,,,,,,,,38.209259006,-85.752845355,132.699,2/22/2022 12:00:00 AM,0703,2,2,0,0,RAINING,WET,False,OTHER ROADWAY OR MID-BLOCK COLLISION,REAR END,CURVE & LEVEL,DARK-HWY NOT LIGHTED,,,3/1/2022 8:44:42 AM,True,7772,Accepted,
29753433,0568000,LOUISVILLE METRO POLICE DEPT,Accepted,JEFFERSON,,,DIXIE,HWY,,KY2054,ALGONQUIN,,,,,38.223168219,-85.792504397,1.868,2/22/2022 12:00:00 AM,1825,2,2,0,1,RAINING,WET,False,OTHER INTERSECTION COLLISIONS,REAR END,STRAIGHT & LEVEL,DAWN,,,2/28/2022 8:34:23 AM,False,5416,Accepted,
29753475,0568000,LOUISVILLE METRO POLICE DEPT,Accepted,JEFFERSON,KY0864,4564,POPLAR LEVEL,RD,,,,,,,,38.181153673,-85.695197214,10.086,2/22/2022 12:00:00 AM,1749,2,2,0,1,CLEAR,DRY,False,1 VEHICLE ENTERING/LEAVING ENTRANCE,ANGLE,STRAIGHT & LEVEL,DARK (UNKNOWN ROADWAY LIGHTING),,,2/28/2022 8:36:25 AM,False,5375,Accepted,
29734714,0568000,LOUISVILLE METRO POLICE DEPT,Accepted,JEFFERSON,KY1865,,TAYLOR,BLVD,,,BLUEGRASS,,,,,38.179603454,-85.783259786,5.030,2/22/2022 12:00:00 AM,2017,2,1,0,1,CLEAR,DRY,False,COLLISION WITH PEDESTRIAN IN INTERSECTION,SINGLE VEHICLE,STRAIGHT & LEVEL,DARK-HWY LIGHTED/ON,,,2/23/2022 8:19:07 AM,False,5284,Accepted,
29734715,0568000,LOUISVILLE METRO POLICE DEPT,Accepted,JEFFERSON,,,BEECHBROOK,RD,,,NORBROOK,,,,,38.183179971,-85.641429096,0.168,2/22/2022 12:00:00 AM,1908,2,2,0,0,CLEAR,WET,True,ANGLE COLLISION - OTHER,ANGLE,STRAIGHT & LEVEL,DARK-HWY LIGHTED/ON,,,2/23/2022 8:19:12 AM,False,5328,Accepted,
29734716,0568000,LOUISVILLE METRO POLICE DEPT,Accepted,JEFFERSON,,,MUHAMMAD ALI,BLVD,W,,32ND,,,,,38.256428374,-85.804897003,2.875,2/22/2022 12:00:00 AM,2215,2,2,0,3,RAINING,WET,False,ANGLE COLLISION - OTHER,ANGLE,STRAIGHT & LEVEL,DARK-HWY LIGHTED/ON,,,2/23/2022 8:19:17 AM,False,5367,Accepted,
29734691,0568000,LOUISVILLE METRO POLICE DEPT,Accepted,JEFFERSON,US0042,,BROWNSBORO,RD,,,,,JARVIS,,MOCKINGBIRD VALLEY,38.262605388,-85.679554203,3.109,2/22/2022 12:00:00 AM,1642,1,1,0,0,RAINING,WET,False,COLLISION WITH FIXED OBJECT NON - INTERSECTION - FIRST EVENT COLLISION 09 - 32 EXCLUDING 16,SINGLE VEHICLE,STRAIGHT & HILLCREST,DAYLIGHT,,,2/23/2022 8:17:09 AM,False,7632,Accepted,
29734699,0568000,LOUISVILLE METRO POLICE DEPT,Accepted,JEFFERSON,,,5TH,ST,S,,,,,,,38.213706504,-85.765728064,2.171,2/22/2022 12:00:00 AM,1837,1,1,0,1,RAINING,WET,False,COLLISION WITH FIXED OBJECT NON - INTERSECTION - FIRST EVENT COLLISION 09 - 32 EXCLUDING 16,SINGLE VEHICLE,STRAIGHT & LEVEL,DARK (UNKNOWN ROADWAY LIGHTING),,,2/23/2022 8:17:49 AM,False,7667,Accepted,
29734671,0568000,LOUISVILLE METRO POLICE DEPT,Accepted,JEFFERSON,KY1065,,OUTER,LOOP,,,BRIARCLIFF,,,,,38.136138348,-85.697108943,5.470,2/22/2022 12:00:00 AM,0916,2,2,0,0,RAINING,WET,True,ANGLE COLLISION - ONE VEHICLE TURNING LEFT,ANGLE,STRAIGHT & LEVEL,DAYLIGHT,,,2/23/2022 8:16:02 AM,False,4693,Accepted,
29734713,0568000,LOUISVILLE METRO POLICE DEPT,Accepted,JEFFERSON,US0042,,BROWNSBORO,RD,,,MOCKINGBIRD VALLEY,,,,,38.263117100,-85.678099367,3.194,2/22/2022 12:00:00 AM,2249,2,2,0,1,CLEAR,WET,False,OPPOSITE DIRECTION - BOTH VEHICLES GOING STRAIGHT AHEAD,SIDESWIPE-OPPOSITE DIRECTION,STRAIGHT & LEVEL,DARK-HWY LIGHTED/ON,,,2/23/2022 8:19:01 AM,False,5205,Accepted,
29730401,0568000,LOUISVILLE METRO POLICE DEPT,Accepted,JEFFERSON,,,OAK,ST,W,,15TH,,,,,38.236609142,-85.778394919,1.258,2/22/2022 12:00:00 AM,0440,2,2,0,1,CLEAR,WET,False,ANGLE COLLISION - OTHER,ANGLE,STRAIGHT & LEVEL,DARK-HWY LIGHTED/ON,,,2/22/2022 7:57:54 AM,False,5353,Accepted,
29734655,0568000,LOUISVILLE METRO POLICE DEPT,Accepted,JEFFERSON,I 0265,,I265 N,,,,,,,,,38.311576617,-85.575816275,34.319,2/22/2022 12:00:00 AM,0738,2,2,0,0,RAINING,WET,False,OTHER ROADWAY OR MID-BLOCK COLLISION,REAR END,STRAIGHT & LEVEL,DAYLIGHT,,,2/23/2022 8:14:29 AM,False,4903,Accepted,
29734657,0568000,LOUISVILLE METRO POLICE DEPT,Accepted,JEFFERSON,KY1747,,HURSTBOURNE,PKWY,S,,,,,,,38.244878105,-85.578483710,13.284,2/22/2022 12:00:00 AM,0830,1,1,0,0,RAINING,WATER (STANDING OR MOVING),False,OTHER ROADWAY OR MID-BLOCK COLLISION,SINGLE VEHICLE,CURVE & LEVEL,DAYLIGHT,,,2/23/2022 8:14:45 AM,False,2013,Accepted,
29734682,0568000,LOUISVILLE METRO POLICE DEPT,Accepted,JEFFERSON,US0042,,BROWNSBORO,RD,,,BLANKENBAKER,,,,,38.274219192,-85.645491492,5.148,2/22/2022 12:00:00 AM,1403,2,2,0,0,RAINING,WET,False,ANGLE COLLISION - OTHER,ANGLE,STRAIGHT & LEVEL,DAYLIGHT,,,2/23/2022 8:16:46 AM,False,7632,Accepted,
29734690,0568000,LOUISVILLE METRO POLICE DEPT,Accepted,JEFFERSON,US0060,,SHELBYVILLE,RD,,,,,VIEUX CARRE,,WILDWOOD,38.246167847,-85.573738396,8.032,2/22/2022 12:00:00 AM,1730,2,2,0,0,RAINING,WET,False,SIDESWIPE COLLISION - SAME DIRECTION,SIDESWIPE-SAME DIRECTION,STRAIGHT & LEVEL,DAYLIGHT,,,2/23/2022 8:17:03 AM,False,2013,Accepted,
29734696,0568000,LOUISVILLE METRO POLICE DEPT,Accepted,JEFFERSON,US0150,,22ND,ST,N,,LYTLE,,,,,38.267464841,-85.783028115,0.179,2/22/2022 12:00:00 AM,0600,1,1,0,1,RAINING,WET,False,COLLISION WITH FIXED OBJECT IN INTERSECTION - FIRST EVENT COLLISION 09 - 32,SINGLE VEHICLE,STRAIGHT & LEVEL,DARK-HWY LIGHTED/ON,,,2/23/2022 8:17:30 AM,False,5331,Accepted,
29734698,0568000,LOUISVILLE METRO POLICE DEPT,Accepted,JEFFERSON,KY1020,,3RD,ST,S,,,,,,,38.204640074,-85.763898617,9.477,2/22/2022 12:00:00 AM,1542,3,3,0,0,RAINING,WET,True,OTHER ROADWAY OR MID-BLOCK COLLISION,REAR END,STRAIGHT & LEVEL,DAYLIGHT,,,2/23/2022 8:17:41 AM,False,7667,Accepted,
29734706,0568000,LOUISVILLE METRO POLICE DEPT,Accepted,JEFFERSON,US0031W,,DIXIE,HWY,,US0031W,US31W RAMP FROM KY841,,,,,38.094011893,-85.874902927,7.600,2/22/2022 12:00:00 AM,1906,2,2,0,3,CLOUDY,WET,False,OPPOSING LEFT TURN,OPPOSING LEFT TURN,STRAIGHT & LEVEL,DARK-HWY LIGHTED/OFF,,,2/23/2022 8:18:25 AM,False,7264,Accepted,
29739439,0568000,LOUISVILLE METRO POLICE DEPT,Accepted,JEFFERSON,I 0071,,I71 S,,,,,,,,,38.295656612,-85.628287229,6.192,2/22/2022 12:00:00 AM,0752,3,3,0,0,RAINING,WET,False,REAR END IN TRAFFIC LANES BOTH VEHICLES MOVING,REAR END,CURVE & GRADE,DUSK,,,2/24/2022 8:35:23 AM,False,7720,Accepted,
29735263,0561500,UNIV. OF LOUISVILLE POLICE,Accepted,JEFFERSON,KY1020,,3RD,ST,S,,M,,,,,38.208855434,-85.763240600,9.770,2/22/2022 12:00:00 AM,1709,2,2,0,0,CLOUDY,WET,True,ANGLE COLLISION - OTHER,ANGLE,STRAIGHT & LEVEL,DAYLIGHT,,,2/23/2022 10:28:36 AM,False,5714,Accepted,
29734684,0568000,LOUISVILLE METRO POLICE DEPT,Accepted,JEFFERSON,KY1865,5929,NEW CUT,RD,,,,,,,,38.126382306,-85.775557174,1.241,2/22/2022 12:00:00 AM,1352,2,2,0,0,CLOUDY,WET,False,1 VEHICLE ENTERING/LEAVING ENTRANCE,ANGLE,CURVE & LEVEL,DAYLIGHT,,,2/23/2022 8:16:50 AM,False,7089,Accepted,
29734686,0568000,LOUISVILLE METRO POLICE DEPT,Accepted,JEFFERSON,,,CINDERELLA,LN,,,MIDNIGHT,,,,,38.115167142,-85.656131514,0.301,2/22/2022 12:00:00 AM,1653,2,2,0,0,CLOUDY,WET,False,OPPOSITE DIRECTION - BOTH VEHICLES GOING STRAIGHT AHEAD,SIDESWIPE-OPPOSITE DIRECTION,CURVE & LEVEL,DAYLIGHT,,,2/23/2022 8:16:55 AM,False,2324,Accepted,
29734719,0568000,LOUISVILLE METRO POLICE DEPT,Accepted,JEFFERSON,,,SIX MILE,LN,,KY2251,BARDSTOWN,,,,,38.195025134,-85.652594542,,2/22/2022 12:00:00 AM,2002,2,2,0,0,CLEAR,DRY,False,ANGLE COLLISION - ONE VEHICLE TURNING LEFT,ANGLE,STRAIGHT & LEVEL,DARK-HWY LIGHTED/ON,,,2/23/2022 8:19:40 AM,False,5363,Accepted,
29734692,0568000,LOUISVILLE METRO POLICE DEPT,Accepted,JEFFERSON,KY0864,,SHELBY,ST,S,,OAK,,,,,38.233383824,-85.741489752,14.702,2/22/2022 12:00:00 AM,0752,2,2,0,0,RAINING,WET,False,ANGLE COLLISION - OTHER,ANGLE,STRAIGHT & LEVEL,DAYLIGHT,,,2/23/2022 8:17:14 AM,False,5052,Accepted,
29734693,0568000,LOUISVILLE METRO POLICE DEPT,Accepted,JEFFERSON,,,CYPRESS,ST,,KY2054,ALGONQUIN,,,,,38.223850430,-85.800198540,0.979,2/22/2022 12:00:00 AM,1015,1,1,0,0,RAINING,WET,False,COLLISION WITH FIXED OBJECT IN INTERSECTION - FIRST EVENT COLLISION 09 - 32,SINGLE VEHICLE,STRAIGHT & LEVEL,DAYLIGHT,,,2/23/2022 8:17:18 AM,False,5232,Accepted,
29734694,0568000,LOUISVILLE METRO POLICE DEPT,Accepted,JEFFERSON,KY2054,2618,ALGONQUIN,PKWY,,,,,,,,38.223936995,-85.803258514,1.055,2/22/2022 12:00:00 AM,1314,3,3,0,4,RAINING,WET,False,REAR END IN TRAFFIC LANES BOTH VEHICLES MOVING,REAR END,STRAIGHT & LEVEL,DAYLIGHT,,,2/23/2022 8:17:22 AM,False,5232,Accepted,
29734700,0568000,LOUISVILLE METRO POLICE DEPT,Accepted,JEFFERSON,,,ROCKFORD,LN,,,,,,,,38.183541356,-85.854182776,0.066,2/22/2022 12:00:00 AM,1239,1,1,0,0,RAINING,WET,False,COLLISION WITH FIXED OBJECT NON - INTERSECTION - FIRST EVENT COLLISION 09 - 32 EXCLUDING 16,SINGLE VEHICLE,CURVE & LEVEL,DAYLIGHT,,,2/23/2022 8:17:53 AM,False,7234,Accepted,
29734701,0568000,LOUISVILLE METRO POLICE DEPT,Accepted,JEFFERSON,,,LEWISTON,DR,,,,,,,,38.172423019,-85.828896999,0.167,2/22/2022 12:00:00 AM,1330,2,2,0,0,CLOUDY,WET,False,REAR END IN TRAFFIC LANES BOTH VEHICLES MOVING,REAR END,STRAIGHT & LEVEL,DAYLIGHT,,,2/23/2022 8:17:59 AM,False,7234,Accepted,
29734702,0568000,LOUISVILLE METRO POLICE DEPT,Accepted,JEFFERSON,US0031W,,DIXIE,HWY,,,DIXIE GARDEN,,,,,38.099040513,-85.871976163,7.980,2/22/2022 12:00:00 AM,1458,3,3,0,2,CLOUDY,WET,False,HEAD-ON COLLISION,HEAD ON,STRAIGHT & LEVEL,DAYLIGHT,,,2/23/2022 8:18:04 AM,False,7234,Accepted,
29734703,0568000,LOUISVILLE METRO POLICE DEPT,Accepted,JEFFERSON,KY1142,,PALATKA,RD,,,,,,,,38.151087115,-85.779972733,1.205,2/22/2022 12:00:00 AM,1856,2,2,0,0,CLOUDY,WET,False,REAR END IN TRAFFIC LANES BOTH VEHICLES MOVING,REAR END,STRAIGHT & LEVEL,DARK-HWY LIGHTED/ON,,,2/23/2022 8:18:10 AM,False,7234,Accepted,
29734709,0568000,LOUISVILLE METRO POLICE DEPT,Accepted,JEFFERSON,I 0265,,I265 W,,,,,,,,,38.110929489,-85.684903809,11.196,2/22/2022 12:00:00 AM,2136,4,4,0,2,CLEAR,DRY,False,HEAD-ON COLLISION,HEAD ON,CURVE & LEVEL,DARK-HWY LIGHTED/ON,,,2/23/2022 8:18:44 AM,False,5014,Accepted,
29734712,0568000,LOUISVILLE METRO POLICE DEPT,Accepted,JEFFERSON,,,COLORADO,AVE,,,,,9TH,KY2054,ALGONQUIN,38.214217263,-85.772783283,0.471,2/22/2022 12:00:00 AM,1500,2,2,0,0,CLOUDY,WET,False,SIDESWIPE COLLISION - OPPOSITE DIRECTION,SIDESWIPE-OPPOSITE DIRECTION,STRAIGHT & LEVEL,DAYLIGHT,,,2/23/2022 8:18:56 AM,False,7116,Accepted,
29734717,0568000,LOUISVILLE METRO POLICE DEPT,Accepted,JEFFERSON,,,ST CATHERINE,ST,W,,,,,,,38.237235100,-85.758238615,0.182,2/22/2022 12:00:00 AM,1916,2,2,0,1,CLEAR,WET,False,SIDESWIPE COLLISION - OPPOSITE DIRECTION,SIDESWIPE-OPPOSITE DIRECTION,STRAIGHT & LEVEL,DARK (UNKNOWN ROADWAY LIGHTING),,,2/23/2022 8:19:25 AM,False,5213,Accepted,
29734687,0568000,LOUISVILLE METRO POLICE DEPT,Accepted,JEFFERSON,I 0264,,I264 W,,,,,,,,,38.208557611,-85.675864126,15.360,2/22/2022 12:00:00 AM,0956,3,3,0,0,RAINING,WET,True,REAR END IN TRAFFIC LANES BOTH VEHICLES MOVING,REAR END,,DAYLIGHT,,,2/23/2022 8:16:59 AM,False,6813,Accepted,
29734695,0568000,LOUISVILLE METRO POLICE DEPT,Accepted,JEFFERSON,KY1747,,HURSTBOURNE,PKWY,N,US0060,SHELBYVILLE,,,,,38.246360805,-85.576773370,13.505,2/22/2022 12:00:00 AM,1642,2,2,0,0,RAINING,WET,False,OTHER INTERSECTION COLLISIONS,REAR END,STRAIGHT & LEVEL,DAYLIGHT,,,2/23/2022 8:17:26 AM,False,7483,Accepted,
29734670,0568000,LOUISVILLE METRO POLICE DEPT,Accepted,JEFFERSON,I 0265,,I265 S,,,I 0265,I265 S EXIT34 OFF RAMP TO KY22,,,,,38.311302088,-85.575753265,34.294,2/22/2022 12:00:00 AM,0706,1,1,0,1,RAINING,WET,False,COLLISION WITH FIXED OBJECT IN INTERSECTION - FIRST EVENT COLLISION 09 - 32,SINGLE VEHICLE,STRAIGHT & LEVEL,DARK-HWY LIGHTED/ON,,,2/23/2022 8:15:57 AM,False,7316,Accepted,
29734675,0568000,LOUISVILLE METRO POLICE DEPT,Accepted,JEFFERSON,KY1934,,GREENBELT,HWY,,,WINSTEAD,,,,,38.132347001,-85.889766200,3.415,2/22/2022 12:00:00 AM,1140,2,2,0,2,RAINING,WET,False,ANGLE COLLISION - OTHER,ANGLE,STRAIGHT & LEVEL,DAYLIGHT,,,2/23/2022 8:16:14 AM,False,2745,Accepted,
29739431,0568000,LOUISVILLE METRO POLICE DEPT,Accepted,JEFFERSON,I 0065,,I65 S,,,,,,,,,38.209382903,-85.752929713,132.708,2/22/2022 12:00:00 AM,0650,2,2,0,0,RAINING,WATER (STANDING OR MOVING),False,1 VEHICLE ENTERING/LEAVING ENTRANCE,ANGLE,CURVE & LEVEL,DARK-HWY NOT LIGHTED,,,2/24/2022 8:34:50 AM,False,7772,Accepted,
29753430,0568000,LOUISVILLE METRO POLICE DEPT,Accepted,JEFFERSON,KY1865,,TAYLOR,BLVD,,,LYNNHURST,,,,,38.178261485,-85.782943225,4.936,2/22/2022 12:00:00 AM,1223,2,2,0,0,RAINING,WET,False,OPPOSITE DIRECTION - BOTH VEHICLES GOING STRAIGHT AHEAD,SIDESWIPE-OPPOSITE DIRECTION,STRAIGHT & LEVEL,DAYLIGHT,,,2/28/2022 8:34:09 AM,False,7471,Accepted,
29753445,0568000,LOUISVILLE METRO POLICE DEPT,Accepted,JEFFERSON,KY0907,,3RD ST,RD,,,,,WISERTOWN,KY1065,OUTER,38.128436533,-85.794137709,4.728,2/22/2022 12:00:00 AM,1842,2,2,0,0,CLOUDY,WET,False,REAR END IN TRAFFIC LANES BOTH VEHICLES MOVING,REAR END,STRAIGHT & LEVEL,DUSK,,,2/28/2022 8:34:54 AM,False,7232,Accepted,
29753477,0568000,LOUISVILLE METRO POLICE DEPT,Accepted,JEFFERSON,KY1020,963,2ND,ST,S,,BRECKINRIDGE,,,,,38.239853577,-85.756131115,11.684,2/22/2022 12:00:00 AM,2149,3,3,0,1,CLEAR,WET,False,COLLISION WITH PARKED VEHICLE,SIDESWIPE-SAME DIRECTION,STRAIGHT & LEVEL,DARK-HWY LIGHTED/ON,,,2/28/2022 8:36:39 AM,False,5267,Accepted,
29753478,0568000,LOUISVILLE METRO POLICE DEPT,Accepted,JEFFERSON,,,FAIRGROUND,RD,,,MICHAEL EDWARD,,,,,38.172702999,-85.584550550,1.239,2/22/2022 12:00:00 AM,1347,2,2,0,0,RAINING,WET,False,ANGLE COLLISION - OTHER,ANGLE,STRAIGHT & LEVEL,DAYLIGHT,,,2/28/2022 8:36:47 AM,False,7755,Accepted,
29753495,0568000,LOUISVILLE METRO POLICE DEPT,Accepted,JEFFERSON,KY0864,,FEGENBUSH,LN,,,OLD FEGENBUSH,,,,,38.152369047,-85.631385009,5.744,2/22/2022 12:00:00 AM,1655,2,2,0,1,RAINING,WET,False,ANGLE COLLISION - OTHER,ANGLE,STRAIGHT & LEVEL,DAYLIGHT,,,2/28/2022 8:38:02 AM,False,2583,Accepted,
29734669,0568000,LOUISVILLE METRO POLICE DEPT,Accepted,JEFFERSON,,4611,MARKET,ST,W,,,,,,,38.264525942,-85.823307278,2.048,2/21/2022 12:00:00 AM,1800,2,2,0,0,CLEAR,DRY,False,1 VEHICLE ENTERING OR LEAVING PARKED POSITION (NOT PARKING LOT),SIDESWIPE-SAME DIRECTION,STRAIGHT & LEVEL,DAYLIGHT,,,2/23/2022 8:15:51 AM,False,5129,Accepted,
29730399,0568000,LOUISVILLE METRO POLICE DEPT,Accepted,JEFFERSON,KY2053,,MT WASHINGTON,RD,,,,KY6305,FAITHFUL,,STANDIFORD PLAZA,38.092837816,-85.668135875,0.038,2/21/2022 12:00:00 AM,1249,2,2,0,1,CLEAR,DRY,False,SIDESWIPE COLLISION - SAME DIRECTION,SIDESWIPE-SAME DIRECTION,STRAIGHT & GRADE,DAYLIGHT,,,2/22/2022 7:57:42 AM,False,2324,Accepted,