IncidentID,AgencyORI,AgencyName,IncidentStatusDesc,County,RdwyNumber,Street,RoadwayName,StreetSfx,StreetDir,IntersectionRdwy,IntersectionRdwyName,BetweenStRdwy1,BetweenStRdwyName1,BetweenStRdwy2,BetweenStRdwyName2,Latitude,Longitude,Milepoint,CollisionDate,CollisionTime,UnitsInvolved,MotorVehiclesInvolved,NumberKilled,NumberInjured,Weather,RdwyConditionCode,HitandRun,DirAnalysisCode,MannerofCollision,RdwyCharacter,LightCondition,RampFromRdwyId,RampToRdwyId,AcceptedDate,IsSecondaryCollision,OwnerBadge,IncidentStatus,
29730397,0568000,LOUISVILLE METRO POLICE DEPT,Accepted,JEFFERSON,US0031W,,DIXIE,HWY,,,ST PAULS CHURCH,,,,,38.150694270,-85.836940661,12.054,2/21/2022 12:00:00 AM,0807,3,3,0,0,CLEAR,DRY,False,OTHER INTERSECTION COLLISIONS,REAR END,STRAIGHT & LEVEL,DAYLIGHT,,,2/22/2022 7:57:34 AM,False,5392,Accepted,
29730400,0568000,LOUISVILLE METRO POLICE DEPT,Accepted,JEFFERSON,,,MAPLE,RD,,,YELLOW PINE,,,,,38.107564012,-85.646974220,0.822,2/21/2022 12:00:00 AM,1712,2,2,0,2,CLOUDY,DRY,False,ANGLE COLLISION - OTHER,ANGLE,STRAIGHT & LEVEL,DAYLIGHT,,,2/22/2022 7:57:47 AM,False,2324,Accepted,
29730391,0568000,LOUISVILLE METRO POLICE DEPT,Accepted,JEFFERSON,KY1065,4925,OUTER,LOOP,,,,,,,,38.138038188,-85.664959080,7.249,2/21/2022 12:00:00 AM,0844,1,1,0,0,CLEAR,DRY,False,COLLISION IN PARKING LOT,SINGLE VEHICLE,STRAIGHT & LEVEL,DAYLIGHT,,,2/22/2022 7:57:10 AM,False,2017,Accepted,
29725612,0568000,LOUISVILLE METRO POLICE DEPT,Accepted,JEFFERSON,KY0907,8208,3RD ST,RD,,,,,,,,38.121830468,-85.802196657,4.082,2/21/2022 12:00:00 AM,0139,1,1,0,1,CLEAR,DRY,False,COLLISION WITH FIXED OBJECT NON - INTERSECTION - FIRST EVENT COLLISION 09 - 32 EXCLUDING 16,SINGLE VEHICLE,CURVE & LEVEL,DARK-HWY LIGHTED/OFF,,,2/21/2022 8:35:37 AM,False,5209,Accepted,
29725619,0568000,LOUISVILLE METRO POLICE DEPT,Accepted,JEFFERSON,KY0864,,POPLAR LEVEL,RD,,,BUSINESS PARK,,,,,38.178150534,-85.690237600,9.752,2/21/2022 12:00:00 AM,0630,2,2,0,0,CLEAR,DRY,True,OTHER INTERSECTION COLLISIONS,REAR END,STRAIGHT & LEVEL,DARK-HWY LIGHTED/OFF,,,2/21/2022 8:36:10 AM,False,5174,Accepted,
29739440,0568000,LOUISVILLE METRO POLICE DEPT,Accepted,JEFFERSON,KY1727,6600,TERRY,RD,,,,,,,,38.154481347,-85.868721950,2.292,2/21/2022 12:00:00 AM,2029,2,1,1,0,CLOUDY,DRY,True,COLLISION WITH BICYCLIST NON INTERSECTION,SINGLE VEHICLE,STRAIGHT & LEVEL,DARK-HWY NOT LIGHTED,,,2/24/2022 8:35:27 AM,False,2217,Accepted,
29734656,0568000,LOUISVILLE METRO POLICE DEPT,Accepted,JEFFERSON,US0031E,,BARDSTOWN,RD,,,COLONEL HANCOCK,,,,,38.130450818,-85.577339940,4.086,2/21/2022 12:00:00 AM,1220,3,3,0,0,CLEAR,DRY,False,OTHER INTERSECTION COLLISIONS,REAR END,STRAIGHT & LEVEL,DAYLIGHT,,,2/23/2022 8:14:38 AM,False,2321,Accepted,
29730393,0568000,LOUISVILLE METRO POLICE DEPT,Accepted,JEFFERSON,,1943,16TH,ST,S,,,,,,,38.222978461,-85.782421222,1.859,2/21/2022 12:00:00 AM,1024,1,1,0,0,CLEAR,DRY,False,COLLISION WITH FIXED OBJECT NON - INTERSECTION - FIRST EVENT COLLISION 09 - 32 EXCLUDING 16,SINGLE VEHICLE,STRAIGHT & LEVEL,UNKNOWN,,,2/22/2022 7:57:17 AM,False,5411,Accepted,
29730394,0568000,LOUISVILLE METRO POLICE DEPT,Accepted,JEFFERSON,,,CENTRAL,AVE,,KY1020,3RD,,,,,38.204795569,-85.763967404,0.353,2/21/2022 12:00:00 AM,1411,2,2,0,0,CLEAR,DRY,False,ANGLE COLLISION - OTHER,ANGLE,STRAIGHT & LEVEL,DAYLIGHT,,,2/22/2022 7:57:21 AM,False,7705,Accepted,
29734654,0568000,LOUISVILLE METRO POLICE DEPT,Accepted,JEFFERSON,,,BROOK,ST,S,,,I 0065,I65 N EXIT136A OFF RAMP TO  S BROOK ST,US0150,BROADWAY,38.245490241,-85.751744951,2.856,2/21/2022 12:00:00 AM,1101,2,2,0,1,CLEAR,DRY,False,SIDESWIPE COLLISION - SAME DIRECTION,SIDESWIPE-SAME DIRECTION,STRAIGHT & LEVEL,DAYLIGHT,,,2/23/2022 8:14:25 AM,False,7058,Accepted,
29739429,0568000,LOUISVILLE METRO POLICE DEPT,Accepted,JEFFERSON,,,ROY WILKINS,AVE,,,,,MAGAZINE,US0150,BROADWAY,38.247442906,-85.766603378,0.683,2/21/2022 12:00:00 AM,1845,2,2,0,0,CLEAR,DRY,False,SIDESWIPE COLLISION - SAME DIRECTION,SIDESWIPE-SAME DIRECTION,STRAIGHT & LEVEL,DAYLIGHT,,,2/24/2022 8:34:41 AM,False,7058,Accepted,
29730396,0568000,LOUISVILLE METRO POLICE DEPT,Accepted,JEFFERSON,,2117,OREGON,AVE,,,,,,,,38.221085358,-85.794232232,0.044,2/21/2022 12:00:00 AM,0749,2,2,0,0,CLEAR,DRY,True,1 VEHICLE PARKED POSITION (NOT PARKING LOT/DRIVEWAY),HEAD ON,STRAIGHT & LEVEL,DAYLIGHT,,,2/22/2022 7:57:29 AM,False,5309,Accepted,
29730544,0561500,UNIV. OF LOUISVILLE POLICE,Accepted,JEFFERSON,,,FLOYD,ST,S,,,,,,,38.204170335,-85.756806819,3.555,2/21/2022 12:00:00 AM,1336,2,2,0,1,CLEAR,DRY,False,1 VEHICLE ENTERING/LEAVING ENTRANCE,ANGLE,STRAIGHT & LEVEL,DAYLIGHT,,,2/22/2022 8:53:21 AM,False,5700,Accepted,
29725615,0568000,LOUISVILLE METRO POLICE DEPT,Accepted,JEFFERSON,US0031W,,DIXIE,HWY,,,DIXIE GARDEN,,,,,38.099049128,-85.871932797,7.978,2/21/2022 12:00:00 AM,0500,2,2,0,1,CLEAR,DRY,False,OTHER INTERSECTION COLLISIONS,REAR END,STRAIGHT & LEVEL,DARK-HWY NOT LIGHTED,,,2/21/2022 8:35:57 AM,False,5211,Accepted,
29753431,0568000,LOUISVILLE METRO POLICE DEPT,Accepted,JEFFERSON,,,26TH,ST,S,,MADISON,,,,,38.254103980,-85.794375271,0.460,2/21/2022 12:00:00 AM,1339,1,1,0,1,CLEAR,DRY,False,COLLISION WITH FIXED OBJECT IN INTERSECTION - FIRST EVENT COLLISION 09 - 32,SINGLE VEHICLE,STRAIGHT & LEVEL,DAYLIGHT,,,2/28/2022 8:34:12 AM,False,5309,Accepted,
29802302,0568000,LOUISVILLE METRO POLICE DEPT,Accepted,JEFFERSON,US0031E,,BARDSTOWN,RD,,,COLONEL HANCOCK,,,,,38.130432750,-85.577369691,4.087,2/21/2022 12:00:00 AM,1220,3,3,1,1,CLEAR,DRY,False,ANGLE COLLISION - OTHER,ANGLE,STRAIGHT & LEVEL,DAYLIGHT,,,3/11/2022 7:17:19 AM,False,2142,Accepted,
29793193,0568000,LOUISVILLE METRO POLICE DEPT,Accepted,JEFFERSON,,,3RD,ST,S,,KINGSTON,,,,,38.173059609,-85.767715126,1.778,2/21/2022 12:00:00 AM,1240,2,2,0,0,CLOUDY,DRY,False,OTHER INTERSECTION COLLISIONS,REAR END,STRAIGHT & LEVEL,DAYLIGHT,,,3/9/2022 8:19:43 AM,False,5139,Accepted,
29821649,0568000,LOUISVILLE METRO POLICE DEPT,Accepted,JEFFERSON,,,7TH,ST,S,,OAK,,,,,38.235461126,-85.765081549,1.256,2/20/2022 12:00:00 AM,0351,2,2,0,0,CLEAR,DRY,True,OPPOSITE DIRECTION - BOTH VEHICLES GOING STRAIGHT AHEAD,SIDESWIPE-OPPOSITE DIRECTION,STRAIGHT & LEVEL,DARK-HWY LIGHTED/ON,,,3/16/2022 8:17:48 AM,False,5196,Accepted,
29821634,0568000,LOUISVILLE METRO POLICE DEPT,Accepted,JEFFERSON,US0031W,5206,DIXIE,HWY,,,,,,,,38.165731954,-85.830015898,13.123,2/20/2022 12:00:00 AM,1449,2,2,0,0,CLEAR,DRY,False,SIDESWIPE COLLISION - SAME DIRECTION,SIDESWIPE-SAME DIRECTION,STRAIGHT & LEVEL,DAYLIGHT,,,3/16/2022 8:16:40 AM,False,7817,Accepted,
30324160,0568000,LOUISVILLE METRO POLICE DEPT,Accepted,JEFFERSON,KY0864,,POPLAR LEVEL,RD,,,RANGELAND,,,,,38.167296679,-85.681650634,8.882,2/20/2022 12:00:00 AM,1320,4,4,0,0,CLEAR,DRY,True,OTHER INTERSECTION COLLISIONS,REAR END,STRAIGHT & LEVEL,DAYLIGHT,,,7/20/2022 8:16:03 AM,False,5027,Accepted,
29739444,0568000,LOUISVILLE METRO POLICE DEPT,Accepted,JEFFERSON,,,MUHAMMAD ALI,BLVD,W,,18TH,,,,,38.253666606,-85.780695253,1.543,2/20/2022 12:00:00 AM,1438,2,2,0,1,CLEAR,DRY,False,ANGLE COLLISION - OTHER,ANGLE,STRAIGHT & LEVEL,DAYLIGHT,,,2/24/2022 8:35:45 AM,False,5408,Accepted,
29758538,0568000,LOUISVILLE METRO POLICE DEPT,Accepted,JEFFERSON,,124,OAK,ST,W,,,,,,,38.234648833,-85.756048972,0.039,2/20/2022 12:00:00 AM,0238,2,2,0,0,CLEAR,DRY,False,1 VEHICLE PARKED POSITION (NOT PARKING LOT/DRIVEWAY),SIDESWIPE-SAME DIRECTION,STRAIGHT & LEVEL,DARK-HWY LIGHTED/ON,,,3/1/2022 8:47:17 AM,False,5196,Accepted,
29725616,0568000,LOUISVILLE METRO POLICE DEPT,Accepted,JEFFERSON,KY1020,,2ND,ST,S,,ST CATHERINE,,,,,38.236979720,-85.756632908,11.502,2/20/2022 12:00:00 AM,0401,2,2,0,2,CLEAR,DRY,False,OPPOSING LEFT TURN,OPPOSING LEFT TURN,STRAIGHT & LEVEL,DARK-HWY LIGHTED/ON,,,2/21/2022 8:36:03 AM,False,5342,Accepted,
29725622,0568000,LOUISVILLE METRO POLICE DEPT,Accepted,JEFFERSON,I 0265,,I265 E,,,,,,,,,38.215627685,-85.506180457,24.988,2/20/2022 12:00:00 AM,2124,2,2,0,6,CLEAR,DRY,False,SIDESWIPE COLLISION - SAME DIRECTION,SIDESWIPE-SAME DIRECTION,STRAIGHT & LEVEL,DARK-HWY LIGHTED/OFF,,,2/21/2022 8:36:15 AM,False,7440,Accepted,
29725588,0568000,LOUISVILLE METRO POLICE DEPT,Accepted,JEFFERSON,,,GOLDSMITH,LN,,,BROOKLAWN CAMPUS,,,,,38.206027450,-85.673345961,0.765,2/20/2022 12:00:00 AM,1407,3,3,0,0,CLEAR,DRY,False,SIDESWIPE-SAME DIRECTION,SIDESWIPE-SAME DIRECTION,STRAIGHT & LEVEL,DAYLIGHT,,,2/21/2022 8:34:32 AM,False,5146,Accepted,
29725591,0568000,LOUISVILLE METRO POLICE DEPT,Accepted,JEFFERSON,KY1447,,WESTPORT,RD,,,,,,,,38.297943307,-85.547093226,6.747,2/20/2022 12:00:00 AM,1411,2,2,0,0,CLEAR,DRY,True,OTHER ROADWAY OR MID-BLOCK COLLISION,OPPOSING LEFT TURN,STRAIGHT & LEVEL,DAYLIGHT,,,2/21/2022 8:34:38 AM,False,2489,Accepted,
29725599,0568000,LOUISVILLE METRO POLICE DEPT,Accepted,JEFFERSON,KY3064,2829,PORTLAND,AVE,,,,,,,,38.272693701,-85.794474946,0.693,2/20/2022 12:00:00 AM,1547,2,2,0,0,CLEAR,DRY,False,1 VEHICLE PARKED POSITION (NOT PARKING LOT/DRIVEWAY),REAR END,STRAIGHT & LEVEL,DAYLIGHT,,,2/21/2022 8:34:48 AM,False,5407,Accepted,
29725572,0568000,LOUISVILLE METRO POLICE DEPT,Accepted,JEFFERSON,KY2054,,ALGONQUIN,PKWY,,,WILSON,,,,,38.224414307,-85.809306214,0.719,2/20/2022 12:00:00 AM,0002,2,2,0,3,CLEAR,DRY,False,OTHER INTERSECTION COLLISIONS,REAR END,STRAIGHT & LEVEL,DARK-HWY LIGHTED/ON,,,2/21/2022 8:33:40 AM,False,5344,Accepted,
29725573,0568000,LOUISVILLE METRO POLICE DEPT,Accepted,JEFFERSON,,,15TH,ST,S,,OAK,,,,,38.236642882,-85.778357219,0.780,2/20/2022 12:00:00 AM,0448,2,2,0,2,CLEAR,DRY,False,ANGLE COLLISION - OTHER,ANGLE,STRAIGHT & LEVEL,DARK-HWY LIGHTED/ON,,,2/21/2022 8:33:45 AM,False,5261,Accepted,
29725582,0568000,LOUISVILLE METRO POLICE DEPT,Accepted,JEFFERSON,I 0064,,I64 W,,,,,I 0064,I64 W EXIT15 ON RAMP TO KY1747,I 0064,I64 W EXIT12 RAMP TO I264 E,38.231616872,-85.604280819,13.438,2/20/2022 12:00:00 AM,0802,2,2,0,2,CLEAR,DRY,False,REAR END IN TRAFFIC LANES BOTH VEHICLES MOVING,REAR END,STRAIGHT & LEVEL,DAYLIGHT,,,2/21/2022 8:34:12 AM,False,6456,Accepted,
29725583,0568000,LOUISVILLE METRO POLICE DEPT,Accepted,JEFFERSON,,,AMY,AVE,,,LARKWOOD,,,,,38.258349939,-85.813481338,0.225,2/20/2022 12:00:00 AM,1550,2,2,0,0,CLEAR,DRY,False,COLLISION WITH PARKED VEHICLE,SIDESWIPE-SAME DIRECTION,STRAIGHT & LEVEL,DAYLIGHT,,,2/21/2022 8:34:17 AM,False,7363,Accepted,
29734673,0568000,LOUISVILLE METRO POLICE DEPT,Accepted,JEFFERSON,,,CENTRAL,AVE,,,4TH,,,,,38.205151510,-85.765563313,0.442,2/20/2022 12:00:00 AM,1109,2,2,0,0,CLEAR,DRY,False,OPPOSING LEFT TURN,OPPOSING LEFT TURN,STRAIGHT & LEVEL,DAYLIGHT,,,2/23/2022 8:16:07 AM,False,2745,Accepted,
29725606,0568000,LOUISVILLE METRO POLICE DEPT,Accepted,JEFFERSON,,1839,LEE,ST,W,,,,DIXIE,US0031W,22ND,38.226790764,-85.792229601,0.316,2/20/2022 12:00:00 AM,1458,3,3,0,0,CLEAR,DRY,False,1 VEHICLE PARKED POSITION (NOT PARKING LOT/DRIVEWAY),ANGLE,STRAIGHT & LEVEL,DAYLIGHT,,,2/21/2022 8:35:13 AM,False,5057,Accepted,
29725613,0568000,LOUISVILLE METRO POLICE DEPT,Accepted,JEFFERSON,,,KENTUCKY,ST,W,,28TH,,,,,38.243746557,-85.800931932,1.276,2/20/2022 12:00:00 AM,2150,2,2,0,0,CLEAR,DRY,False,ANGLE COLLISION - OTHER,ANGLE,STRAIGHT & LEVEL,DARK-HWY LIGHTED/ON,,,2/21/2022 8:35:41 AM,False,2877,Accepted,
29725614,0568000,LOUISVILLE METRO POLICE DEPT,Accepted,JEFFERSON,,3845,VERMONT,AVE,,,,,,,,38.256419694,-85.815129598,0.792,2/20/2022 12:00:00 AM,1936,3,3,0,0,CLEAR,DRY,False,1 VEHICLE PARKED POSITION (NOT PARKING LOT/DRIVEWAY),REAR END,STRAIGHT & LEVEL,DARK-HWY LIGHTED/ON,,,2/21/2022 8:35:52 AM,False,5285,Accepted,
29730402,0568000,LOUISVILLE METRO POLICE DEPT,Accepted,JEFFERSON,US0031W,10300,DIXIE,HWY,,,,,,,,38.107111557,-85.867054046,8.593,2/20/2022 12:00:00 AM,1730,2,2,0,0,CLEAR,DRY,False,SIDESWIPE COLLISION - SAME DIRECTION,SIDESWIPE-SAME DIRECTION,STRAIGHT & LEVEL,DAYLIGHT,,,2/22/2022 7:57:59 AM,False,7524,Accepted,
29725604,0568000,LOUISVILLE METRO POLICE DEPT,Accepted,JEFFERSON,,,NORRIS,PL,,,DEERWOOD,,,,,38.226942803,-85.708388882,0.390,2/20/2022 12:00:00 AM,1549,4,4,0,0,CLEAR,DRY,False,OPPOSING LEFT TURN,OPPOSING LEFT TURN,STRAIGHT & LEVEL,DAYLIGHT,,,2/21/2022 8:34:56 AM,False,5006,Accepted,
29725602,0568000,LOUISVILLE METRO POLICE DEPT,Accepted,JEFFERSON,,,POPE,ST,,US0060,FRANKFORT,,,,,38.256784682,-85.716666408,0.231,2/20/2022 12:00:00 AM,1806,2,2,0,0,CLEAR,DRY,False,COLLISION WITH PARKED VEHICLE,SIDESWIPE-SAME DIRECTION,STRAIGHT & LEVEL,DAYLIGHT,,,2/21/2022 8:34:52 AM,False,7043,Accepted,
29725611,0568000,LOUISVILLE METRO POLICE DEPT,Accepted,JEFFERSON,KY2054,,ALGONQUIN,PKWY,,US0060A,WINKLER,,,,,38.210868417,-85.769626712,3.299,2/20/2022 12:00:00 AM,0210,2,2,0,0,CLEAR,DRY,False,ANGLE COLLISION - OTHER,ANGLE,STRAIGHT & LEVEL,DARK-HWY LIGHTED/ON,,,2/21/2022 8:35:33 AM,False,5316,Accepted,
29734660,0568000,LOUISVILLE METRO POLICE DEPT,Accepted,JEFFERSON,KY1020,,NATIONAL,TPKE,,KY6294,KY 841 FRONTAGE RD 1,,,,,38.119306313,-85.748199015,3.162,2/20/2022 12:00:00 AM,1717,2,2,0,1,CLEAR,DRY,False,ANGLE COLLISION - ONE VEHICLE TURNING LEFT,ANGLE,STRAIGHT & LEVEL,DAYLIGHT,,,2/23/2022 8:15:01 AM,False,7751,Accepted,
29725569,0568000,LOUISVILLE METRO POLICE DEPT,Accepted,JEFFERSON,I 0065,,I65 S,,,,,,,,,38.108886172,-85.701470938,124.736,2/20/2022 12:00:00 AM,0157,1,1,0,0,CLEAR,DRY,False,COLLISION WITH FIXED OBJECT NON - INTERSECTION - FIRST EVENT COLLISION 09 - 32 EXCLUDING 16,SINGLE VEHICLE,STRAIGHT & LEVEL,DARK-HWY LIGHTED/ON,,,2/21/2022 8:33:18 AM,False,5138,Accepted,
29725577,0568000,LOUISVILLE METRO POLICE DEPT,Accepted,JEFFERSON,,,26TH,ST,S,,GARLAND,,,,,38.244679916,-85.795471298,1.112,2/20/2022 12:00:00 AM,1122,2,2,0,1,CLEAR,DRY,False,NON-COLLISION OBJECT COLLISION,ANGLE,STRAIGHT & LEVEL,DAYLIGHT,,,2/21/2022 8:34:04 AM,False,2569,Accepted,
29758544,0568000,LOUISVILLE METRO POLICE DEPT,Accepted,JEFFERSON,KY1931,7846,ST ANDREWS CHURCH,RD,,,,,,,,38.149903345,-85.823343750,4.167,2/20/2022 12:00:00 AM,1754,2,2,0,0,CLEAR,DRY,False,1 VEHICLE ENTERING/LEAVING ENTRANCE,ANGLE,STRAIGHT & LEVEL,DUSK,,,3/1/2022 8:47:28 AM,False,7817,Accepted,
29758524,0568000,LOUISVILLE METRO POLICE DEPT,Accepted,JEFFERSON,,1014,OAK,ST,E,,,,,,,38.232820667,-85.736268662,1.057,2/20/2022 12:00:00 AM,0300,3,3,0,0,CLEAR,DRY,False,1 VEHICLE PARKED POSITION (NOT PARKING LOT/DRIVEWAY),SIDESWIPE-SAME DIRECTION,STRAIGHT & GRADE,DARK (UNKNOWN ROADWAY LIGHTING),,,3/1/2022 8:46:49 AM,False,5050,Accepted,
29758542,0568000,LOUISVILLE METRO POLICE DEPT,Accepted,JEFFERSON,KY0022,,BROWNSBORO,RD,,,,,,,,38.305218664,-85.577497830,3.702,2/19/2022 12:00:00 AM,1710,2,2,0,2,CLEAR,DRY,False,1 VEHICLE ENTERING/LEAVING ENTRANCE,ANGLE,STRAIGHT & LEVEL,DAYLIGHT,,,3/1/2022 8:47:24 AM,False,7615,Accepted,
29725585,0568000,LOUISVILLE METRO POLICE DEPT,Accepted,JEFFERSON,KY0061,,PRESTON,ST,S,,FETTER,,,,,38.215469575,-85.743926495,10.198,2/19/2022 12:00:00 AM,0954,2,2,0,0,CLEAR,DRY,False,SIDESWIPE-SAME DIRECTION,SIDESWIPE-SAME DIRECTION,STRAIGHT & LEVEL,DAYLIGHT,,,2/21/2022 8:34:26 AM,False,5152,Accepted,
29725544,0568000,LOUISVILLE METRO POLICE DEPT,Accepted,JEFFERSON,,1429,WINTER,AVE,,,,,RUBEL,,EDWARD,38.236916158,-85.725199695,0.135,2/19/2022 12:00:00 AM,0438,2,2,0,0,CLEAR,DRY,False,1 VEHICLE PARKED POSITION (NOT PARKING LOT/DRIVEWAY),SIDESWIPE-SAME DIRECTION,STRAIGHT & LEVEL,DARK-HWY LIGHTED/ON,,,2/21/2022 8:29:51 AM,False,5274,Accepted,
29725545,0568000,LOUISVILLE METRO POLICE DEPT,Accepted,JEFFERSON,,1839,GREENWOOD,AVE,,,,,,,,38.241014740,-85.787154694,2.438,2/19/2022 12:00:00 AM,0539,2,2,0,0,CLEAR,DRY,False,1 VEHICLE PARKED POSITION (NOT PARKING LOT/DRIVEWAY),SIDESWIPE-SAME DIRECTION,STRAIGHT & LEVEL,DARK-HWY LIGHTED/ON,,,2/21/2022 8:29:55 AM,False,5303,Accepted,
29725559,0568000,LOUISVILLE METRO POLICE DEPT,Accepted,JEFFERSON,KY0864,,SHELBY,ST,S,,OAK,,,,,38.233456038,-85.741540658,14.698,2/19/2022 12:00:00 AM,1651,2,2,0,0,CLEAR,DRY,False,ANGLE COLLISION - OTHER,ANGLE,STRAIGHT & LEVEL,DAYLIGHT,,,2/21/2022 8:32:13 AM,False,5301,Accepted,
29725560,0568000,LOUISVILLE METRO POLICE DEPT,Accepted,JEFFERSON,KY1934,,CANE RUN,RD,,,KRAMERS,,,,,38.201015764,-85.835454415,9.382,2/19/2022 12:00:00 AM,1558,2,2,0,2,CLEAR,DRY,False,ANGLE COLLISION - ONE VEHICLE TURNING LEFT,ANGLE,STRAIGHT & LEVEL,DAYLIGHT,,,2/21/2022 8:32:18 AM,False,5240,Accepted,
29725561,0568000,LOUISVILLE METRO POLICE DEPT,Accepted,JEFFERSON,US0031W,,22ND,ST,S,US0150,BROADWAY,,,,,38.249217545,-85.788202146,19.558,2/19/2022 12:00:00 AM,1704,2,2,0,2,CLEAR,DRY,False,ANGLE COLLISION - OTHER,ANGLE,STRAIGHT & LEVEL,DAYLIGHT,,,2/21/2022 8:32:24 AM,False,7325,Accepted,
29725562,0568000,LOUISVILLE METRO POLICE DEPT,Accepted,JEFFERSON,,,GRANADA,DR,,,ANDALUSIA,,,,,38.113074692,-85.853696783,0.361,2/19/2022 12:00:00 AM,1819,2,2,0,0,CLEAR,DRY,False,COLLISION WITH PARKED VEHICLE,SIDESWIPE-SAME DIRECTION,STRAIGHT & LEVEL,DUSK,,,2/21/2022 8:32:31 AM,False,6318,Accepted,
29725567,0568000,LOUISVILLE METRO POLICE DEPT,Accepted,JEFFERSON,I 0264,,I264 W,,,,,I 0264,I264 W EXIT18 ON RAMP FROM KY1932,I 0264,I264 W EXIT17B OFF RAMP TO KY155 N,38.224522832,-85.644787026,17.376,2/19/2022 12:00:00 AM,1924,6,6,0,1,CLEAR,DRY,True,SIDESWIPE COLLISION - SAME DIRECTION,SIDESWIPE-SAME DIRECTION,STRAIGHT & LEVEL,DARK-HWY LIGHTED/ON,,,2/21/2022 8:33:05 AM,False,7049,Accepted,
29725568,0568000,LOUISVILLE METRO POLICE DEPT,Accepted,JEFFERSON,,,DIXIE,HWY,,,HILL,,,,,38.228345897,-85.790514767,1.493,2/19/2022 12:00:00 AM,2200,1,1,0,0,CLEAR,DRY,False,COLLISION WITH FIXED OBJECT IN INTERSECTION - FIRST EVENT COLLISION 09 - 32,SINGLE VEHICLE,STRAIGHT & LEVEL,DARK-HWY LIGHTED/ON,,,2/21/2022 8:33:12 AM,False,5256,Accepted,
29739428,0568000,LOUISVILLE METRO POLICE DEPT,Accepted,JEFFERSON,,3121,BROOKLAWN CAMPUS,DR,,,,,,,,38.208756649,-85.673463182,0.046,2/19/2022 12:00:00 AM,0000,1,1,0,0,CLEAR,DRY,True,COLLISION WITH FIXED OBJECT NON - INTERSECTION - FIRST EVENT COLLISION 09 - 32 EXCLUDING 16,SINGLE VEHICLE,STRAIGHT & LEVEL,DARK-HWY LIGHTED/OFF,,,2/24/2022 8:34:37 AM,False,5247,Accepted,
29725580,0568000,LOUISVILLE METRO POLICE DEPT,Accepted,JEFFERSON,KY2054,,ALGONQUIN,PKWY,,,CYPRESS,,,,,38.223720674,-85.800161778,1.219,2/19/2022 12:00:00 AM,1449,2,2,0,0,CLEAR,DRY,False,SIDESWIPE-SAME DIRECTION,SIDESWIPE-SAME DIRECTION,STRAIGHT & LEVEL,DAYLIGHT,,,2/21/2022 8:34:09 AM,False,7656,Accepted,
29725558,0568000,LOUISVILLE METRO POLICE DEPT,Accepted,JEFFERSON,I 0264,,I264 E,,,I 0264,I264 E EXIT20 TRANSIT,,,,,38.245149489,-85.620597543,19.446,2/19/2022 12:00:00 AM,1506,3,3,0,0,CLEAR,FLOODED,False,OTHER INTERSECTION COLLISIONS,REAR END,STRAIGHT & LEVEL,DAYLIGHT,,,2/21/2022 8:32:04 AM,False,7436,Accepted,
29720758,0566900,LOUISVILLE AIRPORT POLICE,Accepted,JEFFERSON,,600,TERMINAL,DR,,,,,,,,38.188673188,-85.744224158,0.725,2/19/2022 12:00:00 AM,1648,1,1,0,0,CLEAR,DRY,False,COLLISION IN PARKING LOT,SINGLE VEHICLE,STRAIGHT & LEVEL,OTHER,,,2/19/2022 10:00:32 PM,False,5876,Accepted,
29725596,0568000,LOUISVILLE METRO POLICE DEPT,Accepted,JEFFERSON,,,CHESTNUT,ST,W,,,,,,,38.252247331,-85.787678918,0.727,2/19/2022 12:00:00 AM,1534,2,2,0,3,CLEAR,DRY,False,1 VEHICLE ENTERING/LEAVING ENTRANCE,ANGLE,STRAIGHT & LEVEL,DAYLIGHT,,,2/21/2022 8:34:42 AM,False,5407,Accepted,
29725605,0568000,LOUISVILLE METRO POLICE DEPT,Accepted,JEFFERSON,US0060,8511,SHELBYVILLE,RD,,,,,,,,38.248117282,-85.594943458,6.868,2/19/2022 12:00:00 AM,0049,1,1,0,0,CLEAR,DRY,False,COLLISION WITH FIXED OBJECT NON - INTERSECTION - FIRST EVENT COLLISION 09 - 32 EXCLUDING 16,SINGLE VEHICLE,STRAIGHT & LEVEL,DARK-HWY LIGHTED/ON,,,2/21/2022 8:35:08 AM,False,7113,Accepted,
29753466,0568000,LOUISVILLE METRO POLICE DEPT,Accepted,JEFFERSON,US0031W,,DIXIE,HWY,,,LOWER HUNTERS,,,,,38.156158385,-85.834651056,12.436,2/19/2022 12:00:00 AM,2112,7,7,0,4,CLEAR,DRY,False,SIDESWIPE-SAME DIRECTION,SIDESWIPE-SAME DIRECTION,STRAIGHT & LEVEL,DARK-HWY LIGHTED/ON,,,2/28/2022 8:36:00 AM,False,2142,Accepted,
29725557,0568000,LOUISVILLE METRO POLICE DEPT,Accepted,JEFFERSON,,,3RD,ST,S,,KENTON,,,,,38.198222370,-85.765052358,0.164,2/19/2022 12:00:00 AM,1438,1,1,0,0,CLEAR,DRY,False,COLLISION WITH FIXED OBJECT IN INTERSECTION - FIRST EVENT COLLISION 09 - 32,SINGLE VEHICLE,STRAIGHT & LEVEL,DAYLIGHT,,,2/21/2022 8:31:57 AM,False,7872,Accepted,