IncidentID,AgencyORI,AgencyName,IncidentStatusDesc,County,RdwyNumber,Street,RoadwayName,StreetSfx,StreetDir,IntersectionRdwy,IntersectionRdwyName,BetweenStRdwy1,BetweenStRdwyName1,BetweenStRdwy2,BetweenStRdwyName2,Latitude,Longitude,Milepoint,CollisionDate,CollisionTime,UnitsInvolved,MotorVehiclesInvolved,NumberKilled,NumberInjured,Weather,RdwyConditionCode,HitandRun,DirAnalysisCode,MannerofCollision,RdwyCharacter,LightCondition,RampFromRdwyId,RampToRdwyId,AcceptedDate,IsSecondaryCollision,OwnerBadge,IncidentStatus,
29725563,0568000,LOUISVILLE METRO POLICE DEPT,Accepted,JEFFERSON,US0031W,,22ND,ST,S,,GRAND,,,,,38.240264475,-85.789783231,18.935,2/19/2022 12:00:00 AM,0200,1,1,0,1,CLEAR,DRY,False,COLLISION WITH FIXED OBJECT IN INTERSECTION - FIRST EVENT COLLISION 09 - 32,SINGLE VEHICLE,STRAIGHT & LEVEL,DARK-HWY LIGHTED/ON,,,2/21/2022 8:32:38 AM,False,5327,Accepted,
29725564,0568000,LOUISVILLE METRO POLICE DEPT,Accepted,JEFFERSON,,4650,AIRFREIGHT,DR,,,,,,,,38.187056757,-85.747094305,0.160,2/19/2022 12:00:00 AM,0010,2,2,0,0,CLEAR,DRY,False,1 VEHICLE PARKED POSITION (NOT PARKING LOT/DRIVEWAY),SIDESWIPE-OPPOSITE DIRECTION,STRAIGHT & LEVEL,DARK-HWY LIGHTED/ON,,,2/21/2022 8:32:45 AM,False,5418,Accepted,
29725566,0568000,LOUISVILLE METRO POLICE DEPT,Accepted,JEFFERSON,,1208,TILE FACTORY,LN,,,,,,,,38.182569338,-85.704592874,0.310,2/19/2022 12:00:00 AM,0332,2,2,0,0,CLEAR,DRY,False,1 VEHICLE PARKED POSITION (NOT PARKING LOT/DRIVEWAY),SIDESWIPE-OPPOSITE DIRECTION,STRAIGHT & LEVEL,DARK (UNKNOWN ROADWAY LIGHTING),,,2/21/2022 8:32:56 AM,False,5418,Accepted,
29725571,0568000,LOUISVILLE METRO POLICE DEPT,Accepted,JEFFERSON,,100,CHESTNUT,ST,E,,,,,,,38.248339138,-85.752372654,0.030,2/19/2022 12:00:00 AM,2334,3,3,0,0,,,True,1 VEHICLE ENTERING/LEAVING ENTRANCE,ANGLE,STRAIGHT & LEVEL,,,,2/21/2022 8:33:34 AM,False,5385,Accepted,
29725524,0568000,LOUISVILLE METRO POLICE DEPT,Accepted,JEFFERSON,,,HILL,ST,W,,DIXIE,,,,,38.228299106,-85.790464928,1.840,2/18/2022 12:00:00 AM,1400,2,1,0,1,CLEAR,DRY,True,COLLISION WITH PEDESTRIAN IN INTERSECTION,SINGLE VEHICLE,STRAIGHT & LEVEL,DAYLIGHT,,,2/21/2022 8:28:27 AM,False,2569,Accepted,
29725533,0568000,LOUISVILLE METRO POLICE DEPT,Accepted,JEFFERSON,KY1934,,CANE RUN,RD,,,KRISTIN,,,,,38.197462361,-85.839594337,9.011,2/18/2022 12:00:00 AM,1518,2,2,0,0,CLEAR,DRY,False,OTHER INTERSECTION COLLISIONS,REAR END,STRAIGHT & LEVEL,DAYLIGHT,,,2/21/2022 8:29:08 AM,False,5240,Accepted,
29725541,0568000,LOUISVILLE METRO POLICE DEPT,Accepted,JEFFERSON,,,JOHNSON,ST,N,US0042,MAIN,,,,,38.254565259,-85.731182621,0.095,2/18/2022 12:00:00 AM,,2,2,0,0,CLEAR,DRY,True,ANGLE COLLISION - OTHER,ANGLE,STRAIGHT & LEVEL,DARK-HWY LIGHTED/ON,,,2/21/2022 8:29:42 AM,False,5348,Accepted,
29725555,0568000,LOUISVILLE METRO POLICE DEPT,Accepted,JEFFERSON,US0060A,,WINKLER,AVE,,,,US0060A,3RD,,4TH,38.210241410,-85.763857824,3.113,2/18/2022 12:00:00 AM,1003,2,2,0,0,CLEAR,DRY,False,1 VEHICLE ENTERING/LEAVING ENTRANCE,ANGLE,STRAIGHT & LEVEL,DAYLIGHT,,,2/21/2022 8:31:23 AM,False,2745,Accepted,
29743020,0568000,LOUISVILLE METRO POLICE DEPT,Accepted,JEFFERSON,US0031E,,BARDSTOWN,RD,,,,,LANCASHIRE,,MANCHESTER,38.216034167,-85.675141218,12.417,2/18/2022 12:00:00 AM,0305,1,1,0,1,CLEAR,DRY,False,COLLISION WITH FIXED OBJECT NON - INTERSECTION - FIRST EVENT COLLISION 09 - 32 EXCLUDING 16,SINGLE VEHICLE,CURVE & LEVEL,DARK-HWY NOT LIGHTED,,,2/25/2022 7:43:08 AM,False,2816,Accepted,
29715010,0568000,LOUISVILLE METRO POLICE DEPT,Accepted,JEFFERSON,KY1065,,OUTER,LOOP,,,GRADE,,,,,38.129897804,-85.736999587,3.199,2/18/2022 12:00:00 AM,0635,1,1,0,1,CLEAR,DRY,False,NON-COLLISION OBJECT COLLISION,SINGLE VEHICLE,STRAIGHT & GRADE,DARK-HWY NOT LIGHTED,,,2/18/2022 8:22:35 AM,False,7106,Accepted,
29719170,0561000,JEFFERSONTOWN POLICE DEPT,Accepted,JEFFERSON,,,WATTERSON,TRL,,,,,LOCHRIDGE,,SAN MARCOS,38.183319137,-85.591191648,1.926,2/18/2022 12:00:00 AM,1413,3,3,0,0,CLEAR,DRY,False,REAR END IN TRAFFIC LANES BOTH VEHICLES MOVING,REAR END,STRAIGHT & LEVEL,DAYLIGHT,,,2/19/2022 7:42:15 AM,False,8296,Accepted,
29725521,0568000,LOUISVILLE METRO POLICE DEPT,Accepted,JEFFERSON,KY0061,,PRESTON,HWY,,,,,HUNTINGTON,,LIPPS,38.142288718,-85.688875960,4.241,2/18/2022 12:00:00 AM,1257,2,2,0,0,CLEAR,DRY,False,1 VEHICLE ENTERING/LEAVING ENTRANCE,ANGLE,STRAIGHT & LEVEL,DAYLIGHT,,,2/21/2022 8:28:13 AM,False,2017,Accepted,
29725522,0568000,LOUISVILLE METRO POLICE DEPT,Accepted,JEFFERSON,I 0065,,I65 S,,,,,I 0065,I65 S EXIT130 OFF RAMP TO  GRADE LN,I 0065,I65 S EXIT131A ON RAMP,38.182575320,-85.722423150,130.072,2/18/2022 12:00:00 AM,0901,2,2,0,0,CLEAR,DRY,True,REAR END IN TRAFFIC LANES BOTH VEHICLES MOVING,REAR END,STRAIGHT & LEVEL,DAYLIGHT,,,2/21/2022 8:28:18 AM,False,7451,Accepted,
29725523,0568000,LOUISVILLE METRO POLICE DEPT,Accepted,JEFFERSON,I 0064,,I64 E,,,I 0064,I64 W EXIT19B RAMP TO I265 N,,,,,38.222635872,-85.505676947,18.966,2/18/2022 12:00:00 AM,1529,3,3,0,0,CLEAR,DRY,False,COLLISION WITH FIXED OBJECT IN INTERSECTION - FIRST EVENT COLLISION 09 - 32,REAR END,STRAIGHT & LEVEL,DAYLIGHT,,,2/21/2022 8:28:22 AM,False,7316,Accepted,
29725530,0568000,LOUISVILLE METRO POLICE DEPT,Accepted,JEFFERSON,I 0265,,I265 E,,,,,,,,,38.112140917,-85.691157810,10.840,2/18/2022 12:00:00 AM,1646,2,2,0,0,CLEAR,DRY,False,OTHER ROADWAY OR MID-BLOCK COLLISION,REAR END,STRAIGHT & LEVEL,DAYLIGHT,,,2/21/2022 8:28:57 AM,False,2017,Accepted,
29725531,0568000,LOUISVILLE METRO POLICE DEPT,Accepted,JEFFERSON,,,MCCAWLEY,RD,,,,,JEFFERSON,,EGYPT,38.143952267,-85.676225486,0.764,2/18/2022 12:00:00 AM,1720,2,2,0,0,CLEAR,DRY,False,SIDESWIPE COLLISION - SAME DIRECTION,SIDESWIPE-SAME DIRECTION,STRAIGHT & LEVEL,DAYLIGHT,,,2/21/2022 8:29:00 AM,False,2017,Accepted,
29725538,0568000,LOUISVILLE METRO POLICE DEPT,Accepted,JEFFERSON,US0031W,7400,DIXIE,HWY,,KY1931,GREENWOOD,,,,,38.143337452,-85.839787044,11.677,2/18/2022 12:00:00 AM,2130,2,2,0,0,CLEAR,DRY,True,COLLISION IN PARKING LOT,REAR END,STRAIGHT & LEVEL,DARK-HWY LIGHTED/ON,,,2/21/2022 8:29:30 AM,False,5211,Accepted,
29725539,0568000,LOUISVILLE METRO POLICE DEPT,Accepted,JEFFERSON,,2328,GRIFFITHS,AVE,,,,,,,,38.265315221,-85.787866993,0.500,2/18/2022 12:00:00 AM,1945,2,2,0,0,CLEAR,DRY,False,1 VEHICLE PARKED POSITION (NOT PARKING LOT/DRIVEWAY),REAR END,STRAIGHT & LEVEL,DARK-HWY LIGHTED/ON,,,2/21/2022 8:29:35 AM,False,5158,Accepted,
29725540,0568000,LOUISVILLE METRO POLICE DEPT,Accepted,JEFFERSON,,,HALE,AVE,,,42ND,,,,,38.241596057,-85.823095755,2.348,2/18/2022 12:00:00 AM,2031,2,2,0,2,CLEAR,DRY,False,ANGLE COLLISION - ONE VEHICLE TURNING LEFT,ANGLE,STRAIGHT & LEVEL,DUSK,,,2/21/2022 8:29:38 AM,False,7309,Accepted,
29725546,0568000,LOUISVILLE METRO POLICE DEPT,Accepted,JEFFERSON,US0031W,,MARKET,ST,W,,18TH,,,,,38.257796731,-85.779945727,20.554,2/18/2022 12:00:00 AM,1744,2,2,0,1,CLEAR,DRY,True,OTHER INTERSECTION COLLISIONS,REAR END,STRAIGHT & LEVEL,DUSK,,,2/21/2022 8:30:02 AM,False,7325,Accepted,
29739435,0568000,LOUISVILLE METRO POLICE DEPT,Accepted,JEFFERSON,,990,BARRET,AVE,,,,,,,,38.237911102,-85.729359131,0.815,2/18/2022 12:00:00 AM,1010,2,2,0,0,CLEAR,DRY,True,1 VEHICLE PARKED POSITION (NOT PARKING LOT/DRIVEWAY),SIDESWIPE-SAME DIRECTION,STRAIGHT & LEVEL,DAYLIGHT,,,2/24/2022 8:35:09 AM,False,5006,Accepted,
29739426,0568000,LOUISVILLE METRO POLICE DEPT,Accepted,JEFFERSON,US0031E,,BARDSTOWN,RD,,,BASHFORD MANOR,,,,,38.202884868,-85.664612078,11.341,2/18/2022 12:00:00 AM,1832,2,2,0,2,CLEAR,DRY,False,OTHER INTERSECTION COLLISIONS,REAR END,STRAIGHT & LEVEL,DUSK,,,2/24/2022 8:34:31 AM,False,5247,Accepted,
29730870,0568000,LOUISVILLE METRO POLICE DEPT,Accepted,JEFFERSON,,,APPLEGATE,LN,,,JOYCE,,,,,38.134324086,-85.650937872,0.435,2/18/2022 12:00:00 AM,1245,3,3,0,2,CLEAR,DRY,False,ANGLE COLLISION - OTHER,ANGLE,CURVE & LEVEL,DAYLIGHT,,,2/22/2022 9:59:42 AM,False,7354,Accepted,
29725550,0568000,LOUISVILLE METRO POLICE DEPT,Accepted,JEFFERSON,,5201,3RD,ST,S,,,,,,,38.171477824,-85.768060117,1.887,2/18/2022 12:00:00 AM,1815,3,3,0,0,CLEAR,DRY,False,1 VEHICLE PARKED POSITION (NOT PARKING LOT/DRIVEWAY),ANGLE,STRAIGHT & LEVEL,DUSK,,,2/21/2022 8:30:25 AM,False,7455,Accepted,
29725584,0568000,LOUISVILLE METRO POLICE DEPT,Accepted,JEFFERSON,I 0265,,I265 W,,,,,,,,,38.112975270,-85.693281057,10.719,2/18/2022 12:00:00 AM,1742,2,2,0,0,CLEAR,DRY,False,OTHER ROADWAY OR MID-BLOCK COLLISION,REAR END,STRAIGHT & LEVEL,DAYLIGHT,,,2/21/2022 8:34:21 AM,False,7751,Accepted,
29725536,0568000,LOUISVILLE METRO POLICE DEPT,Accepted,JEFFERSON,,,MUHAMMAD ALI,BLVD,W,,18TH,,,,,38.253696952,-85.780647251,1.544,2/18/2022 12:00:00 AM,1200,4,4,0,1,CLEAR,DRY,False,COLLISION WITH PARKED VEHICLE,REAR END,STRAIGHT & LEVEL,DAYLIGHT,,,2/21/2022 8:29:20 AM,False,5403,Accepted,
29725537,0568000,LOUISVILLE METRO POLICE DEPT,Accepted,JEFFERSON,KY1931,,GREENWOOD,RD,,KY1727,TERRY,,,,,38.144681436,-85.872209475,1.400,2/18/2022 12:00:00 AM,2029,2,2,0,0,CLEAR,DRY,False,ANGLE COLLISION - ONE VEHICLE TURNING RIGHT,ANGLE,STRAIGHT & GRADE,DARK-HWY LIGHTED/ON,,,2/21/2022 8:29:25 AM,False,5212,Accepted,
29725525,0568000,LOUISVILLE METRO POLICE DEPT,Accepted,JEFFERSON,I 0064,,I64 E,,,I 0064,I64 E EXIT19A RAMP TO I265 S,,,,,38.222804128,-85.510872959,18.688,2/18/2022 12:00:00 AM,0836,2,2,0,0,CLOUDY,DRY,False,OTHER INTERSECTION COLLISIONS,REAR END,STRAIGHT & GRADE,DAYLIGHT,,,2/21/2022 8:28:33 AM,False,7720,Accepted,
29725535,0568000,LOUISVILLE METRO POLICE DEPT,Accepted,JEFFERSON,US0031E,,BARDSTOWN,RD,,KY1065,SEATONVILLE,,,,,38.149944691,-85.587312271,5.557,2/18/2022 12:00:00 AM,1735,3,3,0,0,CLEAR,DRY,False,OTHER INTERSECTION COLLISIONS,REAR END,STRAIGHT & LEVEL,DAYLIGHT,,,2/21/2022 8:29:15 AM,False,7484,Accepted,
29719134,0566900,LOUISVILLE AIRPORT POLICE,Accepted,JEFFERSON,,4500,TOLL PLAZA,RD,,,,,,,,38.187832195,-85.740422890,0.038,2/18/2022 12:00:00 AM,1153,2,2,0,0,CLEAR,DRY,False,COLLISION IN PARKING LOT,ANGLE,STRAIGHT & LEVEL,DAYLIGHT,,,2/19/2022 7:12:58 AM,False,5856,Accepted,
29725520,0568000,LOUISVILLE METRO POLICE DEPT,Accepted,JEFFERSON,KY1065,2673,OUTER,LOOP,,,,,,,,38.134868845,-85.719290364,4.223,2/18/2022 12:00:00 AM,1327,2,2,0,0,CLEAR,DRY,False,VEHICLE BACKING NON INTERSECTION,BACKING,STRAIGHT & LEVEL,DAYLIGHT,,,2/21/2022 8:28:08 AM,False,2017,Accepted,
29725528,0568000,LOUISVILLE METRO POLICE DEPT,Accepted,JEFFERSON,I 0065,,I65 N,,,I 0065,I65 N EXIT134A OFF RAMP TO KY61,,,,,38.225964776,-85.751440819,133.867,2/18/2022 12:00:00 AM,1507,4,4,0,0,CLEAR,DRY,False,OTHER INTERSECTION COLLISIONS,REAR END,STRAIGHT & LEVEL,DAYLIGHT,,,2/21/2022 8:28:47 AM,False,5301,Accepted,
29725517,0568000,LOUISVILLE METRO POLICE DEPT,Accepted,JEFFERSON,KY1065,,OUTER,LOOP,,,,KY1020,NATIONAL,KY3078,FRONTAGE RODD LEFT LINE A,38.126974998,-85.748914562,2.517,2/18/2022 12:00:00 AM,1140,2,2,0,0,CLEAR,DRY,True,OTHER ROADWAY OR MID-BLOCK COLLISION,REAR END,STRAIGHT & LEVEL,DAYLIGHT,,,2/21/2022 8:27:49 AM,False,7202,Accepted,
29725518,0568000,LOUISVILLE METRO POLICE DEPT,Accepted,JEFFERSON,US0031W,,DR W J HODGE,ST,,,MAGAZINE,,,,,38.250740264,-85.786295936,19.757,2/18/2022 12:00:00 AM,1201,2,2,0,0,CLEAR,DRY,True,ANGLE COLLISION - OTHER,ANGLE,STRAIGHT & LEVEL,DAYLIGHT,,,2/21/2022 8:27:54 AM,False,5124,Accepted,
29734668,0568000,LOUISVILLE METRO POLICE DEPT,Accepted,JEFFERSON,I 0264,,I264 W,,,,,,,,,38.211162587,-85.671475770,15.660,2/18/2022 12:00:00 AM,1706,3,3,0,1,CLEAR,DRY,False,REAR END IN TRAFFIC LANES BOTH VEHICLES MOVING,REAR END,STRAIGHT & GRADE,DAYLIGHT,,,2/23/2022 8:15:38 AM,False,8278,Accepted,
29725609,0568000,LOUISVILLE METRO POLICE DEPT,Accepted,JEFFERSON,I 0264,,I264 E,,,,,,,,,38.189851550,-85.749443129,10.993,2/18/2022 12:00:00 AM,0855,2,2,0,0,CLEAR,DRY,True,REAR END IN TRAFFIC LANES BOTH VEHICLES MOVING,REAR END,STRAIGHT & LEVEL,DAYLIGHT,,,2/21/2022 8:35:23 AM,False,5027,Accepted,
29725553,0568000,LOUISVILLE METRO POLICE DEPT,Accepted,JEFFERSON,KY2251,4109,BARDSTOWN,RD,,,,,,,,38.191723000,-85.646285235,0.144,2/18/2022 12:00:00 AM,1911,2,2,0,0,CLEAR,DRY,False,COLLISION IN PARKING LOT,SIDESWIPE-SAME DIRECTION,STRAIGHT & LEVEL,DARK (UNKNOWN ROADWAY LIGHTING),,,2/21/2022 8:30:41 AM,False,5288,Accepted,
29726765,0561500,UNIV. OF LOUISVILLE POLICE,Accepted,JEFFERSON,,,BROOK,ST,S,,JEFFERSON,,,,,38.253169214,-85.750314185,3.396,2/18/2022 12:00:00 AM,1924,2,2,0,0,CLEAR,DRY,True,SIDESWIPE-SAME DIRECTION,SIDESWIPE-SAME DIRECTION,STRAIGHT & LEVEL,DARK-HWY LIGHTED/ON,,,2/21/2022 11:36:51 AM,False,5710,Accepted,
29758469,0568000,LOUISVILLE METRO POLICE DEPT,Accepted,JEFFERSON,KY0061,,PRESTON,HWY,,,HESS,,,,,38.204926841,-85.736364793,9.332,2/18/2022 12:00:00 AM,1615,1,1,0,0,CLEAR,DRY,False,COLLISION WITH FIXED OBJECT IN INTERSECTION - FIRST EVENT COLLISION 09 - 32,SINGLE VEHICLE,STRAIGHT & LEVEL,DAYLIGHT,,,3/1/2022 8:44:30 AM,False,7938,Accepted,
29743008,0568000,LOUISVILLE METRO POLICE DEPT,Accepted,JEFFERSON,US0031E,4306,BARDSTOWN,RD,,,,,,,,38.186534980,-85.636988059,9.447,2/18/2022 12:00:00 AM,1010,2,2,0,3,CLEAR,DRY,False,1 VEHICLE ENTERING/LEAVING ENTRANCE,ANGLE,STRAIGHT & LEVEL,DAYLIGHT,,,2/25/2022 7:42:24 AM,False,5276,Accepted,
29737910,0560300,ST. MATTHEWS POLICE DEPARTMENT,Accepted,JEFFERSON,I 0264,,I264 W,,,,,,,,,38.257305512,-85.622456501,20.293,2/17/2022 12:00:00 AM,1754,2,2,0,0,RAINING,WET,True,SIDESWIPE COLLISION - SAME DIRECTION,SIDESWIPE-SAME DIRECTION,STRAIGHT & LEVEL,DUSK,,,2/23/2022 9:17:27 PM,False,9169,Accepted,
29750989,0560400,SHIVELY POLICE DEPARTMENT,Accepted,JEFFERSON,I 0264,,I264 E,,,,,I 0264,I264 E EXIT5 ON RAMP FROM KY1934,I 0264,I264 E EXIT8B OFF RAMP TO US31W S,38.185557177,-85.820512621,7.067,2/17/2022 12:00:00 AM,1159,2,2,0,0,RAINING,WET,False,SIDESWIPE COLLISION - SAME DIRECTION,SIDESWIPE-SAME DIRECTION,STRAIGHT & LEVEL,DAYLIGHT,,,2/27/2022 6:52:42 PM,False,7088,Accepted,
29753444,0568000,LOUISVILLE METRO POLICE DEPT,Accepted,JEFFERSON,US0042,,BROWNSBORO,RD,,,ZORN,,,,,38.261100713,-85.684241464,2.836,2/17/2022 12:00:00 AM,1355,2,2,0,1,RAINING,WET,False,ANGLE COLLISION - OTHER,ANGLE,STRAIGHT & LEVEL,DAYLIGHT,,,2/28/2022 8:34:51 AM,False,2673,Accepted,
29730390,0568000,LOUISVILLE METRO POLICE DEPT,Accepted,JEFFERSON,,,PIRTLE,ST,,,19TH,,,,,38.258674289,-85.781468397,0.385,2/17/2022 12:00:00 AM,1315,2,2,0,0,RAINING,WET,False,ANGLE COLLISION - OTHER,ANGLE,STRAIGHT & LEVEL,DAYLIGHT,,,2/22/2022 7:57:06 AM,False,7463,Accepted,
29734677,0568000,LOUISVILLE METRO POLICE DEPT,Accepted,JEFFERSON,,311,BURNETT,AVE,E,,,,,,,38.226319179,-85.752254335,0.221,2/17/2022 12:00:00 AM,1430,3,3,0,0,RAINING,WET,False,1 VEHICLE PARKED POSITION (NOT PARKING LOT/DRIVEWAY),REAR END,STRAIGHT & LEVEL,DAYLIGHT,,,2/23/2022 8:16:21 AM,False,7619,Accepted,
29734659,0568000,LOUISVILLE METRO POLICE DEPT,Accepted,JEFFERSON,US0060A,,LEXINGTON,RD,,,DOVER,,,,,38.248630446,-85.673121915,9.629,2/17/2022 12:00:00 AM,0740,2,2,0,1,RAINING,WET,False,NON-COLLISION OBJECT COLLISION,SIDESWIPE-SAME DIRECTION,STRAIGHT & LEVEL,DAYLIGHT,,,2/23/2022 8:14:56 AM,False,2673,Accepted,
29734710,0568000,LOUISVILLE METRO POLICE DEPT,Accepted,JEFFERSON,,,7TH,ST,S,,MAGNOLIA,,,,,38.229623746,-85.767734746,0.879,2/17/2022 12:00:00 AM,1323,2,1,0,1,RAINING,WET,False,COLLISION WITH PEDESTRIAN IN INTERSECTION,SINGLE VEHICLE,STRAIGHT & HILLCREST,DAYLIGHT,,,2/23/2022 8:18:51 AM,False,7116,Accepted,
29714998,0568000,LOUISVILLE METRO POLICE DEPT,Accepted,JEFFERSON,,3503,BLANTON,LN,,,,,,,,38.157380511,-85.829624274,0.286,2/17/2022 12:00:00 AM,1739,1,1,0,0,RAINING,WET,False,COLLISION WITH FIXED OBJECT NON - INTERSECTION - FIRST EVENT COLLISION 09 - 32 EXCLUDING 16,SINGLE VEHICLE,CURVE & LEVEL,DAYLIGHT,,,2/18/2022 8:21:43 AM,False,5392,Accepted,
29714999,0568000,LOUISVILLE METRO POLICE DEPT,Accepted,JEFFERSON,,,CARLISLE,AVE,,KY1865,TAYLOR,,,,,38.194439090,-85.783173873,0.480,2/17/2022 12:00:00 AM,0923,3,3,0,0,RAINING,WET,False,ANGLE COLLISION - OTHER,ANGLE,STRAIGHT & LEVEL,DAYLIGHT,,,2/18/2022 8:21:48 AM,False,7116,Accepted,
29715005,0568000,LOUISVILLE METRO POLICE DEPT,Accepted,JEFFERSON,,,PALATKA,RD,,,,,,,,38.147515568,-85.768275723,0.098,2/17/2022 12:00:00 AM,1737,2,2,0,0,CLOUDY,WET,False,VEHICLE BACKING NON INTERSECTION,BACKING,STRAIGHT & LEVEL,DAYLIGHT,,,2/18/2022 8:22:12 AM,False,7234,Accepted,
29715006,0568000,LOUISVILLE METRO POLICE DEPT,Accepted,JEFFERSON,KY1020,,SOUTHERN,PKWY,,,KENTON,,,,,38.198164857,-85.766903939,8.955,2/17/2022 12:00:00 AM,1632,2,2,0,0,RAINING,WET,False,ANGLE COLLISION - OTHER,ANGLE,STRAIGHT & LEVEL,DAYLIGHT,,,2/18/2022 8:22:18 AM,False,7402,Accepted,
29715008,0568000,LOUISVILLE METRO POLICE DEPT,Accepted,JEFFERSON,KY1932,,BRECKENRIDGE,LN,,,CHURCHILL PARK,,,,,38.214682560,-85.627403648,2.436,2/17/2022 12:00:00 AM,1907,2,2,0,0,RAINING,WET,False,ANGLE COLLISION - OTHER,ANGLE,STRAIGHT & LEVEL,DARK-HWY LIGHTED/ON,,,2/18/2022 8:22:26 AM,False,5363,Accepted,
29714997,0568000,LOUISVILLE METRO POLICE DEPT,Accepted,JEFFERSON,,7230,RIVERPORT,DR,,,,,,,,38.164707661,-85.886702429,0.396,2/17/2022 12:00:00 AM,0702,2,2,0,0,RAINING,WET,True,SIDESWIPE COLLISION - SAME DIRECTION,SIDESWIPE-SAME DIRECTION,STRAIGHT & LEVEL,DARK (UNKNOWN ROADWAY LIGHTING),,,2/18/2022 8:21:37 AM,False,5392,Accepted,
29713928,0560300,ST. MATTHEWS POLICE DEPARTMENT,Accepted,JEFFERSON,,,DUTCHMANS,LN,,,REGAL SPRINGS,,,,,38.230135787,-85.643812766,0.464,2/17/2022 12:00:00 AM,1530,1,1,0,0,RAINING,WET,True,COLLISION WITH FIXED OBJECT IN INTERSECTION - FIRST EVENT COLLISION 09 - 32,SINGLE VEHICLE,STRAIGHT & LEVEL,DAYLIGHT,,,2/17/2022 10:55:53 PM,False,9187,Accepted,
29714981,0568000,LOUISVILLE METRO POLICE DEPT,Accepted,JEFFERSON,KY1065,,OUTER,LOOP,,KY0061,PRESTON,,,,,38.138327674,-85.686880206,6.047,2/17/2022 12:00:00 AM,1315,2,2,0,0,CLOUDY,WET,True,OTHER INTERSECTION COLLISIONS,REAR END,STRAIGHT & LEVEL,DAYLIGHT,,,2/18/2022 8:20:33 AM,False,5100,Accepted,
29714982,0568000,LOUISVILLE METRO POLICE DEPT,Accepted,JEFFERSON,,,FREEDOM,WAY,,,,,,,,38.197268656,-85.740577561,0.242,2/17/2022 12:00:00 AM,1407,2,1,0,1,RAINING,WET,False,COLLISION WITH PEDESTRIAN NON - INTERSECTION,SINGLE VEHICLE,STRAIGHT & LEVEL,DAYLIGHT,,,2/18/2022 8:20:37 AM,False,5412,Accepted,
29714991,0568000,LOUISVILLE METRO POLICE DEPT,Accepted,JEFFERSON,KY2049,,CRUMS,LN,,,POPPY,,,,,38.197829427,-85.833941469,0.199,2/17/2022 12:00:00 AM,0716,4,4,0,0,RAINING,WET,True,ANGLE COLLISION - OTHER,ANGLE,STRAIGHT & LEVEL,DAYLIGHT,,,2/18/2022 8:21:05 AM,False,5232,Accepted,
29712508,0568000,LOUISVILLE METRO POLICE DEPT,Accepted,JEFFERSON,US0031E,6900,BARDSTOWN,RD,,,,,,,,38.147325445,-85.585985244,5.317,2/17/2022 12:00:00 AM,0935,2,2,0,0,RAINING,WET,False,COLLISION IN PARKING LOT,ANGLE,STRAIGHT & LEVEL,DAYLIGHT,,,2/17/2022 2:37:14 PM,False,2017,Accepted,
29712509,0568000,LOUISVILLE METRO POLICE DEPT,Accepted,JEFFERSON,,,GALLAGHER,ST,,,17TH,,,,,38.238933607,-85.783622133,0.131,2/17/2022 12:00:00 AM,0930,2,2,0,0,RAINING,WET,False,COLLISION WITH PARKED VEHICLE,SIDESWIPE-SAME DIRECTION,STRAIGHT & LEVEL,DAYLIGHT,,,2/17/2022 2:37:17 PM,False,5355,Accepted,
29715000,0568000,LOUISVILLE METRO POLICE DEPT,Accepted,JEFFERSON,I 0264,,,,,,,,,,,38.202256109,-85.689415705,0.180,2/17/2022 12:00:00 AM,0706,2,2,0,0,RAINING,WET,False,OTHER RAMP RELATED COLLISIONS NOT LISTED ABOVE,REAR END,STRAIGHT & LEVEL,DARK-HWY LIGHTED/ON,I 0264,KY1703,2/18/2022 8:21:52 AM,False,7740,Accepted,
29725526,0568000,LOUISVILLE METRO POLICE DEPT,Accepted,JEFFERSON,,350,CHESTNUT,ST,W,,,,,,,38.248841840,-85.756903349,2.417,2/17/2022 12:00:00 AM,0940,2,1,0,1,RAINING,WET,False,COLLISION WITH BICYCLIST NON INTERSECTION,SINGLE VEHICLE,STRAIGHT & LEVEL,DAYLIGHT,,,2/21/2022 8:28:38 AM,False,2764,Accepted,
29725552,0568000,LOUISVILLE METRO POLICE DEPT,Accepted,JEFFERSON,KY1450,,BLUE LICK,RD,,,,,PARK,,FREEDOM,38.114878764,-85.689487812,2.073,2/17/2022 12:00:00 AM,1309,2,2,0,0,RAINING,WET,True,1 VEHICLE ENTERING/LEAVING ENTRANCE,ANGLE,STRAIGHT & LEVEL,DAYLIGHT,,,2/21/2022 8:30:34 AM,False,2017,Accepted,