IncidentID,AgencyORI,AgencyName,IncidentStatusDesc,County,RdwyNumber,Street,RoadwayName,StreetSfx,StreetDir,IntersectionRdwy,IntersectionRdwyName,BetweenStRdwy1,BetweenStRdwyName1,BetweenStRdwy2,BetweenStRdwyName2,Latitude,Longitude,Milepoint,CollisionDate,CollisionTime,UnitsInvolved,MotorVehiclesInvolved,NumberKilled,NumberInjured,Weather,RdwyConditionCode,HitandRun,DirAnalysisCode,MannerofCollision,RdwyCharacter,LightCondition,RampFromRdwyId,RampToRdwyId,AcceptedDate,IsSecondaryCollision,OwnerBadge,IncidentStatus,
29725516,0568000,LOUISVILLE METRO POLICE DEPT,Accepted,JEFFERSON,I 0065,,I65 N,,,,,,,,,38.181618790,-85.721528654,130.000,2/17/2022 12:00:00 AM,1230,2,2,0,2,RAINING,WET,False,1 VEHICLE PARKED POSITION (NOT PARKING LOT/DRIVEWAY),HEAD ON,STRAIGHT & HILLCREST,DAYLIGHT,,,2/21/2022 8:27:44 AM,False,7751,Accepted,
29715009,0568000,LOUISVILLE METRO POLICE DEPT,Accepted,JEFFERSON,KY0155,,TAYLORSVILLE,RD,,KY1932,BRECKENRIDGE,,,,,38.220173828,-85.630560009,13.591,2/17/2022 12:00:00 AM,2302,2,2,0,3,CLEAR,WET,False,OTHER INTERSECTION COLLISIONS,REAR END,STRAIGHT & LEVEL,DARK-HWY LIGHTED/ON,,,2/18/2022 8:22:30 AM,False,5300,Accepted,
29730388,0568000,LOUISVILLE METRO POLICE DEPT,Accepted,JEFFERSON,,,SHEPHERDSVILLE,RD,,,,,SHEPHERD CROSSING,,SAVANNAH SPRINGS,38.128548167,-85.663081853,0.802,2/17/2022 12:00:00 AM,1520,2,2,0,1,RAINING,WET,False,SIDESWIPE COLLISION - SAME DIRECTION,SIDESWIPE-SAME DIRECTION,STRAIGHT & HILLCREST,DAYLIGHT,,,2/22/2022 7:56:57 AM,False,2583,Accepted,
29715011,0568000,LOUISVILLE METRO POLICE DEPT,Accepted,JEFFERSON,KY1819,,BILLTOWN,RD,,,,,TARRENCE,,EASUM,38.159926624,-85.564317379,6.621,2/17/2022 12:00:00 AM,1214,1,1,0,0,RAINING,WET,False,COLLISION WITH FIXED OBJECT NON - INTERSECTION - FIRST EVENT COLLISION 09 - 32 EXCLUDING 16,SINGLE VEHICLE,STRAIGHT & LEVEL,DAYLIGHT,,,2/18/2022 8:22:38 AM,False,2017,Accepted,
29725724,0568000,LOUISVILLE METRO POLICE DEPT,Accepted,JEFFERSON,,7111,TRADE PORT,DR,,,,,,,,38.124000116,-85.887462849,0.607,2/17/2022 12:00:00 AM,1500,2,2,0,0,RAINING,WATER (STANDING OR MOVING),True,COLLISION IN PARKING LOT,ANGLE,STRAIGHT & LEVEL,DAYLIGHT,,,2/21/2022 8:49:46 AM,False,2311,Accepted,
29714994,0568000,LOUISVILLE METRO POLICE DEPT,Accepted,JEFFERSON,US0150,,BROADWAY,,W,,4TH,,,,,38.246092273,-85.758406515,2.380,2/17/2022 12:00:00 AM,1328,2,1,0,1,RAINING,WET,False,COLLISION WITH PEDESTRIAN IN INTERSECTION,SINGLE VEHICLE,STRAIGHT & LEVEL,DAYLIGHT,,,2/18/2022 8:21:24 AM,False,5338,Accepted,
29714995,0568000,LOUISVILLE METRO POLICE DEPT,Accepted,JEFFERSON,,,CHESTNUT,ST,W,,16TH,,,,,38.251151503,-85.777744982,1.272,2/17/2022 12:00:00 AM,1525,2,2,0,2,RAINING,WET,False,ANGLE COLLISION - OTHER,ANGLE,STRAIGHT & LEVEL,DAYLIGHT,,,2/18/2022 8:21:29 AM,False,5415,Accepted,
29715001,0568000,LOUISVILLE METRO POLICE DEPT,Accepted,JEFFERSON,US0031E,,BUECHEL,BYP,,KY2251,KY2251 CROSSOVER,,,,,38.190515549,-85.644467741,9.901,2/17/2022 12:00:00 AM,0842,2,2,0,0,RAINING,WET,False,ANGLE COLLISION - OTHER,ANGLE,STRAIGHT & LEVEL,DAYLIGHT,,,2/18/2022 8:21:57 AM,False,7864,Accepted,
29715002,0568000,LOUISVILLE METRO POLICE DEPT,Accepted,JEFFERSON,,6200,GELLHAUS,LN,,,,,,,,38.154584676,-85.543408967,0.452,2/17/2022 12:00:00 AM,1945,1,1,0,0,RAINING,WET,False,COLLISION WITH FIXED OBJECT NON - INTERSECTION - FIRST EVENT COLLISION 09 - 32 EXCLUDING 16,SINGLE VEHICLE,CURVE & LEVEL,DARK-HWY NOT LIGHTED,,,2/18/2022 8:22:01 AM,False,6878,Accepted,
29714986,0568000,LOUISVILLE METRO POLICE DEPT,Accepted,JEFFERSON,KY1703,,NEWBURG,RD,,I 0264,I264 E EXIT15 OFF RAMP TO KY1703,,,,,38.201778609,-85.688951449,2.315,2/17/2022 12:00:00 AM,1217,2,2,0,0,RAINING,WET,True,ANGLE COLLISION - ONE VEHICLE TURNING RIGHT,ANGLE,CURVE & GRADE,DAYLIGHT,,,2/18/2022 8:20:53 AM,False,5375,Accepted,
29714992,0568000,LOUISVILLE METRO POLICE DEPT,Accepted,JEFFERSON,US0031W,,22ND,ST,S,,BROADWAY,,,,,38.249283069,-85.788174611,19.554,2/17/2022 12:00:00 AM,1712,2,2,0,0,RAINING,WET,False,SIDESWIPE-SAME DIRECTION,SIDESWIPE-SAME DIRECTION,STRAIGHT & LEVEL,DAYLIGHT,,,2/18/2022 8:21:13 AM,False,7220,Accepted,
29715004,0568000,LOUISVILLE METRO POLICE DEPT,Accepted,JEFFERSON,,420,38TH,ST,N,,,,,,,38.270204985,-85.810842167,0.121,2/17/2022 12:00:00 AM,1958,2,2,0,1,RAINING,WET,True,1 VEHICLE PARKED POSITION (NOT PARKING LOT/DRIVEWAY),SIDESWIPE-SAME DIRECTION,STRAIGHT & LEVEL,DARK-HWY LIGHTED/ON,,,2/18/2022 8:22:08 AM,False,5216,Accepted,
29712654,0561000,JEFFERSONTOWN POLICE DEPT,Accepted,JEFFERSON,US0060,,SHELBYVILLE,RD,,,BURNLEY,,,,,38.244372372,-85.551385752,9.246,2/17/2022 12:00:00 AM,1129,2,2,0,1,RAINING,WET,False,ANGLE COLLISION - OTHER,ANGLE,STRAIGHT & LEVEL,DAYLIGHT,,,2/17/2022 3:17:04 PM,False,8278,Accepted,
29713917,0560300,ST. MATTHEWS POLICE DEPARTMENT,Accepted,JEFFERSON,US0060,,SHELBYVILLE,RD,,I 0264,I264 W EXIT20B OFF RAMP TO US60,,,,,38.250092919,-85.620485758,5.474,2/17/2022 12:00:00 AM,1800,2,2,0,0,RAINING,WET,False,OTHER INTERSECTION COLLISIONS,REAR END,CURVE & LEVEL,DAYLIGHT,,,2/17/2022 10:51:29 PM,False,9151,Accepted,
30162582,0568000,LOUISVILLE METRO POLICE DEPT,Accepted,JEFFERSON,KY3064,,PORTLAND,AVE,,,26TH,,,,,38.271089846,-85.789961043,0.443,2/17/2022 12:00:00 AM,1510,2,2,0,0,RAINING,WET,False,ANGLE COLLISION - ONE VEHICLE TURNING LEFT,ANGLE,STRAIGHT & LEVEL,DAYLIGHT,,,6/9/2022 8:14:37 AM,False,2764,Accepted,
29850412,0568000,LOUISVILLE METRO POLICE DEPT,Accepted,JEFFERSON,,611,36TH,ST,S,,,,,,,38.251963281,-85.811129914,0.341,2/16/2022 12:00:00 AM,2046,2,2,0,1,CLEAR,DRY,False,REAR END IN TRAFFIC LANES BOTH VEHICLES MOVING,REAR END,STRAIGHT & LEVEL,DARK (UNKNOWN ROADWAY LIGHTING),,,3/23/2022 7:47:05 AM,False,5309,Accepted,
29714984,0568000,LOUISVILLE METRO POLICE DEPT,Accepted,JEFFERSON,,,LIBERTY,ST,W,KY1020,2ND,,,,,38.252718659,-85.753867168,0.791,2/16/2022 12:00:00 AM,1811,2,2,0,0,CLEAR,DRY,False,ANGLE COLLISION - ONE VEHICLE TURNING LEFT,ANGLE,STRAIGHT & LEVEL,DUSK,,,2/18/2022 8:20:49 AM,False,2764,Accepted,
29712503,0568000,LOUISVILLE METRO POLICE DEPT,Accepted,JEFFERSON,KY0155,12000,TAYLORSVILLE,RD,,,,,,,,38.186045217,-85.535429199,7.522,2/16/2022 12:00:00 AM,2254,1,1,0,0,CLEAR,DRY,False,COLLISION WITH FIXED OBJECT NON - INTERSECTION - FIRST EVENT COLLISION 09 - 32 EXCLUDING 16,SINGLE VEHICLE,STRAIGHT & LEVEL,DARK-HWY NOT LIGHTED,,,2/17/2022 2:36:50 PM,False,7441,Accepted,
29712494,0568000,LOUISVILLE METRO POLICE DEPT,Accepted,JEFFERSON,KY1703,,BAXTER,AVE,,,CASTLEWOOD,,,,,38.230441124,-85.716472801,4.887,2/16/2022 12:00:00 AM,1424,2,2,0,2,CLOUDY,DRY,False,OTHER INTERSECTION COLLISIONS,REAR END,STRAIGHT & GRADE,DAYLIGHT,,,2/17/2022 2:36:15 PM,False,5020,Accepted,
29712502,0568000,LOUISVILLE METRO POLICE DEPT,Accepted,JEFFERSON,KY1065,,OUTER,LOOP,,KY2052,SHEPHERDSVILLE,,,,,38.138998932,-85.657595911,7.657,2/16/2022 12:00:00 AM,2044,2,2,0,0,CLEAR,DRY,True,ANGLE COLLISION - OTHER,ANGLE,,DARK-HWY LIGHTED/OFF,,,2/17/2022 2:36:46 PM,False,5115,Accepted,
29712497,0568000,LOUISVILLE METRO POLICE DEPT,Accepted,JEFFERSON,I 0264,,,,,,,,,,,38.189186809,-85.765135279,0.006,2/16/2022 12:00:00 AM,1651,3,3,0,1,CLOUDY,DRY,False,OTHER ROADWAY OR MID-BLOCK COLLISION,REAR END,STRAIGHT & GRADE,DAYLIGHT,KY1020,I 0264,2/17/2022 2:36:27 PM,False,5230,Accepted,
29712480,0568000,LOUISVILLE METRO POLICE DEPT,Accepted,JEFFERSON,I 0265,,I265 W,,,,,I 0265,I265 W EXIT15 OFF RAMP TO KY864,I 0265,I265 W EXIT17 ON RAMP FROM US31E,38.134586123,-85.598176033,16.326,2/16/2022 12:00:00 AM,0830,1,1,0,0,CLEAR,DRY,False,OTHER COLLISIONS ON SHOULDER,SINGLE VEHICLE,STRAIGHT & GRADE,DAYLIGHT,,,2/17/2022 2:35:08 PM,False,2506,Accepted,
29712486,0568000,LOUISVILLE METRO POLICE DEPT,Accepted,JEFFERSON,US0031E,,BARDSTOWN,RD,,,,,BRENTLINGER,,ICHABOD,38.133188701,-85.579193699,4.303,2/16/2022 12:00:00 AM,0642,3,3,0,0,CLOUDY,DRY,False,REAR END IN TRAFFIC LANES BOTH VEHICLES MOVING,REAR END,STRAIGHT & LEVEL,DARK-HWY NOT LIGHTED,,,2/17/2022 2:35:29 PM,False,2017,Accepted,
29712488,0568000,LOUISVILLE METRO POLICE DEPT,Accepted,JEFFERSON,,,NORTON HEALTHCARE,BLVD,,,VON ALLMEN,,,,,38.312000548,-85.571323184,0.099,2/16/2022 12:00:00 AM,1445,2,2,0,0,CLOUDY,DRY,False,ANGLE COLLISION - OTHER,ANGLE,STRAIGHT & LEVEL,DAYLIGHT,,,2/17/2022 2:35:35 PM,False,2346,Accepted,
29712470,0568000,LOUISVILLE METRO POLICE DEPT,Accepted,JEFFERSON,I 0064,,I64 E,,,,,,,,,38.277203803,-85.804530639,1.322,2/16/2022 12:00:00 AM,0645,2,2,0,0,CLEAR,DRY,False,SIDESWIPE COLLISION - SAME DIRECTION,SIDESWIPE-SAME DIRECTION,STRAIGHT & LEVEL,DAYLIGHT,,,2/17/2022 2:34:52 PM,False,4903,Accepted,
29714993,0568000,LOUISVILLE METRO POLICE DEPT,Accepted,JEFFERSON,KY1020,550,3RD,ST,S,,,,,,,38.249181584,-85.756189553,12.273,2/16/2022 12:00:00 AM,1220,2,2,0,2,CLEAR,DRY,False,1 VEHICLE PARKED POSITION (NOT PARKING LOT/DRIVEWAY),REAR END,STRAIGHT & LEVEL,DAYLIGHT,,,2/18/2022 8:21:18 AM,False,5338,Accepted,
29715003,0568000,LOUISVILLE METRO POLICE DEPT,Accepted,JEFFERSON,I 0264,,I264 W,,,,,,,,,38.235219612,-85.818142868,3.117,2/16/2022 12:00:00 AM,1325,2,2,0,2,CLEAR,DRY,False,REAR END IN TRAFFIC LANES BOTH VEHICLES MOVING,REAR END,STRAIGHT & LEVEL,DAYLIGHT,,,2/18/2022 8:22:04 AM,False,7329,Accepted,
29716957,0561500,UNIV. OF LOUISVILLE POLICE,Accepted,JEFFERSON,,2126,FLOYD,ST,S,,,,,,,38.215457418,-85.755262968,2.769,2/16/2022 12:00:00 AM,1610,2,2,0,0,CLEAR,DRY,True,COLLISION IN PARKING LOT,ANGLE,STRAIGHT & LEVEL,DAYLIGHT,,,2/18/2022 4:08:38 PM,False,5710,Accepted,
29734708,0568000,LOUISVILLE METRO POLICE DEPT,Accepted,JEFFERSON,KY1450,9801,BLUE LICK,RD,,,,,,,,38.099335441,-85.694232721,0.950,2/16/2022 12:00:00 AM,2321,1,1,0,0,CLEAR,DRY,False,COLLISION WITH FIXED OBJECT NON - INTERSECTION - FIRST EVENT COLLISION 09 - 32 EXCLUDING 16,SINGLE VEHICLE,STRAIGHT & LEVEL,DARK (UNKNOWN ROADWAY LIGHTING),,,2/23/2022 8:18:41 AM,False,5014,Accepted,
29734665,0568000,LOUISVILLE METRO POLICE DEPT,Accepted,JEFFERSON,I 0065,,I65 S,,,,,,,,,38.262699198,-85.742612107,136.746,2/16/2022 12:00:00 AM,1134,2,2,0,0,CLEAR,DRY,False,SIDESWIPE COLLISION - SAME DIRECTION,SIDESWIPE-SAME DIRECTION,STRAIGHT & LEVEL,DAYLIGHT,,,2/23/2022 8:15:22 AM,False,8278,Accepted,
29712483,0568000,LOUISVILLE METRO POLICE DEPT,Accepted,JEFFERSON,KY1703,,NEWBURG,RD,,,,,,,,38.200117860,-85.685037789,2.005,2/16/2022 12:00:00 AM,0921,2,2,0,2,CLEAR,DRY,False,REAR END IN TRAFFIC LANES BOTH VEHICLES MOVING,REAR END,STRAIGHT & LEVEL,DAYLIGHT,,,2/17/2022 2:35:18 PM,False,4693,Accepted,
29712492,0568000,LOUISVILLE METRO POLICE DEPT,Accepted,JEFFERSON,US0031E,,BARDSTOWN,RD,,,,,ALTA,,BONNYCASTLE,38.231091726,-85.705800231,14.436,2/16/2022 12:00:00 AM,1635,2,2,0,0,CLOUDY,DRY,False,1 VEHICLE ENTERING/LEAVING ENTRANCE,ANGLE,STRAIGHT & LEVEL,DAYLIGHT,,,2/17/2022 2:36:07 PM,False,2228,Accepted,
29712493,0568000,LOUISVILLE METRO POLICE DEPT,Accepted,JEFFERSON,US0060A,,3RD,ST,S,US0060A,WINKLER,,,,,38.212640679,-85.762502247,3.332,2/16/2022 12:00:00 AM,1446,2,2,0,0,CLEAR,DRY,False,VEHICLE BACKING IN INTERSECTION,BACKING,STRAIGHT & GRADE,DAYLIGHT,,,2/17/2022 2:36:12 PM,False,7251,Accepted,
29714983,0568000,LOUISVILLE METRO POLICE DEPT,Accepted,JEFFERSON,US0042,,STORY,AVE,,,,,SPRING,I 0064,I64 E EXIT7 OFF RAMP TO  STORY AVE,38.257622614,-85.724361568,0.493,2/16/2022 12:00:00 AM,0817,2,2,0,0,CLEAR,DRY,False,SIDESWIPE COLLISION - SAME DIRECTION,SIDESWIPE-SAME DIRECTION,STRAIGHT & LEVEL,DAYLIGHT,,,2/18/2022 8:20:43 AM,False,7058,Accepted,
29714996,0568000,LOUISVILLE METRO POLICE DEPT,Accepted,JEFFERSON,,2305,CHESTNUT,ST,W,,,,,,,38.252527837,-85.789947455,0.602,2/16/2022 12:00:00 AM,0940,2,2,0,2,CLEAR,DRY,False,1 VEHICLE PARKED POSITION (NOT PARKING LOT/DRIVEWAY),SIDESWIPE-SAME DIRECTION,STRAIGHT & LEVEL,DAYLIGHT,,,2/18/2022 8:21:33 AM,False,5421,Accepted,
29734704,0568000,LOUISVILLE METRO POLICE DEPT,Accepted,JEFFERSON,,600 BLK,PARADISE,LN,,,,,,,,38.137569860,-85.869130410,0.220,2/16/2022 12:00:00 AM,0045,1,1,0,3,CLEAR,DRY,False,COLLISION WITH FIXED OBJECT NON - INTERSECTION - FIRST EVENT COLLISION 09 - 32 EXCLUDING 16,SINGLE VEHICLE,STRAIGHT & LEVEL,DARK-HWY LIGHTED/ON,,,2/23/2022 8:18:20 AM,False,7166,Accepted,
29705975,0568000,LOUISVILLE METRO POLICE DEPT,Accepted,JEFFERSON,US0060A,,TAYLOR,BLVD,,,CENTRAL,,,,,38.206331973,-85.776197764,2.293,2/16/2022 12:00:00 AM,0334,2,2,0,0,CLEAR,DRY,False,ANGLE COLLISION - ONE VEHICLE TURNING LEFT,ANGLE,STRAIGHT & LEVEL,DUSK,,,2/16/2022 8:12:52 AM,False,7291,Accepted,
29712475,0568000,LOUISVILLE METRO POLICE DEPT,Accepted,JEFFERSON,,6900,SHEPHERDSVILLE,RD,,,,,,,,38.138231402,-85.657707369,0.053,2/16/2022 12:00:00 AM,0803,1,1,0,0,CLEAR,DRY,True,OTHER ROADWAY OR MID-BLOCK COLLISION,SINGLE VEHICLE,STRAIGHT & LEVEL,DAYLIGHT,,,2/17/2022 2:34:59 PM,False,2738,Accepted,
29712482,0568000,LOUISVILLE METRO POLICE DEPT,Accepted,JEFFERSON,US0031E,,BARDSTOWN,RD,,KY0660,WATERFORD,,,,,38.077441751,-85.552078524,0.068,2/16/2022 12:00:00 AM,0705,2,2,0,0,CLEAR,DRY,False,ANGLE COLLISION - OTHER,ANGLE,STRAIGHT & LEVEL,DARK (UNKNOWN ROADWAY LIGHTING),,,2/17/2022 2:35:15 PM,False,4693,Accepted,
29712490,0568000,LOUISVILLE METRO POLICE DEPT,Accepted,JEFFERSON,,,EARL JONES,WAY,,,PLANTSIDE,,,,,38.208820068,-85.518309418,0.011,2/16/2022 12:00:00 AM,1515,2,2,0,0,CLOUDY,DRY,False,SIDESWIPE-SAME DIRECTION,SIDESWIPE-SAME DIRECTION,STRAIGHT & LEVEL,DAYLIGHT,,,2/17/2022 2:35:51 PM,False,7316,Accepted,
29712491,0568000,LOUISVILLE METRO POLICE DEPT,Accepted,JEFFERSON,KY2048,,DUTCHMANS,LN,,,CANNONS,,,,,38.224166702,-85.654756075,0.235,2/16/2022 12:00:00 AM,1456,2,2,0,0,CLOUDY,DRY,False,OTHER INTERSECTION COLLISIONS,REAR END,STRAIGHT & LEVEL,DAYLIGHT,,,2/17/2022 2:36:00 PM,False,7740,Accepted,
29712498,0568000,LOUISVILLE METRO POLICE DEPT,Accepted,JEFFERSON,US0031W,,DIXIE,HWY,,,UPPER HUNTERS,,,,,38.168378572,-85.828509928,13.262,2/16/2022 12:00:00 AM,1337,2,2,0,0,CLEAR,DRY,False,REAR END - ONE VEHICLE TURNING LEFT,REAR END,STRAIGHT & LEVEL,DAYLIGHT,,,2/17/2022 2:36:30 PM,False,5170,Accepted,
29712499,0568000,LOUISVILLE METRO POLICE DEPT,Accepted,JEFFERSON,US0150,,22ND,ST,N,,DUNCAN,,,,,38.262593549,-85.785933536,0.554,2/16/2022 12:00:00 AM,2245,2,2,0,4,CLEAR,DRY,False,ANGLE COLLISION - OTHER,ANGLE,STRAIGHT & LEVEL,DARK-HWY LIGHTED/ON,,,2/17/2022 2:36:34 PM,False,5331,Accepted,
29712500,0568000,LOUISVILLE METRO POLICE DEPT,Accepted,JEFFERSON,US0031E,544,BAXTER,AVE,,,,,,,,38.246239925,-85.728961793,16.137,2/16/2022 12:00:00 AM,2135,1,1,0,0,CLEAR,DRY,False,COLLISION WITH FIXED OBJECT NON - INTERSECTION - FIRST EVENT COLLISION 09 - 32 EXCLUDING 16,SINGLE VEHICLE,STRAIGHT & LEVEL,DARK-HWY LIGHTED/ON,,,2/17/2022 2:36:38 PM,False,5330,Accepted,
29712506,0568000,LOUISVILLE METRO POLICE DEPT,Accepted,JEFFERSON,KY1931,,ST ANDREWS CHURCH,RD,,,,,,,,38.152960643,-85.817077846,4.555,2/16/2022 12:00:00 AM,1326,2,2,0,2,CLEAR,DRY,False,REAR END IN TRAFFIC LANES BOTH VEHICLES MOVING,REAR END,STRAIGHT & LEVEL,DAYLIGHT,,,2/17/2022 2:37:06 PM,False,5129,Accepted,
29705957,0568000,LOUISVILLE METRO POLICE DEPT,Accepted,JEFFERSON,,2551,WOODBOURNE,AVE,,,,,,,,38.231419386,-85.677388556,1.088,2/15/2022 12:00:00 AM,1625,2,2,0,0,CLEAR,DRY,False,1 VEHICLE PARKED POSITION (NOT PARKING LOT/DRIVEWAY),BACKING,STRAIGHT & GRADE,DAYLIGHT,,,2/16/2022 8:10:58 AM,False,7960,Accepted,
29705963,0568000,LOUISVILLE METRO POLICE DEPT,Accepted,JEFFERSON,,,26TH,ST,S,,MADISON,,,,,38.254103189,-85.794320265,0.409,2/15/2022 12:00:00 AM,2033,2,2,0,0,CLEAR,DRY,False,ANGLE COLLISION - OTHER,ANGLE,STRAIGHT & LEVEL,DARK-HWY LIGHTED/ON,,,2/16/2022 8:11:43 AM,False,5135,Accepted,
29705964,0568000,LOUISVILLE METRO POLICE DEPT,Accepted,JEFFERSON,KY0061,7121,PRESTON,HWY,,,,,,,,38.148265192,-85.692137020,4.639,2/15/2022 12:00:00 AM,2105,2,2,0,0,CLEAR,DRY,False,1 VEHICLE ENTERING/LEAVING ENTRANCE,ANGLE,STRAIGHT & LEVEL,DARK-HWY LIGHTED/ON,,,2/16/2022 8:11:48 AM,False,5341,Accepted,
29705972,0568000,LOUISVILLE METRO POLICE DEPT,Accepted,JEFFERSON,,,BAKERS,LN,,KY1865,NEW CUT,,,,,38.140943287,-85.774218185,,2/15/2022 12:00:00 AM,2059,3,2,0,1,CLEAR,DRY,True,COLLISION WITH PEDESTRIAN IN INTERSECTION,REAR TO REAR,STRAIGHT & LEVEL,DARK (UNKNOWN ROADWAY LIGHTING),,,2/16/2022 8:12:37 AM,False,5312,Accepted,
29705973,0568000,LOUISVILLE METRO POLICE DEPT,Accepted,JEFFERSON,KY1020,6912,SOUTHSIDE,DR,,,,,,,,38.154417923,-85.765058975,5.820,2/15/2022 12:00:00 AM,2208,2,2,0,0,CLEAR,DRY,False,1 VEHICLE ENTERING/LEAVING ENTRANCE,ANGLE,STRAIGHT & LEVEL,DARK-HWY LIGHTED/ON,,,2/16/2022 8:12:42 AM,False,5209,Accepted,
29705980,0568000,LOUISVILLE METRO POLICE DEPT,Accepted,JEFFERSON,,,9TH,ST,S,,CAWTHON,,,,,38.244305829,-85.767265363,0.178,2/15/2022 12:00:00 AM,1907,2,2,0,4,CLEAR,DRY,False,OPPOSING LEFT TURN,OPPOSING LEFT TURN,STRAIGHT & LEVEL,DARK-HWY LIGHTED/OFF,,,2/16/2022 8:13:10 AM,False,5402,Accepted,
29705941,0568000,LOUISVILLE METRO POLICE DEPT,Accepted,JEFFERSON,,,WATTERSON,TRL,,,,,,,,38.183665234,-85.605047027,1.164,2/15/2022 12:00:00 AM,0753,2,2,0,1,CLEAR,DRY,False,REAR END IN TRAFFIC LANES BOTH VEHICLES MOVING,REAR END,STRAIGHT & LEVEL,DAYLIGHT,,,2/16/2022 8:09:26 AM,False,4693,Accepted,
29705958,0568000,LOUISVILLE METRO POLICE DEPT,Accepted,JEFFERSON,US0031E,1368,BARDSTOWN,RD,,,,,,,,38.233802339,-85.712566934,14.826,2/15/2022 12:00:00 AM,1423,2,1,0,1,CLEAR,DRY,False,COLLISION WITH PEDESTRIAN NON - INTERSECTION,SINGLE VEHICLE,STRAIGHT & LEVEL,DAYLIGHT,,,2/16/2022 8:11:03 AM,False,5006,Accepted,
29705966,0568000,LOUISVILLE METRO POLICE DEPT,Accepted,JEFFERSON,,,GILMORE,LN,,,WARBLER,,,,,38.178774331,-85.706048577,0.467,2/15/2022 12:00:00 AM,1959,2,2,0,0,CLEAR,DRY,True,OPPOSITE DIRECTION - BOTH VEHICLES GOING STRAIGHT AHEAD,SIDESWIPE-OPPOSITE DIRECTION,STRAIGHT & LEVEL,DARK-HWY LIGHTED/ON,,,2/16/2022 8:12:03 AM,False,5418,Accepted,
29701187,0568000,LOUISVILLE METRO POLICE DEPT,Accepted,JEFFERSON,I 0265,,I265 E,,,,,,,,,38.171419284,-85.517572597,21.768,2/15/2022 12:00:00 AM,0424,1,1,0,1,CLEAR,DRY,False,OTHER ROADWAY OR MID-BLOCK COLLISION,SINGLE VEHICLE,CURVE & LEVEL,DARK-HWY NOT LIGHTED,,,2/15/2022 8:15:50 AM,False,7827,Accepted,
29705949,0568000,LOUISVILLE METRO POLICE DEPT,Accepted,JEFFERSON,US0060A,,TAYLOR,BLVD,,,CLARA,,,,,38.199731883,-85.782644273,1.717,2/15/2022 12:00:00 AM,1641,2,2,0,1,CLEAR,DRY,False,OPPOSING LEFT TURN,OPPOSING LEFT TURN,STRAIGHT & LEVEL,DAYLIGHT,,,2/16/2022 8:10:15 AM,False,7872,Accepted,
29705955,0568000,LOUISVILLE METRO POLICE DEPT,Accepted,JEFFERSON,KY1747,,FERN VALLEY,RD,,,GEIL,,,,,38.157184369,-85.679921386,2.888,2/15/2022 12:00:00 AM,1548,2,2,0,0,CLEAR,DRY,True,OTHER INTERSECTION COLLISIONS,REAR END,STRAIGHT & LEVEL,DAYLIGHT,,,2/16/2022 8:10:45 AM,False,2017,Accepted,
29705956,0568000,LOUISVILLE METRO POLICE DEPT,Accepted,JEFFERSON,KY1747,,FERN VALLEY,RD,,,GEIL,,,,,38.157210632,-85.679787916,2.882,2/15/2022 12:00:00 AM,1709,2,2,0,1,CLEAR,DRY,False,ANGLE COLLISION - OTHER,ANGLE,STRAIGHT & LEVEL,DAYLIGHT,,,2/16/2022 8:10:51 AM,False,2017,Accepted,
29741125,0568000,LOUISVILLE METRO POLICE DEPT,Accepted,JEFFERSON,I 0264,,I264 E EXIT20 TRANSIT,,,,,,,,,38.247215762,-85.619967432,0.069,2/15/2022 12:00:00 AM,0925,2,1,0,1,CLEAR,DRY,False,REAR END IN TRAFFIC LANES BOTH VEHICLES MOVING,REAR END,STRAIGHT & LEVEL,DAYLIGHT,,,2/24/2022 4:03:47 PM,False,4903,Accepted,
29739443,0568000,LOUISVILLE METRO POLICE DEPT,Accepted,JEFFERSON,US0031E,,BARDSTOWN,RD,,,LONGEST,,,,,38.235407090,-85.715510306,15.060,2/15/2022 12:00:00 AM,1020,2,1,0,0,CLEAR,DRY,True,OTHER INTERSECTION COLLISIONS,SINGLE VEHICLE,STRAIGHT & LEVEL,DAYLIGHT,,,2/24/2022 8:35:41 AM,False,7129,Accepted,
29705942,0568000,LOUISVILLE METRO POLICE DEPT,Accepted,JEFFERSON,,,CHAMBERLAIN,LN,,,,,,,,38.301252278,-85.544707480,2.334,2/15/2022 12:00:00 AM,1433,2,2,0,0,CLEAR,DRY,False,1 VEHICLE ENTERING/LEAVING ENTRANCE,ANGLE,CURVE & LEVEL,DAYLIGHT,,,2/16/2022 8:09:31 AM,False,2346,Accepted,
29705944,0568000,LOUISVILLE METRO POLICE DEPT,Accepted,JEFFERSON,,,JEFFERSON,ST,W,,10TH,,,,,38.254926275,-85.766941162,0.818,2/15/2022 12:00:00 AM,1353,2,2,0,1,CLEAR,DRY,False,VEHICLE BACKING IN INTERSECTION,BACKING,STRAIGHT & LEVEL,DAYLIGHT,,,2/16/2022 8:09:45 AM,False,5187,Accepted,