IncidentID,AgencyORI,AgencyName,IncidentStatusDesc,County,RdwyNumber,Street,RoadwayName,StreetSfx,StreetDir,IntersectionRdwy,IntersectionRdwyName,BetweenStRdwy1,BetweenStRdwyName1,BetweenStRdwy2,BetweenStRdwyName2,Latitude,Longitude,Milepoint,CollisionDate,CollisionTime,UnitsInvolved,MotorVehiclesInvolved,NumberKilled,NumberInjured,Weather,RdwyConditionCode,HitandRun,DirAnalysisCode,MannerofCollision,RdwyCharacter,LightCondition,RampFromRdwyId,RampToRdwyId,AcceptedDate,IsSecondaryCollision,OwnerBadge,IncidentStatus,
29705951,0568000,LOUISVILLE METRO POLICE DEPT,Accepted,JEFFERSON,,3110,DUNDEE,WAY,,,,,,,,38.213291279,-85.691941215,0.270,2/15/2022 12:00:00 AM,1523,4,2,0,3,CLEAR,DRY,False,SIDESWIPE COLLISION - SAME DIRECTION,SIDESWIPE-SAME DIRECTION,STRAIGHT & LEVEL,DAYLIGHT,,,2/16/2022 8:10:28 AM,False,7306,Accepted,
29705952,0568000,LOUISVILLE METRO POLICE DEPT,Accepted,JEFFERSON,,9117,OLD BARDSTOWN,RD,,,,,,,,38.109046648,-85.569571733,1.553,2/15/2022 12:00:00 AM,1708,1,1,0,0,CLEAR,DRY,False,OTHER COLLISIONS ON SHOULDER,SINGLE VEHICLE,STRAIGHT & LEVEL,DAYLIGHT,,,2/16/2022 8:10:34 AM,False,7465,Accepted,
29705937,0568000,LOUISVILLE METRO POLICE DEPT,Accepted,JEFFERSON,US0042,,BROWNSBORO,RD,,,LINDSAY,,,,,38.259628445,-85.707526797,1.467,2/15/2022 12:00:00 AM,0930,2,2,0,1,CLEAR,DRY,False,OPPOSITE DIRECTION - BOTH VEHICLES GOING STRAIGHT AHEAD,SIDESWIPE-OPPOSITE DIRECTION,STRAIGHT & LEVEL,DAYLIGHT,,,2/16/2022 8:09:11 AM,False,7028,Accepted,
29705946,0568000,LOUISVILLE METRO POLICE DEPT,Accepted,JEFFERSON,,,1ST,ST,S,,LIBERTY,,,,,38.252390343,-85.752195190,0.256,2/15/2022 12:00:00 AM,1350,2,2,0,0,CLEAR,DRY,False,SIDESWIPE-SAME DIRECTION,SIDESWIPE-SAME DIRECTION,STRAIGHT & LEVEL,DAYLIGHT,,,2/16/2022 8:09:53 AM,False,6360,Accepted,
29705954,0568000,LOUISVILLE METRO POLICE DEPT,Accepted,JEFFERSON,KY1934,,CANE RUN,RD,,KY2051,CAMP GROUND,,,,,38.215483752,-85.817910818,10.722,2/15/2022 12:00:00 AM,1426,2,2,0,0,CLEAR,DRY,False,ANGLE COLLISION - OTHER,ANGLE,STRAIGHT & LEVEL,DAYLIGHT,,,2/16/2022 8:10:41 AM,False,7656,Accepted,
29705962,0568000,LOUISVILLE METRO POLICE DEPT,Accepted,JEFFERSON,I 0264,,I264 E,,,I 0264,I264 E EXIT22 OFF RAMP TO US42,,,,,38.277655862,-85.633811174,21.899,2/15/2022 12:00:00 AM,1851,1,1,0,1,CLEAR,DRY,False,OTHER INTERSECTION COLLISIONS,SINGLE VEHICLE,STRAIGHT & LEVEL,DAYLIGHT,,,2/16/2022 8:11:38 AM,False,5030,Accepted,
29705953,0568000,LOUISVILLE METRO POLICE DEPT,Accepted,JEFFERSON,US0031E,,BARDSTOWN,RD,,,BARINGER,,,,,38.232773912,-85.710750430,14.725,2/15/2022 12:00:00 AM,1736,2,2,0,1,CLEAR,DRY,False,ANGLE COLLISION - OTHER,ANGLE,STRAIGHT & LEVEL,DAYLIGHT,,,2/16/2022 8:10:37 AM,False,7043,Accepted,
29705959,0568000,LOUISVILLE METRO POLICE DEPT,Accepted,JEFFERSON,,,25TH,ST,N,,TYLER,,,,,38.271271928,-85.788487925,0.148,2/15/2022 12:00:00 AM,1812,1,1,0,1,CLEAR,DRY,False,COLLISION WITH FIXED OBJECT IN INTERSECTION - FIRST EVENT COLLISION 09 - 32,SINGLE VEHICLE,STRAIGHT & LEVEL,DUSK,,,2/16/2022 8:11:09 AM,False,7325,Accepted,
29705960,0568000,LOUISVILLE METRO POLICE DEPT,Accepted,JEFFERSON,,,CENTRAL,AVE,,,4TH,,,,,38.205150291,-85.765563796,0.442,2/15/2022 12:00:00 AM,1010,2,2,0,3,CLOUDY,DRY,False,ANGLE COLLISION - OTHER,ANGLE,STRAIGHT & LEVEL,DAYLIGHT,,,2/16/2022 8:11:18 AM,False,2745,Accepted,
29705961,0568000,LOUISVILLE METRO POLICE DEPT,Accepted,JEFFERSON,US0060A,,WINKLER,AVE,,KY2054,ALGONQUIN,,,,,38.210820176,-85.769087455,2.798,2/15/2022 12:00:00 AM,1403,3,3,0,1,CLEAR,DRY,False,COLLISION IN PARKING LOT,ANGLE,CURVE & LEVEL,DAYLIGHT,,,2/16/2022 8:11:30 AM,False,2745,Accepted,
29705968,0568000,LOUISVILLE METRO POLICE DEPT,Accepted,JEFFERSON,US0031W,2012,MAIN,ST,W,,,US0150,21ST,,20TH,38.259603701,-85.783455631,20.456,2/15/2022 12:00:00 AM,0557,3,3,0,1,CLEAR,DRY,False,1 VEHICLE PARKED POSITION (NOT PARKING LOT/DRIVEWAY),REAR END,STRAIGHT & LEVEL,DARK-HWY LIGHTED/OFF,,,2/16/2022 8:12:16 AM,False,5199,Accepted,
29705969,0568000,LOUISVILLE METRO POLICE DEPT,Accepted,JEFFERSON,KY1931,,GREENWOOD,RD,,KY1934,GREENBELT,,,,,38.146884800,-85.886311240,0.522,2/15/2022 12:00:00 AM,1957,2,2,0,0,CLEAR,DRY,False,OTHER INTERSECTION COLLISIONS,REAR END,STRAIGHT & LEVEL,DARK-HWY NOT LIGHTED,,,2/16/2022 8:12:20 AM,False,5211,Accepted,
29705970,0568000,LOUISVILLE METRO POLICE DEPT,Accepted,JEFFERSON,,,BRECKINRIDGE,ST,W,,8TH,,,,,38.242809287,-85.765698481,0.640,2/15/2022 12:00:00 AM,2350,1,1,0,0,CLEAR,DRY,False,COLLISION WITH FIXED OBJECT IN INTERSECTION - FIRST EVENT COLLISION 09 - 32,SINGLE VEHICLE,STRAIGHT & LEVEL,DARK-HWY LIGHTED/ON,,,2/16/2022 8:12:24 AM,False,5236,Accepted,
29705977,0568000,LOUISVILLE METRO POLICE DEPT,Accepted,JEFFERSON,,,HUNSINGER,LN,,,MANNER DALE,,,,,38.201934510,-85.619975446,1.566,2/15/2022 12:00:00 AM,2307,2,2,0,1,CLEAR,DRY,False,OTHER INTERSECTION COLLISIONS,REAR END,STRAIGHT & LEVEL,DARK-HWY LIGHTED/ON,,,2/16/2022 8:13:05 AM,False,5305,Accepted,
29705927,0568000,LOUISVILLE METRO POLICE DEPT,Accepted,JEFFERSON,I 0065,,I65 N,,,,,,,,,38.173018251,-85.720162225,129.373,2/15/2022 12:00:00 AM,0800,2,2,0,0,CLEAR,DRY,False,REAR END IN TRAFFIC LANES BOTH VEHICLES MOVING,REAR END,STRAIGHT & LEVEL,DAYLIGHT,,,2/16/2022 8:08:29 AM,False,7628,Accepted,
29705934,0568000,LOUISVILLE METRO POLICE DEPT,Accepted,JEFFERSON,I 0265,,I265 E,,,,,,,,,38.139825986,-85.589667131,16.930,2/15/2022 12:00:00 AM,0706,1,1,0,0,CLEAR,DRY,False,OTHER COLLISIONS ON SHOULDER,SINGLE VEHICLE,STRAIGHT & LEVEL,DAYLIGHT,,,2/16/2022 8:08:59 AM,False,4903,Accepted,
29701182,0568000,LOUISVILLE METRO POLICE DEPT,Accepted,JEFFERSON,KY1065,,OUTER,LOOP,,,AIR COMMERCE,,,,,38.134735054,-85.719296264,4.232,2/15/2022 12:00:00 AM,0200,2,2,0,0,CLEAR,DRY,True,REAR END - ONE VEHICLE TURNING RIGHT,REAR END,STRAIGHT & LEVEL,DARK-HWY LIGHTED/ON,,,2/15/2022 8:15:39 AM,False,5336,Accepted,
29701180,0568000,LOUISVILLE METRO POLICE DEPT,Accepted,JEFFERSON,,2315,JEFFERSON,ST,W,,,,,,,38.257474302,-85.789880931,2.078,2/14/2022 12:00:00 AM,1905,2,2,0,0,CLEAR,DRY,False,1 VEHICLE PARKED POSITION (NOT PARKING LOT/DRIVEWAY),BACKING,STRAIGHT & LEVEL,DARK-HWY LIGHTED/ON,,,2/15/2022 8:15:29 AM,False,5365,Accepted,
29698140,0561500,UNIV. OF LOUISVILLE POLICE,Accepted,JEFFERSON,,,BLOOM,ST,E,,,,BROOK,,FLOYD,38.221252701,-85.754887947,0.171,2/14/2022 12:00:00 AM,1046,2,1,0,0,CLEAR,DRY,False,COLLISION WITH TRAIN,SINGLE VEHICLE,STRAIGHT & LEVEL,DAYLIGHT,,,2/14/2022 2:19:11 PM,False,5712,Accepted,
29705945,0568000,LOUISVILLE METRO POLICE DEPT,Accepted,JEFFERSON,KY2054,,ALGONQUIN,PKWY,,,CYPRESS,,,,,38.223811130,-85.800099186,1.212,2/14/2022 12:00:00 AM,1605,2,2,0,0,CLOUDY,DRY,False,OPPOSING LEFT TURN,OPPOSING LEFT TURN,STRAIGHT & LEVEL,DAYLIGHT,,,2/16/2022 8:09:49 AM,False,2469,Accepted,
29705928,0568000,LOUISVILLE METRO POLICE DEPT,Accepted,JEFFERSON,KY0146,,LA GRANGE,RD,,,,,,,,38.288192441,-85.513182619,7.461,2/14/2022 12:00:00 AM,1840,2,2,0,1,CLEAR,DRY,False,1 VEHICLE ENTERING/LEAVING ENTRANCE,ANGLE,STRAIGHT & LEVEL,DARK-HWY LIGHTED/ON,,,2/16/2022 8:08:35 AM,False,7615,Accepted,
29716956,0561500,UNIV. OF LOUISVILLE POLICE,Accepted,JEFFERSON,,,4TH,ST,S,,CARDINAL,,,,,38.220724409,-85.762830303,2.497,2/14/2022 12:00:00 AM,1440,2,1,0,1,CLEAR,DRY,False,COLLISION WITH PEDESTRIAN IN INTERSECTION,SINGLE VEHICLE,STRAIGHT & LEVEL,DAYLIGHT,,,2/18/2022 4:08:34 PM,False,5650,Accepted,
29712485,0568000,LOUISVILLE METRO POLICE DEPT,Accepted,JEFFERSON,KY0841,,GENE SNYDER,FWY,,,,,,,,38.114646841,-85.714944767,9.507,2/14/2022 12:00:00 AM,1045,3,3,0,0,CLEAR,DRY,False,1 VEHICLE ENTERING/LEAVING ENTRANCE,ANGLE,STRAIGHT & GRADE,DAYLIGHT,,,2/17/2022 2:35:25 PM,False,7720,Accepted,
29701171,0568000,LOUISVILLE METRO POLICE DEPT,Accepted,JEFFERSON,KY0061,,PRESTON,HWY,,KY2845,MANSLICK,,,,,38.118067618,-85.677203146,2.453,2/14/2022 12:00:00 AM,1645,2,2,0,0,CLEAR,DRY,False,ANGLE COLLISION - OTHER,ANGLE,STRAIGHT & LEVEL,DAYLIGHT,,,2/15/2022 8:14:47 AM,False,2506,Accepted,
29701172,0568000,LOUISVILLE METRO POLICE DEPT,Accepted,JEFFERSON,,,7TH,ST,S,,HILL,,,,,38.226766626,-85.769017384,0.657,2/14/2022 12:00:00 AM,1632,2,2,0,1,CLEAR,DRY,False,OPPOSING LEFT TURN,OPPOSING LEFT TURN,CURVE & LEVEL,DAYLIGHT,,,2/15/2022 8:14:52 AM,False,5252,Accepted,
29701173,0568000,LOUISVILLE METRO POLICE DEPT,Accepted,JEFFERSON,KY1931,,GREENWOOD,RD,,,SKY BLUE,,,,,38.143952382,-85.852079051,2.455,2/14/2022 12:00:00 AM,1351,2,2,0,1,CLEAR,DRY,False,ANGLE COLLISION - OTHER,ANGLE,STRAIGHT & LEVEL,DAYLIGHT,,,2/15/2022 8:14:56 AM,False,7234,Accepted,
29701174,0568000,LOUISVILLE METRO POLICE DEPT,Accepted,JEFFERSON,,,GABRIEL,DR,,,,,,,,38.152320515,-85.855408691,0.574,2/14/2022 12:00:00 AM,1634,2,2,0,0,CLEAR,DRY,False,OTHER ROADWAY OR MID-BLOCK COLLISION,OPPOSING LEFT TURN,STRAIGHT & LEVEL,DAYLIGHT,,,2/15/2022 8:14:59 AM,False,7234,Accepted,
29701156,0568000,LOUISVILLE METRO POLICE DEPT,Accepted,JEFFERSON,,,BARRET,AVE,,,,,HIGHLAND,,HIGHLAND,38.237940105,-85.729363675,0.816,2/14/2022 12:00:00 AM,0752,2,2,0,0,CLEAR,DRY,False,1 VEHICLE PARKED POSITION (NOT PARKING LOT/DRIVEWAY),ANGLE,STRAIGHT & LEVEL,DAYLIGHT,,,2/15/2022 8:13:38 AM,False,5006,Accepted,
29701157,0568000,LOUISVILLE METRO POLICE DEPT,Accepted,JEFFERSON,KY0061,9500,PRESTON,HWY,,,,,,,,38.113698815,-85.676062877,2.111,2/14/2022 12:00:00 AM,1248,2,2,0,0,CLEAR,DRY,False,COLLISION IN PARKING LOT,ANGLE,STRAIGHT & LEVEL,DAYLIGHT,,,2/15/2022 8:13:43 AM,False,2017,Accepted,
29701158,0568000,LOUISVILLE METRO POLICE DEPT,Accepted,JEFFERSON,,,JEFFERSON,BLVD,,,,,,,,38.153301515,-85.675320273,0.619,2/14/2022 12:00:00 AM,0946,2,2,0,1,CLEAR,DRY,True,REAR END IN TRAFFIC LANES BOTH VEHICLES MOVING,REAR END,CURVE & LEVEL,DAYLIGHT,,,2/15/2022 8:13:49 AM,False,4693,Accepted,
29696558,0568000,LOUISVILLE METRO POLICE DEPT,Accepted,JEFFERSON,US0031E,,BAXTER,AVE,,,CHEROKEE,,,,,38.243730553,-85.727005802,15.901,2/14/2022 12:00:00 AM,0203,3,3,0,0,CLEAR,DRY,True,OTHER INTERSECTION COLLISIONS,REAR TO REAR,STRAIGHT & LEVEL,DARK-HWY LIGHTED/ON,,,2/14/2022 8:37:19 AM,False,5195,Accepted,
29696561,0568000,LOUISVILLE METRO POLICE DEPT,Accepted,JEFFERSON,I 0065,,I65 S,,,,,,,,,38.261388094,-85.741928701,136.656,2/14/2022 12:00:00 AM,0129,1,1,0,0,CLEAR,DRY,False,COLLISION WITH FIXED OBJECT NON - INTERSECTION - FIRST EVENT COLLISION 09 - 32 EXCLUDING 16,SINGLE VEHICLE,STRAIGHT & LEVEL,DARK-HWY LIGHTED/ON,,,2/14/2022 8:37:46 AM,False,5311,Accepted,
29696567,0568000,LOUISVILLE METRO POLICE DEPT,Accepted,JEFFERSON,,8808,JAN,WAY,,,,,,,,38.121658302,-85.692093938,0.487,2/14/2022 12:00:00 AM,0532,2,2,0,0,CLEAR,DRY,False,1 VEHICLE PARKED POSITION (NOT PARKING LOT/DRIVEWAY),HEAD ON,STRAIGHT & LEVEL,DARK-HWY LIGHTED/OFF,,,2/14/2022 8:37:58 AM,False,5314,Accepted,
29725515,0568000,LOUISVILLE METRO POLICE DEPT,Accepted,JEFFERSON,,,CHAMPION FARMS,DR,,,,,,,,38.297470208,-85.563006564,0.060,2/14/2022 12:00:00 AM,2100,1,1,0,0,CLEAR,DRY,True,COLLISION WITH FIXED OBJECT NON - INTERSECTION - FIRST EVENT COLLISION 09 - 32 EXCLUDING 16,SINGLE VEHICLE,STRAIGHT & LEVEL,DARK-HWY LIGHTED/OFF,,,2/21/2022 8:27:39 AM,False,7615,Accepted,
29816539,0568000,LOUISVILLE METRO POLICE DEPT,Accepted,JEFFERSON,KY1747,3620,FERN VALLEY,RD,,,,,,,,38.157833167,-85.691487757,2.242,2/14/2022 12:00:00 AM,1459,2,2,1,1,CLEAR,DRY,False,1 VEHICLE ENTERING/LEAVING ENTRANCE,ANGLE,STRAIGHT & LEVEL,DAYLIGHT,,,3/15/2022 8:19:26 AM,False,2308,Accepted,
29701185,0568000,LOUISVILLE METRO POLICE DEPT,Accepted,JEFFERSON,I 0265,,,,,,,,,,,38.116884151,-85.643767781,0.285,2/14/2022 12:00:00 AM,2058,2,2,0,0,CLEAR,DRY,False,OTHER RAMP RELATED COLLISIONS NOT LISTED ABOVE,SIDESWIPE-SAME DIRECTION,STRAIGHT & LEVEL,DARK-HWY LIGHTED/ON,I 0265,SMYRNA PKWY,2/15/2022 8:15:47 AM,False,5138,Accepted,
29705947,0568000,LOUISVILLE METRO POLICE DEPT,Accepted,JEFFERSON,,,OAK,ST,W,,,,,,,38.235350117,-85.763672758,0.453,2/14/2022 12:00:00 AM,1542,2,2,0,0,CLEAR,DRY,True,SIDESWIPE COLLISION - SAME DIRECTION,SIDESWIPE-SAME DIRECTION,STRAIGHT & LEVEL,DAYLIGHT,,,2/16/2022 8:09:58 AM,False,5258,Accepted,
29701175,0568000,LOUISVILLE METRO POLICE DEPT,Accepted,JEFFERSON,I 0265,,I265 E,,,,,I 0265,I265 E EXIT12 ON RAMP FROM KY61 N,I 0265,I265 E EXIT14 OFF RAMP TO  COOPER CHAPEL RD,38.113255507,-85.666309108,12.254,2/14/2022 12:00:00 AM,1621,2,2,0,0,CLEAR,DRY,False,REAR END IN TRAFFIC LANES BOTH VEHICLES MOVING,REAR END,STRAIGHT & LEVEL,DAYLIGHT,,,2/15/2022 8:15:03 AM,False,7484,Accepted,
29696571,0568000,LOUISVILLE METRO POLICE DEPT,Accepted,JEFFERSON,US0031E,,BARDSTOWN,RD,,,CUMNOCK,,,,,38.166993922,-85.602129690,6.935,2/14/2022 12:00:00 AM,0126,2,2,0,0,CLOUDY,DRY,False,OPPOSING LEFT TURN,OPPOSING LEFT TURN,STRAIGHT & LEVEL,DARK-HWY LIGHTED/ON,,,2/14/2022 8:38:21 AM,False,5141,Accepted,
29701152,0568000,LOUISVILLE METRO POLICE DEPT,Accepted,JEFFERSON,KY0022,,BROWNSBORO,RD,,,NEW CHAMBERLAIN,,,,,38.315506323,-85.561343119,4.824,2/14/2022 12:00:00 AM,1219,2,2,0,0,CLEAR,DRY,False,ANGLE COLLISION - OTHER,ANGLE,STRAIGHT & LEVEL,DAYLIGHT,,,2/15/2022 8:12:54 AM,False,2346,Accepted,
29701159,0568000,LOUISVILLE METRO POLICE DEPT,Accepted,JEFFERSON,KY0061,,PRESTON,HWY,,,,,,,,38.133877639,-85.684229088,3.625,2/14/2022 12:00:00 AM,1312,4,4,0,1,CLEAR,DRY,False,REAR END IN TRAFFIC LANES BOTH VEHICLES MOVING,REAR END,STRAIGHT & LEVEL,DAYLIGHT,,,2/15/2022 8:13:57 AM,False,4693,Accepted,
29701162,0568000,LOUISVILLE METRO POLICE DEPT,Accepted,JEFFERSON,KY0146,,LA GRANGE,RD,,,,,,,,38.301149310,-85.500094630,8.713,2/14/2022 12:00:00 AM,1430,1,1,0,0,CLEAR,DRY,False,COLLISION WITH FIXED OBJECT NON - INTERSECTION - FIRST EVENT COLLISION 09 - 32 EXCLUDING 16,SINGLE VEHICLE,STRAIGHT & LEVEL,DAYLIGHT,,,2/15/2022 8:14:06 AM,False,7615,Accepted,
29701176,0568000,LOUISVILLE METRO POLICE DEPT,Accepted,JEFFERSON,,,BROWN AUSTIN,RD,,,GLISSADE,,,,,38.113677509,-85.765435414,1.021,2/14/2022 12:00:00 AM,1637,2,2,0,0,CLEAR,DRY,False,OPPOSITE DIRECTION - BOTH VEHICLES GOING STRAIGHT AHEAD,SIDESWIPE-OPPOSITE DIRECTION,STRAIGHT & LEVEL,DAYLIGHT,,,2/15/2022 8:15:06 AM,False,7483,Accepted,
29701177,0568000,LOUISVILLE METRO POLICE DEPT,Accepted,JEFFERSON,,,SANDERS,LN,,,GAGEL,,,,,38.172905284,-85.808913713,,2/14/2022 12:00:00 AM,1524,2,2,0,0,CLEAR,DRY,True,COLLISION WITH FIXED OBJECT IN INTERSECTION - FIRST EVENT COLLISION 09 - 32,ANGLE,STRAIGHT & HILLCREST,DAYLIGHT,,,2/15/2022 8:15:11 AM,False,7435,Accepted,
29701178,0568000,LOUISVILLE METRO POLICE DEPT,Accepted,JEFFERSON,KY1865,,TAYLOR,BLVD,,,LEHIGH,,,,,38.180515355,-85.783389087,5.097,2/14/2022 12:00:00 AM,1651,2,2,0,0,CLEAR,DRY,True,SIDESWIPE-SAME DIRECTION,SIDESWIPE-SAME DIRECTION,STRAIGHT & LEVEL,DAYLIGHT,,,2/15/2022 8:15:15 AM,False,7435,Accepted,
29705950,0568000,LOUISVILLE METRO POLICE DEPT,Accepted,JEFFERSON,,,REUTLINGER,AVE,,,OAK,,,,,38.233137923,-85.734779538,0.005,2/14/2022 12:00:00 AM,1720,2,2,0,0,CLEAR,DRY,False,COLLISION WITH PARKED VEHICLE,SIDESWIPE-SAME DIRECTION,STRAIGHT & LEVEL,DAYLIGHT,,,2/16/2022 8:10:22 AM,False,5301,Accepted,
29705974,0568000,LOUISVILLE METRO POLICE DEPT,Accepted,JEFFERSON,KY1865,,TAYLOR,BLVD,,,BICKNELL,,,,,38.183107438,-85.783761391,5.285,2/14/2022 12:00:00 AM,2108,2,2,0,1,CLEAR,DRY,False,OPPOSING LEFT TURN,OPPOSING LEFT TURN,STRAIGHT & LEVEL,DUSK,,,2/16/2022 8:12:48 AM,False,7291,Accepted,
29705965,0568000,LOUISVILLE METRO POLICE DEPT,Accepted,JEFFERSON,KY1703,3301,NEWBURG,RD,,,,,,,,38.200806413,-85.685517080,2.067,2/14/2022 12:00:00 AM,2114,2,2,0,0,CLEAR,DRY,True,REAR END IN TRAFFIC LANES BOTH VEHICLES MOVING,REAR END,STRAIGHT & LEVEL,DARK (UNKNOWN ROADWAY LIGHTING),,,2/16/2022 8:11:55 AM,False,5418,Accepted,
29705931,0568000,LOUISVILLE METRO POLICE DEPT,Accepted,JEFFERSON,,,INDIAN,TRL,E,,,,STEPHEN FOSTER,,TUPELO,38.169682921,-85.693874158,0.700,2/14/2022 12:00:00 AM,1641,2,2,0,1,CLEAR,DRY,False,1 VEHICLE ENTERING/LEAVING ENTRANCE,ANGLE,STRAIGHT & LEVEL,DAYLIGHT,,,2/16/2022 8:08:47 AM,False,7431,Accepted,
29734667,0568000,LOUISVILLE METRO POLICE DEPT,Accepted,JEFFERSON,I 0264,,I264 E,,,,,,,,,38.211502727,-85.670381762,15.722,2/14/2022 12:00:00 AM,1732,3,3,0,1,CLEAR,DRY,False,REAR END IN TRAFFIC LANES BOTH VEHICLES MOVING,REAR END,STRAIGHT & GRADE,DAYLIGHT,,,2/23/2022 8:15:32 AM,False,8278,Accepted,
29725575,0568000,LOUISVILLE METRO POLICE DEPT,Accepted,JEFFERSON,I 0264,,I264 W,,,,,I 0264,I264 W EXIT14 OFF RAMP TO KY864,I 0264,I264 W EXIT15 ON RAMP FROM KY1703,38.200140799,-85.699443437,13.924,2/14/2022 12:00:00 AM,1642,2,2,0,0,CLEAR,DRY,False,REAR END IN TRAFFIC LANES BOTH VEHICLES MOVING,REAR END,STRAIGHT & LEVEL,DAYLIGHT,,,2/21/2022 8:33:59 AM,False,7938,Accepted,
29725534,0568000,LOUISVILLE METRO POLICE DEPT,Accepted,JEFFERSON,KY0864,,POPLAR LEVEL,RD,,,BRAIDWOOD,,,,,38.160187438,-85.673918852,8.192,2/14/2022 12:00:00 AM,1744,2,2,0,0,CLEAR,DRY,False,ANGLE COLLISION - ONE VEHICLE TURNING RIGHT,ANGLE,STRAIGHT & LEVEL,DAYLIGHT,,,2/21/2022 8:29:12 AM,False,5027,Accepted,
29739447,0568000,LOUISVILLE METRO POLICE DEPT,Accepted,JEFFERSON,,,ARTHUR,ST,,,WARNOCK,,,,,38.214301573,-85.752934231,0.006,2/14/2022 12:00:00 AM,2212,2,2,0,0,CLEAR,DRY,False,SIDESWIPE-SAME DIRECTION,SIDESWIPE-SAME DIRECTION,STRAIGHT & LEVEL,DARK-HWY LIGHTED/ON,,,2/24/2022 8:36:02 AM,False,5196,Accepted,
29753519,0568000,LOUISVILLE METRO POLICE DEPT,Accepted,JEFFERSON,US0031W,,MARKET,ST,W,,ROY WILKINS,,,,,38.256255872,-85.765831305,21.347,2/14/2022 12:00:00 AM,1520,2,2,0,1,CLOUDY,DRY,False,ANGLE COLLISION - OTHER,ANGLE,STRAIGHT & HILLCREST,DAYLIGHT,,,2/28/2022 8:39:45 AM,False,2661,Accepted,
29696519,0568000,LOUISVILLE METRO POLICE DEPT,Accepted,JEFFERSON,KY1631,2501,CRITTENDEN,DR,,,MAYLAWN,,,,,38.208654166,-85.751056157,1.404,2/13/2022 12:00:00 AM,0113,1,1,0,0,CLEAR,DRY,True,COLLISION WITH FIXED OBJECT IN INTERSECTION - FIRST EVENT COLLISION 09 - 32,SINGLE VEHICLE,STRAIGHT & LEVEL,DARK-HWY LIGHTED/ON,,,2/14/2022 8:33:56 AM,False,7972,Accepted,
29696520,0568000,LOUISVILLE METRO POLICE DEPT,Accepted,JEFFERSON,,,MARKET,ST,W,,29TH,,,,,38.260132179,-85.799478047,0.690,2/13/2022 12:00:00 AM,0059,5,5,0,0,CLEAR,DRY,False,COLLISION WITH PARKED VEHICLE,REAR END,STRAIGHT & LEVEL,DARK-HWY LIGHTED/ON,,,2/14/2022 8:34:00 AM,False,5306,Accepted,
29696527,0568000,LOUISVILLE METRO POLICE DEPT,Accepted,JEFFERSON,,,DUMESNIL,ST,,,26TH,,,,,38.236445374,-85.796393255,1.299,2/13/2022 12:00:00 AM,0400,1,1,0,1,CLEAR,DRY,False,COLLISION WITH FIXED OBJECT IN INTERSECTION - FIRST EVENT COLLISION 09 - 32,SINGLE VEHICLE,STRAIGHT & GRADE,DARK-HWY LIGHTED/ON,,,2/14/2022 8:34:56 AM,False,5353,Accepted,
29696525,0568000,LOUISVILLE METRO POLICE DEPT,Accepted,JEFFERSON,,5311,ROEDERER,DR,,,,,,,,38.159479767,-85.678493448,0.145,2/13/2022 12:00:00 AM,0418,1,1,0,0,CLEAR,DRY,False,COLLISION WITH FIXED OBJECT NON - INTERSECTION - FIRST EVENT COLLISION 09 - 32 EXCLUDING 16,SINGLE VEHICLE,STRAIGHT & LEVEL,DARK-HWY LIGHTED/OFF,,,2/14/2022 8:34:44 AM,False,5326,Accepted,
29696526,0568000,LOUISVILLE METRO POLICE DEPT,Accepted,JEFFERSON,,900 BLK,7TH,ST,S,,,,GARLAND,,BRECKINRIDGE,38.241857325,-85.764169242,1.678,2/13/2022 12:00:00 AM,0155,1,1,0,0,CLEAR,DRY,True,COLLISION WITH FIXED OBJECT NON - INTERSECTION - FIRST EVENT COLLISION 09 - 32 EXCLUDING 16,SINGLE VEHICLE,STRAIGHT & LEVEL,DARK-HWY LIGHTED/ON,,,2/14/2022 8:34:50 AM,False,5131,Accepted,
29696543,0568000,LOUISVILLE METRO POLICE DEPT,Accepted,JEFFERSON,KY1934,,CANE RUN,RD,,KY2049,CRUMS,,,,,38.199148349,-85.837508292,9.195,2/13/2022 12:00:00 AM,1345,2,2,0,6,CLEAR,DRY,False,OTHER INTERSECTION COLLISIONS,REAR END,STRAIGHT & LEVEL,DAYLIGHT,,,2/14/2022 8:36:01 AM,False,5208,Accepted,
29725519,0568000,LOUISVILLE METRO POLICE DEPT,Accepted,JEFFERSON,KY0022,,BROWNSBORO,RD,,,THORNHILL,,,,,38.285926125,-85.624372137,0.671,2/13/2022 12:00:00 AM,1327,2,2,0,0,CLEAR,DRY,False,ANGLE COLLISION - OTHER,ANGLE,STRAIGHT & LEVEL,DAYLIGHT,,,2/21/2022 8:27:59 AM,False,7359,Accepted,
29712484,0568000,LOUISVILLE METRO POLICE DEPT,Accepted,JEFFERSON,,,ST CATHERINE,ST,E,,1ST,,,,,38.236876415,-85.754947138,1.316,2/13/2022 12:00:00 AM,1004,2,2,0,0,CLEAR,DRY,False,COLLISION WITH PARKED VEHICLE,HEAD ON,STRAIGHT & LEVEL,DAYLIGHT,,,2/17/2022 2:35:22 PM,False,5186,Accepted,