IncidentID,AgencyORI,AgencyName,IncidentStatusDesc,County,RdwyNumber,Street,RoadwayName,StreetSfx,StreetDir,IntersectionRdwy,IntersectionRdwyName,BetweenStRdwy1,BetweenStRdwyName1,BetweenStRdwy2,BetweenStRdwyName2,Latitude,Longitude,Milepoint,CollisionDate,CollisionTime,UnitsInvolved,MotorVehiclesInvolved,NumberKilled,NumberInjured,Weather,RdwyConditionCode,HitandRun,DirAnalysisCode,MannerofCollision,RdwyCharacter,LightCondition,RampFromRdwyId,RampToRdwyId,AcceptedDate,IsSecondaryCollision,OwnerBadge,IncidentStatus,
29739430,0568000,LOUISVILLE METRO POLICE DEPT,Accepted,JEFFERSON,,,WOLF PEN BRANCH,RD,,,,,,,,38.327355539,-85.587040789,3.135,2/13/2022 12:00:00 AM,0338,1,1,1,0,CLEAR,DRY,False,COLLISION WITH FIXED OBJECT NON - INTERSECTION - FIRST EVENT COLLISION 09 - 32 EXCLUDING 16,SINGLE VEHICLE,CURVE & LEVEL,DARK-HWY NOT LIGHTED,,,2/24/2022 8:34:47 AM,False,7772,Accepted,
29696556,0568000,LOUISVILLE METRO POLICE DEPT,Accepted,JEFFERSON,,704,SINCLAIR,ST,,,,,,,,38.121485065,-85.749418590,0.063,2/13/2022 12:00:00 AM,2355,2,2,0,1,CLEAR,DRY,False,REAR END IN TRAFFIC LANES BOTH VEHICLES MOVING,REAR END,STRAIGHT & LEVEL,DARK (UNKNOWN ROADWAY LIGHTING),,,2/14/2022 8:37:04 AM,False,5266,Accepted,
29696557,0568000,LOUISVILLE METRO POLICE DEPT,Accepted,JEFFERSON,US0031W,,DIXIE,HWY,,,PENDLETON,,,,,38.062287743,-85.886522478,5.291,2/13/2022 12:00:00 AM,1714,2,1,0,1,CLEAR,DRY,False,COLLISION WITH PEDESTRIAN IN INTERSECTION,SINGLE VEHICLE,STRAIGHT & LEVEL,DAYLIGHT,,,2/14/2022 8:37:07 AM,False,5121,Accepted,
29696564,0568000,LOUISVILLE METRO POLICE DEPT,Accepted,JEFFERSON,KY2251,3623,BARDSTOWN,RD,,,HIKES,,,,,38.199118672,-85.660119141,1.048,2/13/2022 12:00:00 AM,2137,2,2,0,0,CLEAR,DRY,False,OTHER INTERSECTION COLLISIONS,REAR END,STRAIGHT & LEVEL,DARK-HWY LIGHTED/ON,,,2/14/2022 8:37:51 AM,False,5363,Accepted,
29696572,0568000,LOUISVILLE METRO POLICE DEPT,Accepted,JEFFERSON,KY1931,,MANSLICK,RD,,,MANSLICK,,,,,38.191669964,-85.800909746,8.106,2/13/2022 12:00:00 AM,2035,2,2,0,2,CLEAR,DRY,False,ANGLE COLLISION - OTHER,ANGLE,STRAIGHT & LEVEL,DARK-HWY LIGHTED/ON,,,2/14/2022 8:38:27 AM,False,5131,Accepted,
29696529,0568000,LOUISVILLE METRO POLICE DEPT,Accepted,JEFFERSON,KY1931,7435,ST ANDREWS CHURCH,RD,,,,,,,,38.153305530,-85.808773769,5.063,2/13/2022 12:00:00 AM,0150,3,3,0,1,CLOUDY,DRY,False,REAR END IN TRAFFIC LANES BOTH VEHICLES MOVING,REAR END,STRAIGHT & LEVEL,DARK-HWY LIGHTED/ON,,,2/14/2022 8:35:02 AM,False,5223,Accepted,
29696549,0568000,LOUISVILLE METRO POLICE DEPT,Accepted,JEFFERSON,,,JEFFERSON,ST,E,,1ST,,,,,38.253261383,-85.751984807,1.046,2/13/2022 12:00:00 AM,1204,2,2,0,0,CLEAR,DRY,False,ANGLE COLLISION - OTHER,ANGLE,STRAIGHT & LEVEL,DAYLIGHT,,,2/14/2022 8:36:24 AM,False,5421,Accepted,
29696516,0568000,LOUISVILLE METRO POLICE DEPT,Accepted,JEFFERSON,I 0071,,I71 N,,,,,,,,,38.297739291,-85.623535462,6.502,2/13/2022 12:00:00 AM,0000,1,1,0,0,CLOUDY,DRY,False,OTHER COLLISIONS ON SHOULDER,SINGLE VEHICLE,STRAIGHT & HILLCREST,DARK-HWY NOT LIGHTED,,,2/14/2022 8:33:40 AM,False,5228,Accepted,
29696523,0568000,LOUISVILLE METRO POLICE DEPT,Accepted,JEFFERSON,US0042,,STORY,AVE,,,WEBSTER,,,,,38.256643075,-85.726463515,0.364,2/13/2022 12:00:00 AM,0143,3,3,0,0,CLEAR,DRY,False,ANGLE COLLISION - OTHER,ANGLE,STRAIGHT & LEVEL,DARK-HWY LIGHTED/ON,,,2/14/2022 8:34:25 AM,False,5311,Accepted,
29696539,0568000,LOUISVILLE METRO POLICE DEPT,Accepted,JEFFERSON,US0031E,,BARDSTOWN,RD,,,BONNYCASTLE,,,,,38.230809833,-85.704913384,14.379,2/13/2022 12:00:00 AM,0850,2,2,0,0,CLEAR,DRY,False,OTHER INTERSECTION COLLISIONS,REAR END,STRAIGHT & LEVEL,DAYLIGHT,,,2/14/2022 8:35:37 AM,False,2100,Accepted,
29696540,0568000,LOUISVILLE METRO POLICE DEPT,Accepted,JEFFERSON,,1715,HARROD,CT,,,,,,,,38.223738283,-85.778650056,0.004,2/13/2022 12:00:00 AM,0845,2,2,0,0,CLEAR,DRY,False,1 VEHICLE PARKED POSITION (NOT PARKING LOT/DRIVEWAY),BACKING,STRAIGHT & LEVEL,DAYLIGHT,,,2/14/2022 8:35:44 AM,False,5232,Accepted,
29696546,0568000,LOUISVILLE METRO POLICE DEPT,Accepted,JEFFERSON,,1376,6TH,ST,S,,,,,,,38.230065219,-85.764591208,1.814,2/13/2022 12:00:00 AM,0316,2,2,0,0,CLEAR,DRY,False,1 VEHICLE PARKED POSITION (NOT PARKING LOT/DRIVEWAY),ANGLE,STRAIGHT & LEVEL,DARK (UNKNOWN ROADWAY LIGHTING),,,2/14/2022 8:36:12 AM,False,5213,Accepted,
29696547,0568000,LOUISVILLE METRO POLICE DEPT,Accepted,JEFFERSON,US0031E,,MAIN,ST,W,,1ST,,,,,38.256077083,-85.751568822,17.790,2/13/2022 12:00:00 AM,0940,2,2,0,0,CLEAR,DRY,False,ANGLE COLLISION - OTHER,ANGLE,STRAIGHT & LEVEL,DAYLIGHT,,,2/14/2022 8:36:16 AM,False,5415,Accepted,
29696548,0568000,LOUISVILLE METRO POLICE DEPT,Accepted,JEFFERSON,,,VALKYRIE,WAY,,,,,,,,38.106403954,-85.858563619,0.048,2/13/2022 12:00:00 AM,1140,1,1,0,0,CLEAR,DRY,False,COLLISION WITH FIXED OBJECT NON - INTERSECTION - FIRST EVENT COLLISION 09 - 32 EXCLUDING 16,SINGLE VEHICLE,STRAIGHT & LEVEL,DAYLIGHT,,,2/14/2022 8:36:21 AM,False,7174,Accepted,
29768373,0568000,LOUISVILLE METRO POLICE DEPT,Accepted,JEFFERSON,,7204,BLACK WALNUT,CIR,,,,,,,,38.094829757,-85.645521201,0.399,2/13/2022 12:00:00 AM,1500,1,1,0,0,CLEAR,DRY,True,COLLISION WITH FIXED OBJECT NON - INTERSECTION - FIRST EVENT COLLISION 09 - 32 EXCLUDING 16,SINGLE VEHICLE,STRAIGHT & LEVEL,DAYLIGHT,,,3/3/2022 8:21:35 AM,False,7989,Accepted,
29696568,0568000,LOUISVILLE METRO POLICE DEPT,Accepted,JEFFERSON,KY1727,6408,TERRY,RD,,,,,,,,38.148283455,-85.870773321,1.801,2/13/2022 12:00:00 AM,2342,3,3,0,1,CLEAR,DRY,False,1 VEHICLE ENTERING/LEAVING ENTRANCE,ANGLE,STRAIGHT & LEVEL,DARK-HWY LIGHTED/ON,,,2/14/2022 8:38:05 AM,False,5395,Accepted,
29696552,0568000,LOUISVILLE METRO POLICE DEPT,Accepted,JEFFERSON,,1500B,HEPBURN,AVE,,,,,,,,38.238639941,-85.724311816,0.059,2/13/2022 12:00:00 AM,0320,2,1,0,1,CLEAR,DRY,True,OTHER ROADWAY OR MID-BLOCK COLLISION,SINGLE VEHICLE,STRAIGHT & LEVEL,DARK-HWY LIGHTED/ON,,,2/14/2022 8:36:38 AM,False,7488,Accepted,
29696542,0568000,LOUISVILLE METRO POLICE DEPT,Accepted,JEFFERSON,I 0071,,I71 N,,,,,,,,,38.317663401,-85.573693710,9.584,2/13/2022 12:00:00 AM,1157,3,3,0,0,CLEAR,DRY,False,REAR END IN TRAFFIC LANES BOTH VEHICLES MOVING,REAR END,STRAIGHT & LEVEL,DAYLIGHT,,,2/14/2022 8:35:56 AM,False,2346,Accepted,
29696550,0568000,LOUISVILLE METRO POLICE DEPT,Accepted,JEFFERSON,KY1447,,WESTPORT,RD,,,,,,,,38.295320189,-85.555657145,6.250,2/13/2022 12:00:00 AM,1740,1,1,0,1,CLOUDY,DRY,False,COLLISION WITH FIXED OBJECT NON - INTERSECTION - FIRST EVENT COLLISION 09 - 32 EXCLUDING 16,SINGLE VEHICLE,STRAIGHT & LEVEL,DAYLIGHT,,,2/14/2022 8:36:28 AM,False,2346,Accepted,
29696551,0568000,LOUISVILLE METRO POLICE DEPT,Accepted,JEFFERSON,,1600B,GRINSTEAD,DR,,,,,,,,38.238256371,-85.721304931,0.109,2/13/2022 12:00:00 AM,0245,2,2,0,0,CLEAR,DRY,False,1 VEHICLE ENTERING/LEAVING ENTRANCE,ANGLE,STRAIGHT & LEVEL,DARK-HWY LIGHTED/ON,,,2/14/2022 8:36:34 AM,False,7488,Accepted,
29941427,0568000,LOUISVILLE METRO POLICE DEPT,Accepted,JEFFERSON,,,ALGONQUIN,PKWY,,,,,,,,38.226799061,-85.827147359,0.272,2/12/2022 12:00:00 AM,0847,1,1,1,0,CLOUDY,DRY,False,COLLISION WITH FIXED OBJECT NON - INTERSECTION - FIRST EVENT COLLISION 09 - 32 EXCLUDING 16,SINGLE VEHICLE,CURVE & LEVEL,DARK-HWY LIGHTED/ON,,,4/15/2022 7:47:42 AM,False,7628,Accepted,
29696635,0568000,LOUISVILLE METRO POLICE DEPT,Accepted,JEFFERSON,KY0864,,LOGAN,ST,,,MARY,,,,,38.234244451,-85.739812582,14.688,2/12/2022 12:00:00 AM,0021,2,2,0,0,CLOUDY,WET,False,ANGLE COLLISION - OTHER,ANGLE,STRAIGHT & LEVEL,DARK-HWY LIGHTED/ON,,,2/14/2022 8:50:20 AM,False,5372,Accepted,
29696522,0568000,LOUISVILLE METRO POLICE DEPT,Accepted,JEFFERSON,KY0864,1107,LOGAN,ST,,,,,,,,38.234695450,-85.739624389,14.725,2/12/2022 12:00:00 AM,2040,2,2,0,0,CLEAR,DRY,True,SIDESWIPE COLLISION - SAME DIRECTION,SIDESWIPE-SAME DIRECTION,,DARK-HWY LIGHTED/ON,,,2/14/2022 8:34:17 AM,False,5372,Accepted,
29696480,0568000,LOUISVILLE METRO POLICE DEPT,Accepted,JEFFERSON,KY0864,,LOGAN,ST,,,SHELBY,,,,,38.232272129,-85.740123805,14.514,2/12/2022 12:00:00 AM,0051,3,3,0,0,CLEAR,WET,True,COLLISION WITH PARKED VEHICLE,REAR END,STRAIGHT & LEVEL,DARK-HWY LIGHTED/ON,,,2/14/2022 8:29:36 AM,False,5267,Accepted,
29696498,0568000,LOUISVILLE METRO POLICE DEPT,Accepted,JEFFERSON,,,JEFFERSON,ST,E,,1ST,,,,,38.253312294,-85.752116509,1.046,2/12/2022 12:00:00 AM,0930,2,2,0,1,CLOUDY,DRY,False,ANGLE COLLISION - OTHER,ANGLE,STRAIGHT & LEVEL,DAYLIGHT,,,2/14/2022 8:32:24 AM,False,5335,Accepted,
29696512,0568000,LOUISVILLE METRO POLICE DEPT,Accepted,JEFFERSON,I 0264,,I264 W,,,,,,,,,38.189867183,-85.770561726,9.937,2/12/2022 12:00:00 AM,0822,3,3,0,0,CLOUDY,DRY,True,REAR END IN TRAFFIC LANES BOTH VEHICLES MOVING,REAR END,STRAIGHT & GRADE,DAYLIGHT,,,2/14/2022 8:33:07 AM,False,7402,Accepted,
29696514,0568000,LOUISVILLE METRO POLICE DEPT,Accepted,JEFFERSON,US0042,1638,STORY,AVE,,,,,,,,38.259574745,-85.720577822,0.745,2/12/2022 12:00:00 AM,0312,1,1,0,0,CLEAR,DRY,False,COLLISION WITH FIXED OBJECT NON - INTERSECTION - FIRST EVENT COLLISION 09 - 32 EXCLUDING 16,SINGLE VEHICLE,CURVE & LEVEL,DARK-HWY NOT LIGHTED,,,2/14/2022 8:33:25 AM,False,7386,Accepted,
29696521,0568000,LOUISVILLE METRO POLICE DEPT,Accepted,JEFFERSON,KY1065,,OUTER,LOOP,,,BRIARCLIFF,,,,,38.136265064,-85.696660713,5.451,2/12/2022 12:00:00 AM,0525,1,1,0,0,CLEAR,DRY,False,OTHER INTERSECTION COLLISIONS,SINGLE VEHICLE,STRAIGHT & LEVEL,DARK-HWY LIGHTED/ON,,,2/14/2022 8:34:07 AM,False,5264,Accepted,
29696524,0568000,LOUISVILLE METRO POLICE DEPT,Accepted,JEFFERSON,,,1ST,ST,S,,BRECKINRIDGE,,,,,38.241890744,-85.754097524,0.988,2/12/2022 12:00:00 AM,2055,2,2,0,0,CLEAR,DRY,True,ANGLE COLLISION - OTHER,ANGLE,STRAIGHT & LEVEL,DARK-HWY LIGHTED/ON,,,2/14/2022 8:34:37 AM,False,5267,Accepted,
29696532,0568000,LOUISVILLE METRO POLICE DEPT,Accepted,JEFFERSON,,,ROY WILKINS,AVE,,,MUHAMMAD ALI,,,,,38.252014052,-85.765459543,0.386,2/12/2022 12:00:00 AM,0316,2,2,0,1,CLEAR,DRY,True,ANGLE COLLISION - OTHER,ANGLE,STRAIGHT & LEVEL,DARK-HWY LIGHTED/ON,,,2/14/2022 8:35:11 AM,False,5318,Accepted,
29730389,0568000,LOUISVILLE METRO POLICE DEPT,Accepted,JEFFERSON,I 0264,,I264 W,,,,,,,,,38.193893464,-85.710588301,13.176,2/12/2022 12:00:00 AM,1422,3,3,0,2,CLOUDY,DRY,True,SIDESWIPE COLLISION - SAME DIRECTION,SIDESWIPE-SAME DIRECTION,STRAIGHT & LEVEL,DAYLIGHT,,,2/22/2022 7:57:02 AM,False,7383,Accepted,
29696485,0568000,LOUISVILLE METRO POLICE DEPT,Accepted,JEFFERSON,,,JOHNSONTOWN,RD,,,,,,,,38.121725621,-85.874292712,1.014,2/12/2022 12:00:00 AM,0223,1,1,0,1,CLOUDY,DRY,False,COLLISION WITH FIXED OBJECT NON - INTERSECTION - FIRST EVENT COLLISION 09 - 32 EXCLUDING 16,SINGLE VEHICLE,STRAIGHT & LEVEL,DARK-HWY LIGHTED/OFF,,,2/14/2022 8:30:12 AM,False,7264,Accepted,
29696509,0568000,LOUISVILLE METRO POLICE DEPT,Accepted,JEFFERSON,,5015,MUD,LN,,,,,,,,38.087833339,-85.671327818,0.516,2/12/2022 12:00:00 AM,1521,4,4,0,0,OTHER,WET,True,REAR END IN TRAFFIC LANES BOTH VEHICLES MOVING,REAR END,STRAIGHT & LEVEL,DARK-HWY LIGHTED/ON,,,2/14/2022 8:33:02 AM,False,7106,Accepted,
29696517,0568000,LOUISVILLE METRO POLICE DEPT,Accepted,JEFFERSON,US0031E,,BAXTER,AVE,,,LIBERTY,,,,,38.249818437,-85.731748269,16.418,2/12/2022 12:00:00 AM,1949,1,1,0,2,CLEAR,DRY,False,COLLISION WITH FIXED OBJECT IN INTERSECTION - FIRST EVENT COLLISION 09 - 32,SINGLE VEHICLE,STRAIGHT & LEVEL,DARK-HWY LIGHTED/ON,,,2/14/2022 8:33:44 AM,False,5367,Accepted,
29696518,0568000,LOUISVILLE METRO POLICE DEPT,Accepted,JEFFERSON,US0150,,BROADWAY,,W,,10TH,,,,,38.247116712,-85.768393137,1.836,2/12/2022 12:00:00 AM,2319,2,2,0,0,CLEAR,DRY,True,OTHER INTERSECTION COLLISIONS,REAR END,STRAIGHT & LEVEL,DARK-HWY LIGHTED/ON,,,2/14/2022 8:33:51 AM,False,5367,Accepted,
29696536,0568000,LOUISVILLE METRO POLICE DEPT,Accepted,JEFFERSON,US0031E,,BARDSTOWN,RD,,,,,,,,38.224453459,-85.693753879,13.629,2/12/2022 12:00:00 AM,0238,1,1,0,1,CLEAR,DRY,False,COLLISION WITH FIXED OBJECT NON - INTERSECTION - FIRST EVENT COLLISION 09 - 32 EXCLUDING 16,SINGLE VEHICLE,CURVE & LEVEL,DARK-HWY LIGHTED/ON,,,2/14/2022 8:35:19 AM,False,5104,Accepted,
29696492,0568000,LOUISVILLE METRO POLICE DEPT,Accepted,JEFFERSON,,,SMYRNA,PKWY,,,THEILER,,,,,38.114635608,-85.644032854,1.613,2/12/2022 12:00:00 AM,0543,1,1,0,1,CLOUDY,DRY,False,OTHER INTERSECTION COLLISIONS,SINGLE VEHICLE,CURVE & LEVEL,DARK-HWY NOT LIGHTED,,,2/14/2022 8:31:58 AM,False,5141,Accepted,
29696477,0568000,LOUISVILLE METRO POLICE DEPT,Accepted,JEFFERSON,I 0071,,I71 N,,,,,,,,,38.297739291,-85.623535462,6.502,2/11/2022 12:00:00 AM,1931,1,1,0,0,CLOUDY,DRY,False,OTHER ROADWAY OR MID-BLOCK COLLISION,SINGLE VEHICLE,STRAIGHT & GRADE,DARK-HWY NOT LIGHTED,,,2/14/2022 8:29:19 AM,False,5228,Accepted,
29696478,0568000,LOUISVILLE METRO POLICE DEPT,Accepted,JEFFERSON,KY0864,4529,POPLAR LEVEL,RD,,,,,,,,38.187796900,-85.702309396,10.702,2/11/2022 12:00:00 AM,2049,1,1,0,0,CLEAR,DRY,False,COLLISION WITH NON-FIXED OBJECT ,SINGLE VEHICLE,STRAIGHT & LEVEL,DARK-HWY LIGHTED/ON,,,2/14/2022 8:29:24 AM,False,5326,Accepted,
29696534,0568000,LOUISVILLE METRO POLICE DEPT,Accepted,JEFFERSON,US0150,,BROADWAY,,E,KY0061,JACKSON,,,,,38.245136823,-85.745595958,3.075,2/11/2022 12:00:00 AM,2257,2,2,0,0,CLEAR,DRY,False,ANGLE COLLISION - OTHER,ANGLE,STRAIGHT & LEVEL,DARK-HWY LIGHTED/ON,,,2/14/2022 8:35:15 AM,False,5318,Accepted,
29696493,0568000,LOUISVILLE METRO POLICE DEPT,Accepted,JEFFERSON,KY0061,,PRESTON,ST,S,,CALDWELL,,,,,38.239290275,-85.748567960,11.835,2/11/2022 12:00:00 AM,0801,2,2,0,0,CLEAR,DRY,False,ANGLE COLLISION - OTHER,ANGLE,STRAIGHT & LEVEL,DAYLIGHT,,,2/14/2022 8:32:03 AM,False,5397,Accepted,
29696476,0568000,LOUISVILLE METRO POLICE DEPT,Accepted,JEFFERSON,,,CHESTNUT,ST,W,KY1020,2ND,,,,,38.248548767,-85.754573549,2.544,2/11/2022 12:00:00 AM,1846,2,2,0,0,CLOUDY,DRY,False,ANGLE COLLISION - OTHER,ANGLE,STRAIGHT & LEVEL,DUSK,,,2/14/2022 8:29:03 AM,False,7148,Accepted,
29696469,0568000,LOUISVILLE METRO POLICE DEPT,Accepted,JEFFERSON,US0031W,,DIXIE,HWY,,,BLANTON,,,,,38.157327674,-85.834037470,12.531,2/11/2022 12:00:00 AM,1358,3,3,0,2,CLOUDY,DRY,False,ANGLE COLLISION - OTHER,ANGLE,STRAIGHT & LEVEL,DAYLIGHT,,,2/14/2022 8:28:06 AM,False,7234,Accepted,
29696460,0568000,LOUISVILLE METRO POLICE DEPT,Accepted,JEFFERSON,KY2054,,ALGONQUIN,PKWY,,,23RD,,,,,38.223532927,-85.797653709,1.360,2/11/2022 12:00:00 AM,1549,2,2,0,1,CLOUDY,DRY,False,ANGLE COLLISION - OTHER,ANGLE,STRAIGHT & LEVEL,DAYLIGHT,,,2/14/2022 8:27:24 AM,False,5355,Accepted,
29696461,0568000,LOUISVILLE METRO POLICE DEPT,Accepted,JEFFERSON,,,MUHAMMAD ALI,BLVD,W,,7TH,,,,,38.251695458,-85.762470454,0.544,2/11/2022 12:00:00 AM,1015,2,2,0,1,CLOUDY,DRY,False,ANGLE COLLISION - OTHER,ANGLE,STRAIGHT & LEVEL,DAYLIGHT,,,2/14/2022 8:27:33 AM,False,5415,Accepted,
29696451,0568000,LOUISVILLE METRO POLICE DEPT,Accepted,JEFFERSON,I 0264,,,,,,,,,,,38.210649927,-85.671162845,0.310,2/11/2022 12:00:00 AM,1034,2,2,0,0,CLOUDY,DRY,False,REAR END IN TRAFFIC LANES BOTH VEHICLES MOVING,REAR END,STRAIGHT & LEVEL,DAYLIGHT,I 0264,US31E S,2/14/2022 8:26:21 AM,False,7740,Accepted,
29712501,0568000,LOUISVILLE METRO POLICE DEPT,Accepted,JEFFERSON,,,ARNOLDTOWN,RD,,,DORSET,,,,,38.144557406,-85.822776440,0.344,2/11/2022 12:00:00 AM,2004,2,2,0,0,CLEAR,DRY,False,OPPOSITE DIRECTION - BOTH VEHICLES GOING STRAIGHT AHEAD,SIDESWIPE-OPPOSITE DIRECTION,STRAIGHT & LEVEL,DARK (UNKNOWN ROADWAY LIGHTING),,,2/17/2022 2:36:41 PM,False,5223,Accepted,
29696555,0568000,LOUISVILLE METRO POLICE DEPT,Accepted,JEFFERSON,I 0264,,I264 E,,,,,,,,,38.223194955,-85.647085207,17.226,2/11/2022 12:00:00 AM,2005,3,3,0,1,CLEAR,DRY,False,HEAD-ON COLLISION,HEAD ON,STRAIGHT & LEVEL,DARK-HWY LIGHTED/ON,,,2/14/2022 8:37:00 AM,False,5104,Accepted,
29696481,0568000,LOUISVILLE METRO POLICE DEPT,Accepted,JEFFERSON,US0031W,,DIXIE,HWY,,US0031W,US31W RAMP FROM KY841,,,,,38.093657860,-85.874867027,7.594,2/11/2022 12:00:00 AM,2328,2,2,0,4,CLOUDY,WET,False,ANGLE COLLISION - OTHER,ANGLE,STRAIGHT & LEVEL,DARK-HWY LIGHTED/ON,,,2/14/2022 8:29:41 AM,False,7160,Accepted,
29696513,0568000,LOUISVILLE METRO POLICE DEPT,Accepted,JEFFERSON,KY1932,,BRECKENRIDGE,LN,,KY0155,TAYLORSVILLE,,,,,38.220093108,-85.630391820,2.874,2/11/2022 12:00:00 AM,1700,2,2,0,0,CLEAR,DRY,False,OTHER INTERSECTION COLLISIONS,REAR END,STRAIGHT & LEVEL,DAYLIGHT,,,2/14/2022 8:33:12 AM,False,5269,Accepted,
29696457,0568000,LOUISVILLE METRO POLICE DEPT,Accepted,JEFFERSON,KY1065,,OUTER,LOOP,,I 0065,I65 N EXIT127 ON RAMP FROM KY1065,,,,,38.136175154,-85.700119470,5.290,2/11/2022 12:00:00 AM,1607,2,2,0,0,CLEAR,DRY,False,ANGLE COLLISION - OTHER,ANGLE,STRAIGHT & LEVEL,DAYLIGHT,,,2/14/2022 8:26:59 AM,False,5101,Accepted,
29696491,0568000,LOUISVILLE METRO POLICE DEPT,Accepted,JEFFERSON,I 0264,,I264 W,,,,,,,,,38.189637735,-85.778842599,9.488,2/11/2022 12:00:00 AM,0830,1,1,0,0,CLEAR,DRY,True,OTHER ROADWAY OR MID-BLOCK COLLISION,SINGLE VEHICLE,STRAIGHT & LEVEL,DARK-HWY LIGHTED/ON,,,2/14/2022 8:31:53 AM,False,5302,Accepted,
29696473,0568000,LOUISVILLE METRO POLICE DEPT,Accepted,JEFFERSON,,,ST CATHERINE,ST,W,,12TH,,,,,38.238531893,-85.773239362,0.769,2/11/2022 12:00:00 AM,1536,2,2,0,1,CLOUDY,DRY,False,ANGLE COLLISION - OTHER,ANGLE,STRAIGHT & LEVEL,DAYLIGHT,,,2/14/2022 8:28:34 AM,False,5039,Accepted,
29696474,0568000,LOUISVILLE METRO POLICE DEPT,Accepted,JEFFERSON,,,LIBERTY,ST,E,KY0061,JACKSON,,,,,38.251095180,-85.744564128,0.433,2/11/2022 12:00:00 AM,1655,2,2,0,1,CLOUDY,DRY,False,ANGLE COLLISION - OTHER,ANGLE,STRAIGHT & LEVEL,DAYLIGHT,,,2/14/2022 8:28:38 AM,False,7904,Accepted,
29696479,0568000,LOUISVILLE METRO POLICE DEPT,Accepted,JEFFERSON,KY1703,,BAXTER,AVE,,,RUFER,,,,,38.237222575,-85.721910718,5.441,2/11/2022 12:00:00 AM,2312,2,2,0,0,RAINING,WET,False,ANGLE COLLISION - OTHER,ANGLE,STRAIGHT & GRADE,DARK-HWY LIGHTED/ON,,,2/14/2022 8:29:29 AM,False,2816,Accepted,
29696487,0568000,LOUISVILLE METRO POLICE DEPT,Accepted,JEFFERSON,I 0064,,I64 E,,,,,,,,,38.275031940,-85.813550924,0.759,2/11/2022 12:00:00 AM,2145,4,4,0,0,CLOUDY,WET,False,1 VEHICLE ENTERING/LEAVING ENTRANCE,ANGLE,STRAIGHT & LEVEL,DARK-HWY LIGHTED/ON,,,2/14/2022 8:30:50 AM,True,5331,Accepted,
29696506,0568000,LOUISVILLE METRO POLICE DEPT,Accepted,JEFFERSON,KY1932,,BRECKENRIDGE,LN,,,,,,,,38.251452638,-85.654183773,5.398,2/11/2022 12:00:00 AM,1905,2,2,0,0,CLEAR,DRY,False,OTHER ROADWAY OR MID-BLOCK COLLISION,OPPOSING LEFT TURN,STRAIGHT & LEVEL,DARK-HWY LIGHTED/ON,,,2/14/2022 8:32:56 AM,False,7785,Accepted,
29696515,0568000,LOUISVILLE METRO POLICE DEPT,Accepted,JEFFERSON,,3418,GRAND,AVE,,,,,,,,38.241858110,-85.811065099,1.182,2/11/2022 12:00:00 AM,2215,1,1,0,0,RAINING,WET,False,COLLISION WITH FIXED OBJECT NON - INTERSECTION - FIRST EVENT COLLISION 09 - 32 EXCLUDING 16,SINGLE VEHICLE,STRAIGHT & LEVEL,DARK-HWY LIGHTED/ON,,,2/14/2022 8:33:35 AM,False,5181,Accepted,
29686151,0568000,LOUISVILLE METRO POLICE DEPT,Accepted,JEFFERSON,KY1065,5612,OUTER,LOOP,,,,,,,,38.138915744,-85.656745496,7.702,2/11/2022 12:00:00 AM,0355,2,2,0,0,CLEAR,DRY,False,COLLISION WITH FIXED OBJECT NON - INTERSECTION - FIRST EVENT COLLISION 09 - 32 EXCLUDING 16,ANGLE,CURVE & GRADE,DARK-HWY NOT LIGHTED,,,2/11/2022 7:31:31 AM,False,7415,Accepted,
29696449,0568000,LOUISVILLE METRO POLICE DEPT,Accepted,JEFFERSON,KY2054,,ALGONQUIN,PKWY,,,7TH,,,,,38.220100215,-85.777426625,2.515,2/11/2022 12:00:00 AM,0708,2,1,0,1,CLEAR,DRY,False,COLLISION WITH PEDESTRIAN IN INTERSECTION,SINGLE VEHICLE,STRAIGHT & LEVEL,DAYLIGHT,,,2/14/2022 8:26:09 AM,False,5232,Accepted,
29696446,0568000,LOUISVILLE METRO POLICE DEPT,Accepted,JEFFERSON,,,GRINSTEAD,DR,,I 0064,I64 E EXIT8 OFF RAMP TO  GRINSTEAD DR,,,,,38.246799495,-85.700745314,0.225,2/11/2022 12:00:00 AM,0903,2,2,0,0,CLOUDY,DRY,False,ANGLE COLLISION - ONE VEHICLE TURNING LEFT,ANGLE,STRAIGHT & LEVEL,DAYLIGHT,,,2/14/2022 8:25:54 AM,False,7900,Accepted,
29696455,0568000,LOUISVILLE METRO POLICE DEPT,Accepted,JEFFERSON,KY1747,,FERN VALLEY,RD,,,,,,,,38.161016198,-85.640978302,5.115,2/11/2022 12:00:00 AM,0850,2,2,0,0,CLOUDY,DRY,False,REAR END IN TRAFFIC LANES BOTH VEHICLES MOVING,REAR END,STRAIGHT & GRADE,DAYLIGHT,,,2/14/2022 8:26:49 AM,False,4693,Accepted,