IncidentID,AgencyORI,AgencyName,IncidentStatusDesc,County,RdwyNumber,Street,RoadwayName,StreetSfx,StreetDir,IntersectionRdwy,IntersectionRdwyName,BetweenStRdwy1,BetweenStRdwyName1,BetweenStRdwy2,BetweenStRdwyName2,Latitude,Longitude,Milepoint,CollisionDate,CollisionTime,UnitsInvolved,MotorVehiclesInvolved,NumberKilled,NumberInjured,Weather,RdwyConditionCode,HitandRun,DirAnalysisCode,MannerofCollision,RdwyCharacter,LightCondition,RampFromRdwyId,RampToRdwyId,AcceptedDate,IsSecondaryCollision,OwnerBadge,IncidentStatus,
29672225,0568000,LOUISVILLE METRO POLICE DEPT,Accepted,JEFFERSON,KY0864,,GOSS,AVE,,,TEXAS,,,,,38.225938403,-85.733336308,13.934,2/7/2022 12:00:00 AM,1906,2,2,0,0,CLEAR,DRY,False,ANGLE COLLISION - OTHER,ANGLE,STRAIGHT & LEVEL,DARK-HWY LIGHTED/ON,,,2/8/2022 8:12:04 AM,False,5349,Accepted,
29696475,0568000,LOUISVILLE METRO POLICE DEPT,Accepted,JEFFERSON,,,GREENWICH,RD,,KY1932,BRECKENRIDGE,,,,,38.193573501,-85.625492843,0.002,2/7/2022 12:00:00 AM,1225,2,2,0,0,CLEAR,DRY,False,ANGLE COLLISION - OTHER,ANGLE,STRAIGHT & LEVEL,DAYLIGHT,,,2/14/2022 8:28:52 AM,False,7200,Accepted,
29686122,0568000,LOUISVILLE METRO POLICE DEPT,Accepted,JEFFERSON,I 0264,,I264 W,,,,,,,,,38.190581373,-85.732284729,11.945,2/7/2022 12:00:00 AM,1733,2,2,0,0,CLEAR,DRY,False,REAR END IN TRAFFIC LANES BOTH VEHICLES MOVING,REAR END,STRAIGHT & LEVEL,DAYLIGHT,,,2/11/2022 7:29:52 AM,False,5008,Accepted,
29696482,0568000,LOUISVILLE METRO POLICE DEPT,Accepted,JEFFERSON,KY1865,4170,TAYLOR,BLVD,,,,,,,,38.179792800,-85.783314802,5.044,2/7/2022 12:00:00 AM,2236,2,2,0,0,CLEAR,DRY,True,COLLISION IN PARKING LOT,BACKING,STRAIGHT & LEVEL,DARK-HWY LIGHTED/ON,,,2/14/2022 8:29:49 AM,False,7249,Accepted,
29696554,0568000,LOUISVILLE METRO POLICE DEPT,Accepted,JEFFERSON,,2408,BRADLEY,AVE,,,,,,,,38.211529667,-85.747018704,0.534,2/7/2022 12:00:00 AM,2141,3,3,0,0,CLEAR,DRY,False,1 VEHICLE PARKED POSITION (NOT PARKING LOT/DRIVEWAY),SIDESWIPE-SAME DIRECTION,STRAIGHT & LEVEL,DARK-HWY LIGHTED/ON,,,2/14/2022 8:36:46 AM,False,5328,Accepted,
29667816,0568000,LOUISVILLE METRO POLICE DEPT,Accepted,JEFFERSON,,,RIVER PARK,DR,,I 0264,I264 E EXIT2 ON RAMP FROM  RIVER PARK DR,,,,,38.254356046,-85.806373654,1.126,2/6/2022 12:00:00 AM,1707,2,2,0,2,CLEAR,WET,True,ANGLE COLLISION - OTHER,ANGLE,STRAIGHT & LEVEL,DAYLIGHT,,,2/7/2022 8:42:42 AM,False,5282,Accepted,
29667823,0568000,LOUISVILLE METRO POLICE DEPT,Accepted,JEFFERSON,,,CHAMBERLAIN,LN,,,WINCHESTER ACRES,,,,,38.288025950,-85.524728128,0.764,2/6/2022 12:00:00 AM,1912,2,2,0,2,CLEAR,DRY,False,OTHER INTERSECTION COLLISIONS,REAR END,STRAIGHT & LEVEL,DARK-HWY LIGHTED/ON,,,2/7/2022 8:43:05 AM,False,7984,Accepted,
29667824,0568000,LOUISVILLE METRO POLICE DEPT,Accepted,JEFFERSON,KY0864,4520,POPLAR LEVEL,RD,,,,,,,,38.185425643,-85.700549181,10.514,2/6/2022 12:00:00 AM,1835,2,2,0,0,CLEAR,DRY,False,OTHER ROADWAY OR MID-BLOCK COLLISION,OPPOSING LEFT TURN,STRAIGHT & LEVEL,DARK-HWY LIGHTED/ON,,,2/7/2022 8:43:09 AM,False,5174,Accepted,
29667831,0568000,LOUISVILLE METRO POLICE DEPT,Accepted,JEFFERSON,US0031E,,BARDSTOWN,RD,,,BONNYCASTLE,,,,,38.230592877,-85.704441166,14.351,2/6/2022 12:00:00 AM,2117,2,2,0,0,CLOUDY,DRY,False,OTHER INTERSECTION COLLISIONS,REAR END,STRAIGHT & LEVEL,DARK-HWY LIGHTED/ON,,,2/7/2022 8:43:39 AM,False,5296,Accepted,
29667832,0568000,LOUISVILLE METRO POLICE DEPT,Accepted,JEFFERSON,,4541,3RD,ST,S,,,,,,,38.186288634,-85.765408481,0.973,2/6/2022 12:00:00 AM,0150,1,1,0,0,CLEAR,DRY,False,COLLISION WITH FIXED OBJECT NON - INTERSECTION - FIRST EVENT COLLISION 09 - 32 EXCLUDING 16,SINGLE VEHICLE,STRAIGHT & LEVEL,DARK-HWY LIGHTED/ON,,,2/7/2022 8:43:43 AM,False,7040,Accepted,
29667833,0568000,LOUISVILLE METRO POLICE DEPT,Accepted,JEFFERSON,,2527,MEADOW,DR,,,,,,,,38.208893403,-85.658223469,0.527,2/6/2022 12:00:00 AM,2150,1,1,0,1,CLEAR,DRY,False,COLLISION WITH FIXED OBJECT NON - INTERSECTION - FIRST EVENT COLLISION 09 - 32 EXCLUDING 16,SINGLE VEHICLE,STRAIGHT & LEVEL,DARK-HWY LIGHTED/ON,,,2/7/2022 8:43:48 AM,False,5332,Accepted,
29667805,0568000,LOUISVILLE METRO POLICE DEPT,Accepted,JEFFERSON,KY0022,,BALLARDSVILLE,RD,,,,,HICKORY FOREST,,SILVER WING,38.316458368,-85.558052848,5.022,2/6/2022 12:00:00 AM,0728,2,2,0,2,CLEAR,ICE,False,HEAD-ON COLLISION,HEAD ON,STRAIGHT & HILLCREST,DAWN,,,2/7/2022 8:42:20 AM,False,2969,Accepted,
29667813,0568000,LOUISVILLE METRO POLICE DEPT,Accepted,JEFFERSON,,,LOWER HUNTERS,TRCE,,,HESS,,,,,38.156968783,-85.843287803,0.478,2/6/2022 12:00:00 AM,1545,2,2,0,0,CLEAR,DRY,False,ANGLE COLLISION - ONE VEHICLE TURNING LEFT,ANGLE,STRAIGHT & LEVEL,DAYLIGHT,,,2/7/2022 8:42:39 AM,False,7340,Accepted,
29667821,0568000,LOUISVILLE METRO POLICE DEPT,Accepted,JEFFERSON,,,BUECHEL BANK,RD,,US0031E,BUECHEL,,,,,38.190768641,-85.647684156,0.113,2/6/2022 12:00:00 AM,1227,2,2,0,0,CLEAR,DRY,False,OPPOSING LEFT TURN,OPPOSING LEFT TURN,STRAIGHT & LEVEL,DAYLIGHT,,,2/7/2022 8:42:58 AM,False,5276,Accepted,
29681515,0568000,LOUISVILLE METRO POLICE DEPT,Accepted,JEFFERSON,I 0064,,I64 W,,,,,,,,,38.243125800,-85.695357412,8.213,2/6/2022 12:00:00 AM,0105,3,3,0,0,CLEAR,DRY,False,REAR END IN TRAFFIC LANES BOTH VEHICLES MOVING,REAR END,STRAIGHT & LEVEL,DARK-HWY LIGHTED/ON,,,2/10/2022 8:30:26 AM,False,5112,Accepted,
29667827,0568000,LOUISVILLE METRO POLICE DEPT,Accepted,JEFFERSON,,,MUHAMMAD ALI,BLVD,W,US0031W,DR W J HODGE,,,,,38.254253883,-85.785627141,1.817,2/6/2022 12:00:00 AM,1919,2,2,0,2,CLEAR,DRY,False,ANGLE COLLISION - OTHER,ANGLE,STRAIGHT & LEVEL,DARK-HWY LIGHTED/ON,,,2/7/2022 8:43:23 AM,False,5021,Accepted,
29667829,0568000,LOUISVILLE METRO POLICE DEPT,Accepted,JEFFERSON,I 0065,,I65 N,,,,,,,,,38.091116703,-85.700830520,123.512,2/6/2022 12:00:00 AM,2041,2,2,0,0,CLEAR,DRY,False,SIDESWIPE COLLISION - SAME DIRECTION,SIDESWIPE-SAME DIRECTION,STRAIGHT & LEVEL,DARK-HWY NOT LIGHTED,,,2/7/2022 8:43:31 AM,False,5138,Accepted,
29667802,0568000,LOUISVILLE METRO POLICE DEPT,Accepted,JEFFERSON,US0150,,BROADWAY,,E,,BARRET,,,,,38.244252222,-85.733958067,3.721,2/6/2022 12:00:00 AM,0334,2,2,0,0,CLEAR,DRY,True,OTHER INTERSECTION COLLISIONS,REAR END,STRAIGHT & LEVEL,DARK-HWY LIGHTED/ON,,,2/7/2022 8:42:12 AM,False,5197,Accepted,
29667825,0568000,LOUISVILLE METRO POLICE DEPT,Accepted,JEFFERSON,I 0065,,,,,,,,,,,38.232398832,-85.750887238,0.128,2/6/2022 12:00:00 AM,0154,1,1,0,1,CLEAR,DRY,False,OTHER RAMP RELATED COLLISIONS NOT LISTED ABOVE,SINGLE VEHICLE,STRAIGHT & LEVEL,DARK-HWY LIGHTED/ON,E OAK ST,I 0065,2/7/2022 8:43:13 AM,False,7527,Accepted,
29667818,0568000,LOUISVILLE METRO POLICE DEPT,Accepted,JEFFERSON,US0031E,1576,BARDSTOWN,RD,,,,,,,,38.230978520,-85.705442573,14.417,2/6/2022 12:00:00 AM,1640,2,2,0,0,CLEAR,DRY,False,SIDESWIPE COLLISION - SAME DIRECTION,SIDESWIPE-SAME DIRECTION,STRAIGHT & LEVEL,DAYLIGHT,,,2/7/2022 8:42:46 AM,False,7960,Accepted,
29667819,0568000,LOUISVILLE METRO POLICE DEPT,Accepted,JEFFERSON,US0031E,,MAIN,ST,E,,WENZEL,,,,,38.254176065,-85.733787092,16.805,2/6/2022 12:00:00 AM,1715,2,2,0,0,CLEAR,WET,False,ANGLE COLLISION - OTHER,ANGLE,STRAIGHT & LEVEL,DAYLIGHT,,,2/7/2022 8:42:49 AM,False,6360,Accepted,
29667820,0568000,LOUISVILLE METRO POLICE DEPT,Accepted,JEFFERSON,US0031E,,BARDSTOWN,RD,,,NEWBRIDGE,,,,,38.156848408,-85.590567791,6.054,2/6/2022 12:00:00 AM,1543,3,3,0,0,CLEAR,DRY,False,ANGLE COLLISION - OTHER,ANGLE,STRAIGHT & LEVEL,DAYLIGHT,,,2/7/2022 8:42:54 AM,False,7465,Accepted,
29667800,0568000,LOUISVILLE METRO POLICE DEPT,Accepted,JEFFERSON,,,GRINSTEAD,DR,,I 0064,I64 E EXIT8 ON RAMP FROM  GRINSTEAD DR,,,,,38.246792858,-85.700672378,0.228,2/6/2022 12:00:00 AM,0042,2,2,0,4,CLEAR,DRY,False,OPPOSING LEFT TURN,OPPOSING LEFT TURN,STRAIGHT & LEVEL,DARK-HWY LIGHTED/ON,,,2/7/2022 8:42:02 AM,False,7049,Accepted,
29667787,0568000,LOUISVILLE METRO POLICE DEPT,Accepted,JEFFERSON,,900B,PHILLIPS,LN,,,,,,,,38.192065826,-85.741887061,0.581,2/5/2022 12:00:00 AM,1517,2,2,0,0,CLEAR,WET,False,1 VEHICLE ENTERING/LEAVING ENTRANCE,ANGLE,STRAIGHT & LEVEL,DAYLIGHT,,,2/7/2022 8:41:16 AM,False,7398,Accepted,
29667777,0568000,LOUISVILLE METRO POLICE DEPT,Accepted,JEFFERSON,,,IDLEWYLDE,DR,,,,,,,,38.258862649,-85.700514415,0.141,2/5/2022 12:00:00 AM,1137,2,2,0,0,CLEAR,ICE,False,1 VEHICLE PARKED POSITION (NOT PARKING LOT/DRIVEWAY),HEAD ON,STRAIGHT & GRADE,DAYLIGHT,,,2/7/2022 8:40:27 AM,False,7028,Accepted,
29667785,0568000,LOUISVILLE METRO POLICE DEPT,Accepted,JEFFERSON,,1221,KESWICK,BLVD,,,,,,,,38.218218646,-85.737921095,0.283,2/5/2022 12:00:00 AM,0940,1,1,0,0,CLEAR,ICE,True,COLLISION WITH FIXED OBJECT NON - INTERSECTION - FIRST EVENT COLLISION 09 - 32 EXCLUDING 16,SINGLE VEHICLE,CURVE & LEVEL,DAYLIGHT,,,2/7/2022 8:41:03 AM,False,5301,Accepted,
29667769,0568000,LOUISVILLE METRO POLICE DEPT,Accepted,JEFFERSON,,,HEYWOOD,AVE,,,,,5TH,,4TH,38.206591870,-85.766426290,0.152,2/5/2022 12:00:00 AM,0158,2,2,0,0,CLEAR,ICE,True,1 VEHICLE PARKED POSITION (NOT PARKING LOT/DRIVEWAY),ANGLE,STRAIGHT & LEVEL,DARK-HWY LIGHTED/ON,,,2/7/2022 8:40:02 AM,False,5342,Accepted,
29667767,0568000,LOUISVILLE METRO POLICE DEPT,Accepted,JEFFERSON,KY1447,,WESTPORT,RD,,,,,CHAMBERLAIN,,ACCOMACK,38.299317730,-85.541472643,7.050,2/5/2022 12:00:00 AM,0415,2,2,0,0,CLEAR,SNOW/SLUSH,False,REAR END IN TRAFFIC LANES BOTH VEHICLES MOVING,REAR END,STRAIGHT & LEVEL,DARK-HWY NOT LIGHTED,,,2/7/2022 8:39:54 AM,False,5289,Accepted,
29667793,0568000,LOUISVILLE METRO POLICE DEPT,Accepted,JEFFERSON,KY1531,6207,ROUTT,RD,,,,,,,,38.144894782,-85.465398943,3.220,2/5/2022 12:00:00 AM,2044,1,1,0,0,CLEAR,DRY,False,OTHER ROADWAY OR MID-BLOCK COLLISION,SINGLE VEHICLE,CURVE & LEVEL,DARK-HWY NOT LIGHTED,,,2/7/2022 8:41:43 AM,False,7484,Accepted,
29667809,0568000,LOUISVILLE METRO POLICE DEPT,Accepted,JEFFERSON,US0031E,,BARDSTOWN,RD,,,WEBER,,,,,38.223571200,-85.686798342,13.252,2/5/2022 12:00:00 AM,1230,2,2,0,0,CLEAR,DRY,False,OTHER INTERSECTION COLLISIONS,REAR END,STRAIGHT & HILLCREST,DAYLIGHT,,,2/7/2022 8:42:28 AM,False,7960,Accepted,
29671645,0565000,LYNDON POLICE DEPARTMENT,Accepted,JEFFERSON,US0060,,SHELBYVILLE,RD,,,,,WHITTINGTON,,CHIPPING,38.246878857,-85.582904680,7.533,2/5/2022 12:00:00 AM,1348,3,3,0,0,CLEAR,WET,False,REAR END IN TRAFFIC LANES BOTH VEHICLES MOVING,REAR END,STRAIGHT & LEVEL,DAYLIGHT,,,2/8/2022 3:27:03 AM,False,1358,Accepted,
29667797,0568000,LOUISVILLE METRO POLICE DEPT,Accepted,JEFFERSON,,7123,GRADE,LN,,,MELTON,,,,,38.145822870,-85.737598744,2.977,2/5/2022 12:00:00 AM,,2,2,0,0,CLEAR,SNOW/SLUSH,True,HEAD-ON COLLISION,HEAD ON,STRAIGHT & LEVEL,DARK-HWY NOT LIGHTED,,,2/7/2022 8:41:50 AM,False,5411,Accepted,
29667799,0568000,LOUISVILLE METRO POLICE DEPT,Accepted,JEFFERSON,US0031W,,DR W J HODGE,ST,,,CHESTNUT,,,,,38.252055505,-85.786000881,19.849,2/5/2022 12:00:00 AM,2317,2,2,0,0,CLEAR,SNOW/SLUSH,True,ANGLE COLLISION - OTHER,ANGLE,STRAIGHT & LEVEL,DARK-HWY LIGHTED/ON,,,2/7/2022 8:41:56 AM,False,5021,Accepted,
29667822,0568000,LOUISVILLE METRO POLICE DEPT,Accepted,JEFFERSON,I 0064,,I64 W,,,,,,,,,38.231799113,-85.604398179,13.369,2/5/2022 12:00:00 AM,2054,2,2,0,0,CLEAR,DRY,False,REAR END IN TRAFFIC LANES BOTH VEHICLES MOVING,REAR END,STRAIGHT & LEVEL,DARK-HWY LIGHTED/ON,,,2/7/2022 8:43:02 AM,False,7984,Accepted,
29672184,0568000,LOUISVILLE METRO POLICE DEPT,Accepted,JEFFERSON,US0031E,3315,BARDSTOWN,RD,,,,,,,,38.204582674,-85.665688499,11.489,2/5/2022 12:00:00 AM,1409,2,2,0,0,CLEAR,DRY,False,REAR END IN TRAFFIC LANES BOTH VEHICLES MOVING,REAR END,STRAIGHT & LEVEL,DAYLIGHT,,,2/8/2022 8:08:59 AM,False,5247,Accepted,
29696452,0568000,LOUISVILLE METRO POLICE DEPT,Accepted,JEFFERSON,KY1230,,LOWER RIVER,RD,,,FINCASTLE,,,,,38.075595956,-85.902439894,0.956,2/5/2022 12:00:00 AM,2359,1,1,0,1,CLEAR,DRY,False,COLLISION WITH FIXED OBJECT IN INTERSECTION - FIRST EVENT COLLISION 09 - 32,SINGLE VEHICLE,CURVE & LEVEL,DARK-HWY NOT LIGHTED,,,2/14/2022 8:26:26 AM,False,7720,Accepted,
29783653,0568000,LOUISVILLE METRO POLICE DEPT,Accepted,JEFFERSON,,,15TH,ST,S,,,,,,,38.227939077,-85.780140458,0.168,2/5/2022 12:00:00 AM,0946,2,2,0,0,CLEAR,DRY,True,SIDESWIPE COLLISION - SAME DIRECTION,SIDESWIPE-SAME DIRECTION,STRAIGHT & LEVEL,DAYLIGHT,,,3/7/2022 8:24:30 AM,False,5148,Accepted,
29705967,0568000,LOUISVILLE METRO POLICE DEPT,Accepted,JEFFERSON,,,DUMESNIL,ST,,US0031W,22ND,,,,,38.236514886,-85.790373720,1.648,2/5/2022 12:00:00 AM,1910,2,2,0,2,CLEAR,OTHER,False,ANGLE COLLISION - OTHER,ANGLE,STRAIGHT & LEVEL,DARK-HWY LIGHTED/ON,,,2/16/2022 8:12:11 AM,False,2877,Accepted,
29667780,0568000,LOUISVILLE METRO POLICE DEPT,Accepted,JEFFERSON,,,WILKE FARM,AVE,,,,,,,,38.165476657,-85.863659449,0.080,2/5/2022 12:00:00 AM,1440,2,2,0,0,CLEAR,DRY,False,VEHICLE BACKING NON INTERSECTION,BACKING,STRAIGHT & LEVEL,DAYLIGHT,,,2/7/2022 8:40:35 AM,False,5414,Accepted,
29667790,0568000,LOUISVILLE METRO POLICE DEPT,Accepted,JEFFERSON,KY1020,,SOUTHSIDE,DR,,,ROCHESTER,,,,,38.169554849,-85.764760151,6.862,2/5/2022 12:00:00 AM,1855,2,2,0,1,CLEAR,DRY,True,OTHER INTERSECTION COLLISIONS,REAR END,STRAIGHT & LEVEL,DARK (UNKNOWN ROADWAY LIGHTING),,,2/7/2022 8:41:33 AM,False,7483,Accepted,
29667807,0568000,LOUISVILLE METRO POLICE DEPT,Accepted,JEFFERSON,,,MAGAZINE,ST,,,,US0031W,DR W J HODGE,US0031W,22ND,38.250792713,-85.786609808,1.068,2/5/2022 12:00:00 AM,1009,2,2,0,0,CLEAR,ICE,True,1 VEHICLE PARKED POSITION (NOT PARKING LOT/DRIVEWAY),REAR END,STRAIGHT & LEVEL,DAYLIGHT,,,2/7/2022 8:42:24 AM,False,7805,Accepted,
29667791,0568000,LOUISVILLE METRO POLICE DEPT,Accepted,JEFFERSON,KY0864,,BEULAH CHURCH,RD,,,,,ZELMA FIELDS,KY2845,MANSLICK,38.129555289,-85.614241052,3.703,2/5/2022 12:00:00 AM,0948,1,1,0,1,CLEAR,SNOW/SLUSH,False,OTHER COLLISIONS ON SHOULDER,SINGLE VEHICLE,STRAIGHT & LEVEL,DAYLIGHT,,,2/7/2022 8:41:38 AM,False,7484,Accepted,
29667774,0568000,LOUISVILLE METRO POLICE DEPT,Accepted,JEFFERSON,,1125,BERRY,BLVD,,,,,,,,38.196209040,-85.780980130,0.109,2/5/2022 12:00:00 AM,0603,2,2,0,0,CLOUDY,ICE,False,1 VEHICLE PARKED POSITION (NOT PARKING LOT/DRIVEWAY),SIDESWIPE-SAME DIRECTION,STRAIGHT & LEVEL,DARK-HWY LIGHTED/ON,,,2/7/2022 8:40:16 AM,False,5183,Accepted,
29667782,0568000,LOUISVILLE METRO POLICE DEPT,Accepted,JEFFERSON,,,SPRINGDALE,RD,,,,,,,,38.311873382,-85.583621111,0.621,2/5/2022 12:00:00 AM,1620,1,1,0,0,CLEAR,WET,False,OTHER COLLISIONS ON SHOULDER,SINGLE VEHICLE,CURVE & LEVEL,DAYLIGHT,,,2/7/2022 8:40:46 AM,False,7615,Accepted,
29667783,0568000,LOUISVILLE METRO POLICE DEPT,Accepted,JEFFERSON,,5700B,WATTERSON,TRL,S,,,,,,,38.166703470,-85.620157250,0.972,2/5/2022 12:00:00 AM,1511,2,2,0,1,CLEAR,DRY,False,SIDESWIPE COLLISION - SAME DIRECTION,SIDESWIPE-SAME DIRECTION,CURVE & LEVEL,DAYLIGHT,,,2/7/2022 8:40:50 AM,False,7739,Accepted,
29667781,0568000,LOUISVILLE METRO POLICE DEPT,Accepted,JEFFERSON,US0031W,,22ND,ST,S,,,,,,,38.234888633,-85.790392586,18.598,2/5/2022 12:00:00 AM,1540,4,4,0,1,CLEAR,ICE,True,1 VEHICLE ENTERING/LEAVING ENTRANCE,ANGLE,STRAIGHT & LEVEL,DAYLIGHT,,,2/7/2022 8:40:40 AM,False,5114,Accepted,
29667788,0568000,LOUISVILLE METRO POLICE DEPT,Accepted,JEFFERSON,KY0864,1040,LOGAN,ST,,,,,,,,38.235202752,-85.739616522,14.760,2/5/2022 12:00:00 AM,1702,4,1,0,2,CLEAR,ICE,False,OTHER COLLISIONS ON SHOULDER,SINGLE VEHICLE,STRAIGHT & LEVEL,DAYLIGHT,,,2/7/2022 8:41:24 AM,False,5175,Accepted,
29734658,0568000,LOUISVILLE METRO POLICE DEPT,Accepted,JEFFERSON,,7114,BUNGER,AVE,,,,,,,,38.049771253,-85.898337037,0.088,2/5/2022 12:00:00 AM,1709,1,1,0,0,CLEAR,DRY,False,COLLISION WITH FIXED OBJECT NON - INTERSECTION - FIRST EVENT COLLISION 09 - 32 EXCLUDING 16,SINGLE VEHICLE,STRAIGHT & LEVEL,DAYLIGHT,,,2/23/2022 8:14:51 AM,False,7524,Accepted,
29701154,0568000,LOUISVILLE METRO POLICE DEPT,Accepted,JEFFERSON,,,INGLE,AVE,,,,,WEISSER,KY2048,CANNONS,38.252183214,-85.669647107,0.031,2/5/2022 12:00:00 AM,1556,3,3,0,0,CLEAR,ICE,False,1 VEHICLE ENTERING/LEAVING ENTRANCE,ANGLE,STRAIGHT & LEVEL,DAYLIGHT,,,2/15/2022 8:13:21 AM,False,5006,Accepted,
29701179,0568000,LOUISVILLE METRO POLICE DEPT,Accepted,JEFFERSON,KY1747,,HURSTBOURNE,PKWY,,,,,,,,38.167680836,-85.606036192,7.388,2/5/2022 12:00:00 AM,2310,2,2,0,0,CLEAR,DRY,True,REAR END IN TRAFFIC LANES BOTH VEHICLES MOVING,REAR END,STRAIGHT & LEVEL,DARK-HWY LIGHTED/ON,,,2/15/2022 8:15:22 AM,False,7449,Accepted,
29788547,0568000,LOUISVILLE METRO POLICE DEPT,Accepted,JEFFERSON,US0150,,BROADWAY,,W,,16TH,,,,,38.248495991,-85.778240994,1.287,2/4/2022 12:00:00 AM,0730,3,3,0,1,SNOWING,SNOW/SLUSH,True,ANGLE COLLISION - OTHER,ANGLE,STRAIGHT & LEVEL,DAYLIGHT,,,3/8/2022 8:33:30 AM,False,7305,Accepted,
29667789,0568000,LOUISVILLE METRO POLICE DEPT,Accepted,JEFFERSON,,,BUTTERNUT,RD,,,TWIN OAK,,,,,38.167737431,-85.699136632,0.064,2/4/2022 12:00:00 AM,0830,2,2,0,0,SNOWING,ICE,True,OPPOSING LEFT TURN,OPPOSING LEFT TURN,STRAIGHT & LEVEL,DAYLIGHT,,,2/7/2022 8:41:29 AM,False,5027,Accepted,
29667755,0568000,LOUISVILLE METRO POLICE DEPT,Accepted,JEFFERSON,,,EASTMOOR,RD,,,,,,,,38.195143821,-85.683562825,0.168,2/4/2022 12:00:00 AM,1003,2,2,0,0,CLOUDY,SNOW/SLUSH,False,VEHICLE BACKING NON INTERSECTION,BACKING,STRAIGHT & LEVEL,DAYLIGHT,,,2/7/2022 8:39:10 AM,False,4693,Accepted,
29667756,0568000,LOUISVILLE METRO POLICE DEPT,Accepted,JEFFERSON,,9051,FERN CREEK,RD,,,,,FERNDALE,,ADENO,38.154194105,-85.592396361,0.499,2/4/2022 12:00:00 AM,1043,2,1,0,1,CLOUDY,SNOW/SLUSH,False,COLLISION WITH PEDESTRIAN NON - INTERSECTION,SINGLE VEHICLE,STRAIGHT & LEVEL,DAYLIGHT,,,2/7/2022 8:39:14 AM,False,2324,Accepted,
29667763,0568000,LOUISVILLE METRO POLICE DEPT,Accepted,JEFFERSON,,611,BRIAR HILL,RD,,,,,,,,38.244340371,-85.672807925,0.353,2/4/2022 12:00:00 AM,0500,1,1,0,0,CLEAR,SNOW/SLUSH,False,COLLISION WITH FIXED OBJECT NON - INTERSECTION - FIRST EVENT COLLISION 09 - 32 EXCLUDING 16,SINGLE VEHICLE,CURVE & HILLCREST,DAYLIGHT,,,2/7/2022 8:39:40 AM,False,5330,Accepted,
29667764,0568000,LOUISVILLE METRO POLICE DEPT,Accepted,JEFFERSON,KY0061,,PRESTON,HWY,,,ANTLE,,,,,38.087523019,-85.667557940,0.268,2/4/2022 12:00:00 AM,1850,2,2,0,0,CLEAR,WET,False,ANGLE COLLISION - OTHER,ANGLE,STRAIGHT & LEVEL,DARK-HWY LIGHTED/OFF,,,2/7/2022 8:39:44 AM,False,7914,Accepted,
29667765,0568000,LOUISVILLE METRO POLICE DEPT,Accepted,JEFFERSON,KY0841,,GENE SNYDER,FWY,,,,,,,,38.109773447,-85.805955915,4.304,2/4/2022 12:00:00 AM,1930,1,1,0,0,CLOUDY,WET,False,MEDIAN CROSS-OVER COLLISION ,SINGLE VEHICLE,STRAIGHT & LEVEL,DARK-HWY LIGHTED/ON,,,2/7/2022 8:39:47 AM,False,5048,Accepted,
29659960,0568000,LOUISVILLE METRO POLICE DEPT,Accepted,JEFFERSON,,,MERIWETHER,AVE,,,CLAY,,,,,38.227648481,-85.744505126,0.156,2/4/2022 12:00:00 AM,0330,1,1,0,0,SNOWING,ICE,False,COLLISION WITH FIXED OBJECT IN INTERSECTION - FIRST EVENT COLLISION 09 - 32,SINGLE VEHICLE,STRAIGHT & LEVEL,DARK-HWY LIGHTED/ON,,,2/4/2022 8:15:23 AM,False,5304,Accepted,
29667757,0568000,LOUISVILLE METRO POLICE DEPT,Accepted,JEFFERSON,KY0913,,BLANKENBAKER,PKWY,,KY0155,TAYLORSVILLE,,,,,38.187451976,-85.548192314,0.004,2/4/2022 12:00:00 AM,1515,2,2,0,0,CLOUDY,SNOW/SLUSH,True,ANGLE COLLISION - ONE VEHICLE TURNING LEFT,ANGLE,STRAIGHT & LEVEL,DAYLIGHT,,,2/7/2022 8:39:18 AM,False,7486,Accepted,
29667758,0568000,LOUISVILLE METRO POLICE DEPT,Accepted,JEFFERSON,KY2052,,SHEPHERDSVILLE,RD,,KY1747,FERN VALLEY,,,,,38.156386149,-85.659895341,1.197,2/4/2022 12:00:00 AM,1451,2,2,0,0,CLEAR,SNOW/SLUSH,False,ANGLE COLLISION - OTHER,ANGLE,STRAIGHT & LEVEL,DAYLIGHT,,,2/7/2022 8:39:21 AM,False,5276,Accepted,
29705948,0568000,LOUISVILLE METRO POLICE DEPT,Accepted,JEFFERSON,,,CEDAR,ST,,,19TH,,,,,38.255244330,-85.782077129,0.455,2/4/2022 12:00:00 AM,1455,1,1,0,0,CLOUDY,SNOW/SLUSH,False,COLLISION WITH FIXED OBJECT IN INTERSECTION - FIRST EVENT COLLISION 09 - 32,SINGLE VEHICLE,STRAIGHT & LEVEL,DAYLIGHT,,,2/16/2022 8:10:06 AM,False,2128,Accepted,
29681527,0568000,LOUISVILLE METRO POLICE DEPT,Accepted,JEFFERSON,US0031E,,MAIN,ST,W,,,,,,,38.256351685,-85.754528499,17.891,2/4/2022 12:00:00 AM,2200,2,2,0,0,CLEAR,ICE,False,REAR END IN TRAFFIC LANES BOTH VEHICLES MOVING,REAR END,STRAIGHT & LEVEL,DARK-HWY LIGHTED/ON,,,2/10/2022 8:31:08 AM,False,5122,Accepted,