IncidentID,AgencyORI,AgencyName,IncidentStatusDesc,County,RdwyNumber,Street,RoadwayName,StreetSfx,StreetDir,IntersectionRdwy,IntersectionRdwyName,BetweenStRdwy1,BetweenStRdwyName1,BetweenStRdwy2,BetweenStRdwyName2,Latitude,Longitude,Milepoint,CollisionDate,CollisionTime,UnitsInvolved,MotorVehiclesInvolved,NumberKilled,NumberInjured,Weather,RdwyConditionCode,HitandRun,DirAnalysisCode,MannerofCollision,RdwyCharacter,LightCondition,RampFromRdwyId,RampToRdwyId,AcceptedDate,IsSecondaryCollision,OwnerBadge,IncidentStatus,
29672196,0568000,LOUISVILLE METRO POLICE DEPT,Accepted,JEFFERSON,I 0264,,I264 W,,,,,,,,,38.187021906,-85.789784590,8.852,2/4/2022 12:00:00 AM,1107,1,1,0,1,CLOUDY,WET,False,OTHER ROADWAY OR MID-BLOCK COLLISION,SINGLE VEHICLE,CURVE & GRADE,DAYLIGHT,,,2/8/2022 8:09:48 AM,False,8278,Accepted,
29667768,0568000,LOUISVILLE METRO POLICE DEPT,Accepted,JEFFERSON,US0031W,,DIXIE,HWY,,,LOWER HUNTERS,,,,,38.156134008,-85.834644370,12.438,2/4/2022 12:00:00 AM,2003,2,2,0,2,CLEAR,ICE,False,OPPOSING LEFT TURN,OPPOSING LEFT TURN,STRAIGHT & LEVEL,DARK-HWY LIGHTED/ON,,,2/7/2022 8:39:58 AM,False,5059,Accepted,
29667775,0568000,LOUISVILLE METRO POLICE DEPT,Accepted,JEFFERSON,US0031,,CLARK MEMORIAL,BRG,,,,,,,,38.262379456,-85.751928434,0.430,2/4/2022 12:00:00 AM,1834,2,2,0,1,CLEAR,SNOW/SLUSH,False,1 VEHICLE ENTERING/LEAVING ENTRANCE,ANGLE,STRAIGHT & LEVEL,DAYLIGHT,,,2/7/2022 8:40:20 AM,False,5187,Accepted,
29660163,0561500,UNIV. OF LOUISVILLE POLICE,Accepted,JEFFERSON,,,WARNOCK,ST,,,,,,,,38.214957220,-85.757660488,0.506,2/4/2022 12:00:00 AM,0256,1,1,0,0,SLEET HAIL FREEZING RAIN,ICE,False,COLLISION WITH FIXED OBJECT NON - INTERSECTION - FIRST EVENT COLLISION 09 - 32 EXCLUDING 16,SINGLE VEHICLE,STRAIGHT & GRADE,DARK-HWY LIGHTED/ON,,,2/4/2022 9:47:49 AM,False,5717,Accepted,
29667752,0568000,LOUISVILLE METRO POLICE DEPT,Accepted,JEFFERSON,KY1531,6500,ROUTT,RD,,,,,,,,38.141507479,-85.465080898,2.983,2/4/2022 12:00:00 AM,1209,1,1,0,0,SNOWING,SNOW/SLUSH,False,COLLISION WITH FIXED OBJECT NON - INTERSECTION - FIRST EVENT COLLISION 09 - 32 EXCLUDING 16,SINGLE VEHICLE,STRAIGHT & LEVEL,DAYLIGHT,,,2/7/2022 8:38:56 AM,False,7698,Accepted,
29667759,0568000,LOUISVILLE METRO POLICE DEPT,Accepted,JEFFERSON,,,ALYSSUM,DR,,,BRAMBLE,,,,,38.142056203,-85.852298598,0.134,2/4/2022 12:00:00 AM,1455,2,2,0,0,CLOUDY,ICE,False,ANGLE COLLISION - OTHER,ANGLE,STRAIGHT & LEVEL,DAYLIGHT,,,2/7/2022 8:39:25 AM,False,7234,Accepted,
29667784,0568000,LOUISVILLE METRO POLICE DEPT,Accepted,JEFFERSON,KY1932,,BRECKENRIDGE,LN,,,HIKES,,,,,38.218204662,-85.628678109,2.689,2/4/2022 12:00:00 AM,1937,2,2,0,0,CLEAR,ICE,True,OTHER INTERSECTION COLLISIONS,REAR END,STRAIGHT & LEVEL,DARK-HWY LIGHTED/ON,,,2/7/2022 8:40:58 AM,False,5305,Accepted,
29667761,0568000,LOUISVILLE METRO POLICE DEPT,Accepted,JEFFERSON,I 0264,,I264 E,,,I 0064,I64 E EXIT19 TRANSIT,,,,,38.233204832,-85.627168659,18.515,2/4/2022 12:00:00 AM,1852,1,1,0,1,CLEAR,ICE,False,COLLISION WITH FIXED OBJECT IN INTERSECTION - FIRST EVENT COLLISION 09 - 32,SINGLE VEHICLE,STRAIGHT & LEVEL,DARK-HWY LIGHTED/OFF,,,2/7/2022 8:39:33 AM,False,7436,Accepted,
29667811,0568000,LOUISVILLE METRO POLICE DEPT,Accepted,JEFFERSON,,,7TH,ST,S,,,,,,,38.256175364,-85.761692537,2.699,2/4/2022 12:00:00 AM,1530,2,2,0,1,CLEAR,ICE,False,REAR END IN TRAFFIC LANES BOTH VEHICLES MOVING,REAR END,STRAIGHT & LEVEL,DAYLIGHT,,,2/7/2022 8:42:35 AM,False,5354,Accepted,
29659939,0568000,LOUISVILLE METRO POLICE DEPT,Accepted,JEFFERSON,I 0065,,I65 N,,,,,,,,,38.215768417,-85.752237552,133.139,2/3/2022 12:00:00 AM,1100,2,2,0,0,RAINING,WET,False,SIDESWIPE COLLISION - SAME DIRECTION,SIDESWIPE-SAME DIRECTION,STRAIGHT & LEVEL,DAYLIGHT,,,2/4/2022 8:14:08 AM,False,5401,Accepted,
29659947,0568000,LOUISVILLE METRO POLICE DEPT,Accepted,JEFFERSON,KY2053,,THIXTON,LN,,,,,HONEY,,OAK GROVE,38.089628842,-85.593771423,5.081,2/3/2022 12:00:00 AM,1016,2,2,0,2,RAINING,WET,False,HEAD-ON COLLISION,HEAD ON,CURVE & LEVEL,DAYLIGHT,,,2/4/2022 8:14:41 AM,False,2324,Accepted,
29659955,0568000,LOUISVILLE METRO POLICE DEPT,Accepted,JEFFERSON,KY0841,,GENE SNYDER,FWY,,,GREYLING,,,,,38.107018033,-85.812593958,3.895,2/3/2022 12:00:00 AM,1716,1,1,0,0,SLEET HAIL FREEZING RAIN,ICE,False,OTHER INTERSECTION COLLISIONS,SINGLE VEHICLE,STRAIGHT & LEVEL,DAYLIGHT,,,2/4/2022 8:15:07 AM,False,7356,Accepted,
29659963,0568000,LOUISVILLE METRO POLICE DEPT,Accepted,JEFFERSON,KY2052,,SHEPHERDSVILLE,RD,,,BUECHEL BANK,,,,,38.178755931,-85.659317198,2.770,2/3/2022 12:00:00 AM,0654,1,1,0,0,RAINING,WET,True,OTHER INTERSECTION COLLISIONS,SINGLE VEHICLE,STRAIGHT & LEVEL,DARK-HWY LIGHTED/ON,,,2/4/2022 8:15:35 AM,False,5346,Accepted,
29659949,0568000,LOUISVILLE METRO POLICE DEPT,Accepted,JEFFERSON,KY0864,,BEULAH CHURCH,RD,,,,I 0265,I265 E EXIT15 OFF RAMP TO KY864,I 0265,I265 E EXIT15 ON RAMP FROM KY864,38.123653727,-85.614775352,3.293,2/3/2022 12:00:00 AM,1456,2,2,0,1,RAINING,WET,False,OTHER ROADWAY OR MID-BLOCK COLLISION,OPPOSING LEFT TURN,STRAIGHT & LEVEL,DAYLIGHT,,,2/4/2022 8:14:45 AM,False,2324,Accepted,
29659957,0568000,LOUISVILLE METRO POLICE DEPT,Accepted,JEFFERSON,US0060,,SHELBYVILLE,RD,,,,,,,,38.244063482,-85.547034141,9.479,2/3/2022 12:00:00 AM,1930,2,2,0,0,SNOWING,ICE,False,1 VEHICLE ENTERING/LEAVING ENTRANCE,ANGLE,STRAIGHT & LEVEL,DARK-HWY LIGHTED/ON,,,2/4/2022 8:15:11 AM,False,7330,Accepted,
29667810,0568000,LOUISVILLE METRO POLICE DEPT,Accepted,JEFFERSON,,,BROADWAY,,W,,24TH,,,,,38.249412814,-85.791493979,0.177,2/3/2022 12:00:00 AM,1642,2,2,0,0,SLEET HAIL FREEZING RAIN,ICE,True,ANGLE COLLISION - OTHER,ANGLE,STRAIGHT & LEVEL,DUSK,,,2/7/2022 8:42:31 AM,False,5354,Accepted,
29696468,0568000,LOUISVILLE METRO POLICE DEPT,Accepted,JEFFERSON,I 0065,,I65 N,,,,,,,,,38.211353583,-85.752932506,132.848,2/3/2022 12:00:00 AM,1500,2,2,0,0,SLEET HAIL FREEZING RAIN,SNOW/SLUSH,False,1 VEHICLE ENTERING/LEAVING ENTRANCE,ANGLE,CURVE & GRADE,DAYLIGHT,,,2/14/2022 8:28:02 AM,False,7628,Accepted,
29672195,0568000,LOUISVILLE METRO POLICE DEPT,Accepted,JEFFERSON,I 0065,,I65 N,,,,,,,,,38.166470972,-85.720567265,128.920,2/3/2022 12:00:00 AM,1212,2,2,0,2,RAINING,WET,False,1 VEHICLE ENTERING/LEAVING ENTRANCE,ANGLE,STRAIGHT & LEVEL,DAYLIGHT,,,2/8/2022 8:09:44 AM,False,8278,Accepted,
29677048,0568000,LOUISVILLE METRO POLICE DEPT,Accepted,JEFFERSON,,,RIVER,RD,,,,,EDITH,,RIVER GREEN,38.270532013,-85.710412941,2.157,2/3/2022 12:00:00 AM,2100,1,1,0,0,SLEET HAIL FREEZING RAIN,SNOW/SLUSH,True,COLLISION WITH FIXED OBJECT NON - INTERSECTION - FIRST EVENT COLLISION 09 - 32 EXCLUDING 16,SINGLE VEHICLE,STRAIGHT & LEVEL,DARK-HWY LIGHTED/ON,,,2/9/2022 8:11:20 AM,False,7665,Accepted,
29659951,0568000,LOUISVILLE METRO POLICE DEPT,Accepted,JEFFERSON,I 0065,,I65 N,,,,,I 0065,I65 EXIT12 RAMP TO I65 N,I 0065,I65 N EXIT132 ON RAMP FROM  CRITTENDEN DR,38.206692341,-85.747160928,132.325,2/3/2022 12:00:00 AM,1713,1,1,0,0,SLEET HAIL FREEZING RAIN,ICE,False,COLLISION WITH FIXED OBJECT NON - INTERSECTION - FIRST EVENT COLLISION 09 - 32 EXCLUDING 16,SINGLE VEHICLE,STRAIGHT & GRADE,DAYLIGHT,,,2/4/2022 8:14:52 AM,False,5397,Accepted,
29659958,0568000,LOUISVILLE METRO POLICE DEPT,Accepted,JEFFERSON,,409,OAK,ST,W,,,,,,,38.235227247,-85.760519440,0.259,2/3/2022 12:00:00 AM,0844,2,1,0,1,RAINING,WET,False,COLLISION IN PARKING LOT,SINGLE VEHICLE,STRAIGHT & LEVEL,DAYLIGHT,,,2/4/2022 8:15:15 AM,False,5221,Accepted,
29659959,0568000,LOUISVILLE METRO POLICE DEPT,Accepted,JEFFERSON,,3711,WOODRUFF,AVE,,,,,,,,38.190298324,-85.784754464,0.325,2/3/2022 12:00:00 AM,1433,2,2,0,0,RAINING,SNOW/SLUSH,False,1 VEHICLE PARKED POSITION (NOT PARKING LOT/DRIVEWAY),REAR END,STRAIGHT & LEVEL,DAYLIGHT,,,2/4/2022 8:15:19 AM,False,5221,Accepted,
29660162,0561500,UNIV. OF LOUISVILLE POLICE,Accepted,JEFFERSON,,,RUGGLES,PL,,,,,,,,38.222785289,-85.766389664,0.084,2/3/2022 12:00:00 AM,2255,1,1,0,0,SLEET HAIL FREEZING RAIN,SNOW/SLUSH,False,COLLISION IN PARKING LOT,SINGLE VEHICLE,STRAIGHT & LEVEL,DARK (UNKNOWN ROADWAY LIGHTING),,,2/4/2022 9:47:44 AM,False,5708,Accepted,
29659943,0568000,LOUISVILLE METRO POLICE DEPT,Accepted,JEFFERSON,,,ROOSEVELT,AVE,,,,,,,,38.192428380,-85.720133299,0.247,2/3/2022 12:00:00 AM,0836,2,2,0,0,RAINING,WET,True,1 VEHICLE PARKED POSITION (NOT PARKING LOT/DRIVEWAY),REAR END,STRAIGHT & LEVEL,DARK (UNKNOWN ROADWAY LIGHTING),,,2/4/2022 8:14:24 AM,False,4693,Accepted,
29657954,0568000,LOUISVILLE METRO POLICE DEPT,Accepted,JEFFERSON,I 0065,,I65 S,,,,,,,,,38.209873079,-85.753045951,132.743,2/3/2022 12:00:00 AM,0820,2,2,0,0,CLOUDY,WET,False,REAR END IN TRAFFIC LANES BOTH VEHICLES MOVING,REAR END,CURVE & GRADE,DAYLIGHT,,,2/3/2022 1:19:54 PM,False,5401,Accepted,
29659944,0568000,LOUISVILLE METRO POLICE DEPT,Accepted,JEFFERSON,,21,HAWTHORN,HL,,,BARRET,,,,,38.228163192,-85.724092061,0.106,2/3/2022 12:00:00 AM,1257,2,2,0,0,RAINING,WET,False,1 VEHICLE PARKED POSITION (NOT PARKING LOT/DRIVEWAY),SIDESWIPE-OPPOSITE DIRECTION,STRAIGHT & HILLCREST,DAYLIGHT,,,2/4/2022 8:14:27 AM,False,5416,Accepted,
29659953,0568000,LOUISVILLE METRO POLICE DEPT,Accepted,JEFFERSON,KY1931,,MANSLICK,RD,,,HOLLY PARK,,,,,38.159606893,-85.798002743,5.836,2/3/2022 12:00:00 AM,1727,1,1,0,0,SLEET HAIL FREEZING RAIN,ICE,True,COLLISION WITH FIXED OBJECT IN INTERSECTION - FIRST EVENT COLLISION 09 - 32,SINGLE VEHICLE,STRAIGHT & LEVEL,DAYLIGHT,,,2/4/2022 8:15:00 AM,False,7485,Accepted,
29659942,0568000,LOUISVILLE METRO POLICE DEPT,Accepted,JEFFERSON,KY0061,,PRESTON,HWY,,,,,,,,38.206647461,-85.737484581,9.458,2/3/2022 12:00:00 AM,0942,2,2,0,2,RAINING,WET,False,1 VEHICLE ENTERING/LEAVING ENTRANCE,ANGLE,STRAIGHT & LEVEL,DAYLIGHT,,,2/4/2022 8:14:20 AM,False,4693,Accepted,
29656886,0568000,LOUISVILLE METRO POLICE DEPT,Accepted,JEFFERSON,KY0061,,PRESTON,HWY,,KY1450,BLUE LICK,,,,,38.133789078,-85.684210256,3.620,2/3/2022 12:00:00 AM,0412,2,2,0,1,RAINING,WET,False,ANGLE COLLISION - OTHER,ANGLE,STRAIGHT & LEVEL,DARK-HWY LIGHTED/ON,,,2/3/2022 7:46:20 AM,False,5264,Accepted,
29701166,0568000,LOUISVILLE METRO POLICE DEPT,Accepted,JEFFERSON,,4200,CHENOWETH RUN,RD,,,,,EASUM,,TARRENCE,38.165471124,-85.549134895,2.462,2/3/2022 12:00:00 AM,1745,1,1,1,0,SLEET HAIL FREEZING RAIN,ICE,False,RAN OFF ROADWAY (1 VEHICLE WITH/EARTH EMBANKMENT/DITCH),SINGLE VEHICLE,CURVE & LEVEL,DUSK,,,2/15/2022 8:14:32 AM,False,7772,Accepted,
30263232,0568000,LOUISVILLE METRO POLICE DEPT,Accepted,JEFFERSON,,,26TH,ST,S,,VIRGINIA,,,,,38.237787224,-85.796269742,1.595,2/2/2022 12:00:00 AM,0033,2,2,0,2,CLEAR,DRY,False,ANGLE COLLISION - OTHER,ANGLE,STRAIGHT & GRADE,DARK-HWY LIGHTED/ON,,,7/5/2022 8:39:17 AM,False,5353,Accepted,
30263238,0568000,LOUISVILLE METRO POLICE DEPT,Accepted,JEFFERSON,KY0061,,PRESTON,HWY,,KY1065,OUTER,,,,,38.138446887,-85.686756275,3.940,2/2/2022 12:00:00 AM,2246,2,2,0,3,CLEAR,DRY,False,ANGLE COLLISION - OTHER,ANGLE,STRAIGHT & LEVEL,DARK-HWY NOT LIGHTED,,,7/5/2022 8:39:43 AM,False,7106,Accepted,
29658272,0560300,ST. MATTHEWS POLICE DEPARTMENT,Accepted,JEFFERSON,US0060,5000,SHELBYVILLE,RD,,,TEN PIN,,,,,38.250031712,-85.623705582,5.307,2/2/2022 12:00:00 AM,2035,2,2,0,0,RAINING,WET,True,COLLISION IN PARKING LOT,SIDESWIPE-SAME DIRECTION,STRAIGHT & LEVEL,UNKNOWN,,,2/3/2022 3:00:29 PM,False,9187,Accepted,
29659941,0568000,LOUISVILLE METRO POLICE DEPT,Accepted,JEFFERSON,KY2251,,BARDSTOWN,RD,,,,,,,,38.198607056,-85.659212163,0.990,2/2/2022 12:00:00 AM,1400,2,2,0,0,CLOUDY,WET,False,1 VEHICLE ENTERING/LEAVING ENTRANCE,ANGLE,STRAIGHT & LEVEL,DAYLIGHT,,,2/4/2022 8:14:16 AM,False,4693,Accepted,
29656876,0568000,LOUISVILLE METRO POLICE DEPT,Accepted,JEFFERSON,US0031W,,22ND,ST,S,,HILL,,,,,38.228927028,-85.792878572,18.156,2/2/2022 12:00:00 AM,1308,2,2,0,0,RAINING,WET,True,ANGLE COLLISION - OTHER,ANGLE,STRAIGHT & LEVEL,DAYLIGHT,,,2/3/2022 7:45:42 AM,False,5387,Accepted,
29656877,0568000,LOUISVILLE METRO POLICE DEPT,Accepted,JEFFERSON,KY1727,,TERRY,RD,,,CHILDERS,,,,,38.157843100,-85.867690153,2.531,2/2/2022 12:00:00 AM,1813,2,2,0,1,RAINING,WET,False,ANGLE COLLISION - ONE VEHICLE TURNING RIGHT,ANGLE,STRAIGHT & LEVEL,DARK-HWY NOT LIGHTED,,,2/3/2022 7:45:46 AM,False,7427,Accepted,
29656878,0568000,LOUISVILLE METRO POLICE DEPT,Accepted,JEFFERSON,KY1931,,GREENWOOD,RD,,KY1727,TERRY,,,,,38.144691923,-85.871930924,1.388,2/2/2022 12:00:00 AM,0822,2,2,0,1,RAINING,WET,False,OTHER INTERSECTION COLLISIONS,REAR END,STRAIGHT & LEVEL,DAYLIGHT,,,2/3/2022 7:45:49 AM,False,5413,Accepted,
29656885,0568000,LOUISVILLE METRO POLICE DEPT,Accepted,JEFFERSON,KY1065,8610,BEULAH CHURCH,RD,,,,,,,,38.139860012,-85.600643816,10.753,2/2/2022 12:00:00 AM,2352,1,1,0,0,RAINING,WET,False,OTHER COLLISIONS ON SHOULDER,SINGLE VEHICLE,STRAIGHT & LEVEL,DARK-HWY NOT LIGHTED,,,2/3/2022 7:46:16 AM,False,7106,Accepted,
29656868,0568000,LOUISVILLE METRO POLICE DEPT,Accepted,JEFFERSON,KY1703,,NEWBURG,RD,,,INDIAN,,,,,38.184495193,-85.665367659,0.508,2/2/2022 12:00:00 AM,1629,3,3,0,1,RAINING,WET,False,OPPOSING LEFT TURN,OPPOSING LEFT TURN,STRAIGHT & LEVEL,DAYLIGHT,,,2/3/2022 7:45:26 AM,False,5233,Accepted,
29656860,0568000,LOUISVILLE METRO POLICE DEPT,Accepted,JEFFERSON,US0042,,BROWNSBORO,RD,,CS1156B,CRESCENT,,,,,38.260143039,-85.687475216,2.648,2/2/2022 12:00:00 AM,1149,2,2,0,0,RAINING,WET,False,OTHER ROADWAY OR MID-BLOCK COLLISION,OPPOSING LEFT TURN,STRAIGHT & LEVEL,DAYLIGHT,,,2/3/2022 7:44:50 AM,False,5416,Accepted,
29656867,0568000,LOUISVILLE METRO POLICE DEPT,Accepted,JEFFERSON,KY0061,,PRESTON,HWY,,,MILES,,,,,38.124363764,-85.679149793,2.916,2/2/2022 12:00:00 AM,1600,3,3,0,1,CLEAR,WET,False,ANGLE COLLISION - OTHER,ANGLE,STRAIGHT & LEVEL,DAYLIGHT,,,2/3/2022 7:45:21 AM,False,5101,Accepted,
29656875,0568000,LOUISVILLE METRO POLICE DEPT,Accepted,JEFFERSON,US0031E,,BARDSTOWN,RD,,,,,,,,38.201078894,-85.663312055,11.214,2/2/2022 12:00:00 AM,1600,2,2,0,0,CLOUDY,WET,False,1 VEHICLE ENTERING/LEAVING ENTRANCE,ANGLE,STRAIGHT & LEVEL,DAYLIGHT,,,2/3/2022 7:45:38 AM,False,7864,Accepted,
29656883,0568000,LOUISVILLE METRO POLICE DEPT,Accepted,JEFFERSON,,,JEFFERSON,ST,W,,13TH,,,,,38.255495295,-85.771945304,1.091,2/2/2022 12:00:00 AM,1508,2,2,0,2,CLOUDY,WET,False,ANGLE COLLISION - OTHER,ANGLE,STRAIGHT & LEVEL,DAYLIGHT,,,2/3/2022 7:46:08 AM,True,5338,Accepted,
29659950,0568000,LOUISVILLE METRO POLICE DEPT,Accepted,JEFFERSON,,,1ST,ST,S,,JEFFERSON,,,,,38.253304308,-85.752100299,0.191,2/2/2022 12:00:00 AM,0930,2,2,0,0,RAINING,WET,False,ANGLE COLLISION - ONE VEHICLE TURNING LEFT,ANGLE,STRAIGHT & LEVEL,DAYLIGHT,,,2/4/2022 8:14:49 AM,False,5335,Accepted,
29653285,0568000,LOUISVILLE METRO POLICE DEPT,Accepted,JEFFERSON,,1600,11TH,ST,S,,,,,,,38.225041199,-85.774411758,1.914,2/2/2022 12:00:00 AM,0057,1,1,0,0,CLEAR,DRY,True,COLLISION WITH FIXED OBJECT NON - INTERSECTION - FIRST EVENT COLLISION 09 - 32 EXCLUDING 16,SINGLE VEHICLE,STRAIGHT & LEVEL,DARK-HWY LIGHTED/ON,,,2/2/2022 8:23:07 AM,False,5183,Accepted,
29656866,0568000,LOUISVILLE METRO POLICE DEPT,Accepted,JEFFERSON,,,BERNHEIM,LN,,,16TH,,,,,38.220103924,-85.781378275,0.653,2/2/2022 12:00:00 AM,1334,2,2,0,0,RAINING,WET,True,HEAD-ON COLLISION,HEAD ON,STRAIGHT & LEVEL,DAYLIGHT,,,2/3/2022 7:45:18 AM,False,5232,Accepted,
29653283,0568000,LOUISVILLE METRO POLICE DEPT,Accepted,JEFFERSON,KY0146,,LA GRANGE,RD,,I 0265,I265 N EXIT30 ON RAMP FROM KY146,,,,,38.286509128,-85.514057624,7.344,2/2/2022 12:00:00 AM,0528,2,2,0,0,RAINING,WET,False,ANGLE COLLISION - OTHER,ANGLE,STRAIGHT & LEVEL,DARK-HWY NOT LIGHTED,,,2/2/2022 8:23:00 AM,False,5289,Accepted,
29672929,0568000,LOUISVILLE METRO POLICE DEPT,Accepted,JEFFERSON,KY0061,,PRESTON,HWY,,,MILES,,,,,38.124363764,-85.679149793,2.916,2/2/2022 12:00:00 AM,1555,2,1,0,0,CLEAR,WET,False,OTHER INTERSECTION COLLISIONS,REAR END,STRAIGHT & LEVEL,DAYLIGHT,,,2/8/2022 11:00:35 AM,False,5101,Accepted,
29677030,0568000,LOUISVILLE METRO POLICE DEPT,Accepted,JEFFERSON,US0150,,BROADWAY,,W,,,,8TH,,9TH,38.246850231,-85.766043325,1.963,2/2/2022 12:00:00 AM,0742,2,2,0,0,RAINING,WET,False,OTHER ROADWAY OR MID-BLOCK COLLISION,REAR END,STRAIGHT & LEVEL,DAYLIGHT,,,2/9/2022 8:10:02 AM,False,5415,Accepted,
29672211,0568000,LOUISVILLE METRO POLICE DEPT,Accepted,JEFFERSON,,,MUHAMMAD ALI,BLVD,E,KY0061,PRESTON,,,,,38.249973917,-85.746801313,0.723,2/2/2022 12:00:00 AM,1738,3,3,0,1,RAINING,WET,False,ANGLE COLLISION - OTHER,ANGLE,STRAIGHT & LEVEL,DAYLIGHT,,,2/8/2022 8:10:55 AM,False,7904,Accepted,
29672194,0568000,LOUISVILLE METRO POLICE DEPT,Accepted,JEFFERSON,I 0264,,I264 W,,,,,,,,,38.191101970,-85.718380834,12.690,2/2/2022 12:00:00 AM,0905,2,2,0,0,RAINING,WET,True,SIDESWIPE COLLISION - SAME DIRECTION,SIDESWIPE-SAME DIRECTION,CURVE & GRADE,DAYLIGHT,,,2/8/2022 8:09:40 AM,False,8278,Accepted,
29672189,0568000,LOUISVILLE METRO POLICE DEPT,Accepted,JEFFERSON,I 0065,,I65 S,,,,,,,,,38.263746681,-85.743220603,136.824,2/2/2022 12:00:00 AM,1822,2,2,0,1,CLEAR,WET,False,REAR END IN TRAFFIC LANES BOTH VEHICLES MOVING,REAR END,STRAIGHT & LEVEL,DARK (UNKNOWN ROADWAY LIGHTING),,,2/8/2022 8:09:22 AM,False,5173,Accepted,
29659018,0565000,LYNDON POLICE DEPARTMENT,Accepted,JEFFERSON,US0060,9409,SHELBYVILLE,RD,,,,,,,,38.246607435,-85.577081808,7.873,2/2/2022 12:00:00 AM,1700,2,2,0,0,RAINING,WET,False,COLLISION IN PARKING LOT,ANGLE,STRAIGHT & LEVEL,DARK-HWY LIGHTED/ON,,,2/3/2022 7:24:29 PM,False,1349,Accepted,
29659940,0568000,LOUISVILLE METRO POLICE DEPT,Accepted,JEFFERSON,KY1065,,OUTER,LOOP,,,,,,,,38.138107787,-85.678662691,6.502,2/2/2022 12:00:00 AM,1250,2,2,0,0,CLOUDY,DRY,False,REAR END IN TRAFFIC LANES BOTH VEHICLES MOVING,REAR END,STRAIGHT & LEVEL,DAYLIGHT,,,2/4/2022 8:14:12 AM,False,4693,Accepted,
29656872,0568000,LOUISVILLE METRO POLICE DEPT,Accepted,JEFFERSON,,,CENTRAL,AVE,,,FLOYD,,,,,38.203119079,-85.757113292,0.350,2/2/2022 12:00:00 AM,1708,2,2,0,0,RAINING,WET,False,ANGLE COLLISION - OTHER,ANGLE,STRAIGHT & GRADE,DUSK,,,2/3/2022 7:45:31 AM,False,7257,Accepted,
29656879,0568000,LOUISVILLE METRO POLICE DEPT,Accepted,JEFFERSON,KY0907,,3RD ST,RD,,,CLAYBORNE,,,,,38.141486943,-85.780620112,5.882,2/2/2022 12:00:00 AM,0356,1,1,0,0,CLOUDY,WET,False,COLLISION WITH FIXED OBJECT IN INTERSECTION - FIRST EVENT COLLISION 09 - 32,SINGLE VEHICLE,STRAIGHT & GRADE,DAYLIGHT,,,2/3/2022 7:45:53 AM,True,5409,Accepted,
29656887,0568000,LOUISVILLE METRO POLICE DEPT,Accepted,JEFFERSON,US0031E,,BARDSTOWN,RD,,,WAHL ST BLVD,,,,,38.187247271,-85.637866292,9.437,2/2/2022 12:00:00 AM,1858,2,2,0,0,RAINING,WET,False,OPPOSING LEFT TURN,OPPOSING LEFT TURN,STRAIGHT & HILLCREST,DARK-HWY LIGHTED/ON,,,2/3/2022 7:46:24 AM,False,7304,Accepted,
29656888,0568000,LOUISVILLE METRO POLICE DEPT,Accepted,JEFFERSON,,,MARKET,ST,W,US0031W,22ND,,,,,38.258612197,-85.786648425,0.007,2/2/2022 12:00:00 AM,2339,2,2,0,2,RAINING,WET,False,ANGLE COLLISION - OTHER,ANGLE,STRAIGHT & LEVEL,DARK-HWY LIGHTED/ON,,,2/3/2022 7:46:28 AM,False,5367,Accepted,
29656857,0568000,LOUISVILLE METRO POLICE DEPT,Accepted,JEFFERSON,I 0264,,I264 W,,,,,,,,,38.201088923,-85.695040993,14.172,2/2/2022 12:00:00 AM,0716,4,4,0,0,RAINING,WET,False,SIDESWIPE COLLISION - SAME DIRECTION,SIDESWIPE-SAME DIRECTION,STRAIGHT & LEVEL,DAWN,,,2/3/2022 7:44:39 AM,False,4903,Accepted,
29656863,0568000,LOUISVILLE METRO POLICE DEPT,Accepted,JEFFERSON,KY2803,,ARTHUR,ST,,,WARNOCK,,,,,38.214372919,-85.752903568,0.275,2/2/2022 12:00:00 AM,1045,3,3,0,0,RAINING,WET,False,ANGLE COLLISION - OTHER,ANGLE,STRAIGHT & LEVEL,OTHER,,,2/3/2022 7:45:05 AM,False,5120,Accepted,
29656864,0568000,LOUISVILLE METRO POLICE DEPT,Accepted,JEFFERSON,KY0061,,PRESTON,HWY,,,,,,,,38.187573295,-85.725048372,7.986,2/2/2022 12:00:00 AM,0728,2,2,0,0,RAINING,WET,False,OTHER ROADWAY OR MID-BLOCK COLLISION,OPPOSING LEFT TURN,STRAIGHT & LEVEL,DARK (UNKNOWN ROADWAY LIGHTING),,,2/3/2022 7:45:09 AM,False,4693,Accepted,
29653279,0568000,LOUISVILLE METRO POLICE DEPT,Accepted,JEFFERSON,KY1931,,GREENWOOD,RD,,,BEECHLAND,,,,,38.143770806,-85.846820628,2.747,2/2/2022 12:00:00 AM,0001,2,2,0,0,CLEAR,DRY,True,ANGLE COLLISION - OTHER,ANGLE,STRAIGHT & LEVEL,DARK-HWY LIGHTED/ON,,,2/2/2022 8:22:44 AM,False,7992,Accepted,