IncidentID,AgencyORI,AgencyName,IncidentStatusDesc,County,RdwyNumber,Street,RoadwayName,StreetSfx,StreetDir,IntersectionRdwy,IntersectionRdwyName,BetweenStRdwy1,BetweenStRdwyName1,BetweenStRdwy2,BetweenStRdwyName2,Latitude,Longitude,Milepoint,CollisionDate,CollisionTime,UnitsInvolved,MotorVehiclesInvolved,NumberKilled,NumberInjured,Weather,RdwyConditionCode,HitandRun,DirAnalysisCode,MannerofCollision,RdwyCharacter,LightCondition,RampFromRdwyId,RampToRdwyId,AcceptedDate,IsSecondaryCollision,OwnerBadge,IncidentStatus,
29656873,0568000,LOUISVILLE METRO POLICE DEPT,Accepted,JEFFERSON,,,1ST,ST,S,US0031E,MARKET,,,,,38.254179973,-85.751891493,0.132,2/2/2022 12:00:00 AM,1730,3,3,0,0,RAINING,WET,False,ANGLE COLLISION - OTHER,ANGLE,STRAIGHT & LEVEL,DUSK,,,2/3/2022 7:45:35 AM,True,7862,Accepted,
29656881,0568000,LOUISVILLE METRO POLICE DEPT,Accepted,JEFFERSON,,,KENWOOD,DR,W,,3RD,,,,,38.161603873,-85.772005766,0.362,2/2/2022 12:00:00 AM,1329,1,1,0,1,CLOUDY,WET,False,OTHER INTERSECTION COLLISIONS,SINGLE VEHICLE,CURVE & LEVEL,DAYLIGHT,,,2/3/2022 7:46:00 AM,False,7234,Accepted,
29656882,0568000,LOUISVILLE METRO POLICE DEPT,Accepted,JEFFERSON,KY1020,,NATIONAL,TPKE,,,,,,,,38.121542435,-85.747374226,3.302,2/2/2022 12:00:00 AM,1723,2,2,0,0,RAINING,WET,False,1 VEHICLE ENTERING/LEAVING ENTRANCE,ANGLE,STRAIGHT & LEVEL,DAYLIGHT,,,2/3/2022 7:46:04 AM,False,7234,Accepted,
29659954,0568000,LOUISVILLE METRO POLICE DEPT,Accepted,JEFFERSON,KY0061,,PRESTON,ST,S,,ST CATHERINE,,,,,38.236222008,-85.749107377,11.619,2/2/2022 12:00:00 AM,1957,2,2,0,0,RAINING,WET,False,ANGLE COLLISION - OTHER,ANGLE,STRAIGHT & LEVEL,DARK-HWY LIGHTED/ON,,,2/4/2022 8:15:03 AM,False,5349,Accepted,
29659946,0568000,LOUISVILLE METRO POLICE DEPT,Accepted,JEFFERSON,US0031E,,MAIN,ST,E,,HANCOCK,,,,,38.254992279,-85.741801312,17.232,2/2/2022 12:00:00 AM,1700,2,2,0,0,RAINING,WET,False,SIDESWIPE-SAME DIRECTION,SIDESWIPE-SAME DIRECTION,STRAIGHT & LEVEL,DAYLIGHT,,,2/4/2022 8:14:37 AM,False,7058,Accepted,
29667770,0568000,LOUISVILLE METRO POLICE DEPT,Accepted,JEFFERSON,I 0065,,I65 S,,,,,,,,,38.146729489,-85.712095429,127.453,2/1/2022 12:00:00 AM,2350,3,3,0,0,CLEAR,DRY,True,OTHER COLLISIONS ON SHOULDER,SIDESWIPE-SAME DIRECTION,STRAIGHT & LEVEL,DARK-HWY LIGHTED/ON,,,2/7/2022 8:40:06 AM,False,5236,Accepted,
29667826,0568000,LOUISVILLE METRO POLICE DEPT,Accepted,JEFFERSON,US0060A,3340,TAYLOR,BLVD,,,,,,,,38.200273915,-85.782598256,1.765,2/1/2022 12:00:00 AM,0020,2,2,0,2,CLEAR,DRY,False,HEAD-ON COLLISION,HEAD ON,STRAIGHT & LEVEL,DUSK,,,2/7/2022 8:43:17 AM,False,7291,Accepted,
29653271,0568000,LOUISVILLE METRO POLICE DEPT,Accepted,JEFFERSON,US0031W,,DIXIE,HWY,,,BRICK KILN,,,,,38.170490740,-85.826850812,13.457,2/1/2022 12:00:00 AM,1140,2,2,0,0,CLEAR,DRY,False,SIDESWIPE-SAME DIRECTION,SIDESWIPE-SAME DIRECTION,STRAIGHT & LEVEL,DAYLIGHT,,,2/2/2022 8:22:05 AM,False,5402,Accepted,
29653277,0568000,LOUISVILLE METRO POLICE DEPT,Accepted,JEFFERSON,KY1865,,NEW CUT,RD,,KY1142,PALATKA,,,,,38.150810013,-85.776380441,3.008,2/1/2022 12:00:00 AM,2035,3,3,0,1,CLEAR,DRY,False,ANGLE COLLISION - OTHER,ANGLE,STRAIGHT & LEVEL,DARK-HWY LIGHTED/ON,,,2/2/2022 8:22:36 AM,False,5312,Accepted,
29653278,0568000,LOUISVILLE METRO POLICE DEPT,Accepted,JEFFERSON,,,24TH,ST,N,,LYTLE,,,,,38.269213459,-85.787631796,0.612,2/1/2022 12:00:00 AM,1715,2,2,0,0,CLEAR,DRY,True,ANGLE COLLISION - ONE VEHICLE TURNING LEFT,ANGLE,STRAIGHT & LEVEL,DAYLIGHT,,,2/2/2022 8:22:41 AM,False,7862,Accepted,
29653264,0568000,LOUISVILLE METRO POLICE DEPT,Accepted,JEFFERSON,I 0064,,I64 W,,,,,,,,,38.247254459,-85.700320307,7.816,2/1/2022 12:00:00 AM,0738,2,2,0,1,CLEAR,DRY,True,REAR END IN TRAFFIC LANES BOTH VEHICLES MOVING,REAR END,STRAIGHT & LEVEL,DAYLIGHT,,,2/2/2022 8:21:31 AM,False,5301,Accepted,
29653272,0568000,LOUISVILLE METRO POLICE DEPT,Accepted,JEFFERSON,,,SOUTHGATE,AVE,,US0060A,TAYLOR,,,,,38.201435032,-85.782290700,,2/1/2022 12:00:00 AM,1703,2,2,0,1,CLEAR,DRY,False,ANGLE COLLISION - OTHER,ANGLE,CURVE & LEVEL,DUSK,,,2/2/2022 8:22:09 AM,False,7435,Accepted,
29653280,0568000,LOUISVILLE METRO POLICE DEPT,Accepted,JEFFERSON,,,28TH,ST,S,,GARLAND,,,,,38.244955174,-85.799031398,1.116,2/1/2022 12:00:00 AM,2016,2,2,0,1,CLEAR,DRY,True,ANGLE COLLISION - OTHER,ANGLE,STRAIGHT & LEVEL,DARK-HWY LIGHTED/ON,,,2/2/2022 8:22:48 AM,False,5303,Accepted,
29672205,0568000,LOUISVILLE METRO POLICE DEPT,Accepted,JEFFERSON,,7100,RAGGARD,RD,,,,,,,,38.172125544,-85.868888079,0.211,2/1/2022 12:00:00 AM,1249,2,1,1,0,CLEAR,DRY,False,COLLISION WITH PEDESTRIAN NON - INTERSECTION,SINGLE VEHICLE,STRAIGHT & LEVEL,DAYLIGHT,,,2/8/2022 8:10:27 AM,False,2217,Accepted,
29667828,0568000,LOUISVILLE METRO POLICE DEPT,Accepted,JEFFERSON,KY1020,,2ND,ST,S,,HILL,,,,,38.225675101,-85.758580031,10.692,2/1/2022 12:00:00 AM,2214,2,2,0,0,CLEAR,DRY,False,ANGLE COLLISION - OTHER,ANGLE,STRAIGHT & LEVEL,DARK-HWY LIGHTED/ON,,,2/7/2022 8:43:27 AM,False,5196,Accepted,
29677054,0568000,LOUISVILLE METRO POLICE DEPT,Accepted,JEFFERSON,KY1142,,PALATKA,RD,,,PARK,,,,,38.151926291,-85.784412675,0.975,2/1/2022 12:00:00 AM,0814,2,2,0,0,CLEAR,DRY,False,ANGLE COLLISION - OTHER,ANGLE,STRAIGHT & LEVEL,DAYLIGHT,,,2/9/2022 8:11:45 AM,False,5413,Accepted,
29653237,0568000,LOUISVILLE METRO POLICE DEPT,Accepted,JEFFERSON,I 0064,,I64 TURN AROUND7,,,I 0064,I64 W,,,,,38.250361313,-85.712704069,0.005,2/1/2022 12:00:00 AM,0722,2,2,0,2,CLEAR,DRY,False,ANGLE COLLISION - OTHER,ANGLE,STRAIGHT & LEVEL,DARK-HWY LIGHTED/ON,,,2/2/2022 8:20:26 AM,False,7720,Accepted,
29653261,0568000,LOUISVILLE METRO POLICE DEPT,Accepted,JEFFERSON,KY1020,,3RD,ST,S,,CENTRAL,,,,,38.205184733,-85.763853499,9.502,2/1/2022 12:00:00 AM,1616,2,2,0,0,CLEAR,DRY,False,OPPOSING LEFT TURN,OPPOSING LEFT TURN,STRAIGHT & LEVEL,DAYLIGHT,,,2/2/2022 8:21:11 AM,False,7872,Accepted,
29653262,0568000,LOUISVILLE METRO POLICE DEPT,Accepted,JEFFERSON,KY1931,,GREENWOOD,RD,,KY1727,TERRY,,,,,38.144688596,-85.872015354,1.392,2/1/2022 12:00:00 AM,1521,2,2,0,0,CLEAR,DRY,False,OTHER INTERSECTION COLLISIONS,REAR END,STRAIGHT & LEVEL,DAYLIGHT,,,2/2/2022 8:21:21 AM,False,5422,Accepted,
29653270,0568000,LOUISVILLE METRO POLICE DEPT,Accepted,JEFFERSON,,,FERNDALE,RD,,,WATTERSON,,,,,38.156304244,-85.614638943,1.357,2/1/2022 12:00:00 AM,1654,2,2,0,0,CLEAR,DRY,False,ANGLE COLLISION - OTHER,ANGLE,STRAIGHT & LEVEL,DAYLIGHT,,,2/2/2022 8:22:00 AM,False,7484,Accepted,
29648600,0568000,LOUISVILLE METRO POLICE DEPT,Accepted,JEFFERSON,I 0065,@129,I65 N,,,,,I 0065,I65 N EXIT128 ON RAMP FROM KY1631,I 0065,I65 N EXIT130 OFF RAMP TO KY61,38.167110976,-85.720446289,128.964,2/1/2022 12:00:00 AM,0201,1,1,0,1,CLEAR,DRY,False,COLLISION WITH FIXED OBJECT NON - INTERSECTION - FIRST EVENT COLLISION 09 - 32 EXCLUDING 16,SINGLE VEHICLE,STRAIGHT & LEVEL,DARK-HWY LIGHTED/ON,,,2/1/2022 8:25:09 AM,False,5315,Accepted,
29653247,0568000,LOUISVILLE METRO POLICE DEPT,Accepted,JEFFERSON,I 0064,,I64 E,,,I 0064,I64 E EXIT8 OFF RAMP TO  GRINSTEAD DR,,,,,38.248140129,-85.702699099,7.938,2/1/2022 12:00:00 AM,0651,5,5,0,3,CLEAR,DRY,False,SIDESWIPE-SAME DIRECTION,SIDESWIPE-SAME DIRECTION,CURVE & LEVEL,DARK-HWY LIGHTED/ON,,,2/2/2022 8:20:45 AM,True,7720,Accepted,
29653263,0568000,LOUISVILLE METRO POLICE DEPT,Accepted,JEFFERSON,KY2053,,MT WASHINGTON,RD,,KY0061,PRESTON,,,,,38.092858693,-85.669051058,0.001,2/1/2022 12:00:00 AM,1159,2,2,0,1,CLEAR,DRY,False,ANGLE COLLISION - OTHER,ANGLE,STRAIGHT & LEVEL,DAYLIGHT,,,2/2/2022 8:21:27 AM,False,7272,Accepted,
29670421,0565000,LYNDON POLICE DEPARTMENT,Accepted,JEFFERSON,KY1447,,WESTPORT,RD,,,,,,,,38.278844649,-85.596282704,3.774,2/1/2022 12:00:00 AM,0720,2,2,0,17,CLEAR,DRY,False,1 VEHICLE ENTERING/LEAVING ENTRANCE,ANGLE,STRAIGHT & LEVEL,DAYLIGHT,,,2/7/2022 6:32:52 PM,False,1388,Accepted,
29653281,0568000,LOUISVILLE METRO POLICE DEPT,Accepted,JEFFERSON,US0150,,DR W J HODGE,ST,,US0031W,MAIN,,,,,38.259739087,-85.784684006,0.762,2/1/2022 12:00:00 AM,2205,2,2,0,0,CLEAR,DRY,True,ANGLE COLLISION - OTHER,ANGLE,STRAIGHT & LEVEL,DARK-HWY LIGHTED/ON,,,2/2/2022 8:22:51 AM,False,5135,Accepted,
29653273,0568000,LOUISVILLE METRO POLICE DEPT,Accepted,JEFFERSON,KY1020,,NATIONAL,TPKE,,,,,,,,38.114691195,-85.748205418,2.872,2/1/2022 12:00:00 AM,1513,2,2,0,0,CLEAR,DRY,False,1 VEHICLE ENTERING/LEAVING ENTRANCE,ANGLE,STRAIGHT & LEVEL,DAYLIGHT,,,2/2/2022 8:22:16 AM,False,7234,Accepted,
29653274,0568000,LOUISVILLE METRO POLICE DEPT,Accepted,JEFFERSON,US0031W,8120,DIXIE,HWY,,,,,,,,38.134090242,-85.845348437,10.852,2/1/2022 12:00:00 AM,1717,2,2,0,0,CLEAR,DRY,False,SIDESWIPE COLLISION - OPPOSITE DIRECTION,SIDESWIPE-OPPOSITE DIRECTION,STRAIGHT & LEVEL,DAYLIGHT,,,2/2/2022 8:22:22 AM,False,7234,Accepted,
29653275,0568000,LOUISVILLE METRO POLICE DEPT,Accepted,JEFFERSON,KY0907,9401,3RD ST,RD,,,,,,,,38.115359111,-85.823887749,2.716,2/1/2022 12:00:00 AM,0657,1,1,0,0,CLEAR,DRY,False,COLLISION WITH FIXED OBJECT NON - INTERSECTION - FIRST EVENT COLLISION 09 - 32 EXCLUDING 16,SINGLE VEHICLE,CURVE & LEVEL,DAYLIGHT,,,2/2/2022 8:22:28 AM,False,5048,Accepted,
29653268,0568000,LOUISVILLE METRO POLICE DEPT,Accepted,JEFFERSON,,,BURWELL,AVE,,,,,DIXIE,US0031W,22ND,38.225796448,-85.792523852,0.056,2/1/2022 12:00:00 AM,0945,2,2,0,0,CLEAR,DRY,False,1 VEHICLE PARKED POSITION (NOT PARKING LOT/DRIVEWAY),SIDESWIPE-SAME DIRECTION,STRAIGHT & LEVEL,DAYLIGHT,,,2/2/2022 8:21:51 AM,False,2469,Accepted,
29653276,0568000,LOUISVILLE METRO POLICE DEPT,Accepted,JEFFERSON,US0031W,13501,DIXIE,HWY,,,,,,,,38.057164978,-85.889735701,4.895,2/1/2022 12:00:00 AM,0543,1,1,0,0,CLEAR,DRY,False,COLLISION WITH FIXED OBJECT NON - INTERSECTION - FIRST EVENT COLLISION 09 - 32 EXCLUDING 16,SINGLE VEHICLE,STRAIGHT & LEVEL,DARK (UNKNOWN ROADWAY LIGHTING),,,2/2/2022 8:22:32 AM,False,5279,Accepted,
29653259,0568000,LOUISVILLE METRO POLICE DEPT,Accepted,JEFFERSON,,,RIVER,RD,,,TIMBER RIDGE,,,,,38.340449503,-85.625359711,6.128,2/1/2022 12:00:00 AM,1000,2,2,0,0,CLEAR,DRY,False,ANGLE COLLISION - OTHER,ANGLE,STRAIGHT & LEVEL,DAYLIGHT,,,2/2/2022 8:21:01 AM,False,7316,Accepted,
29653267,0568000,LOUISVILLE METRO POLICE DEPT,Accepted,JEFFERSON,I 0064,,I64 W,,,,,,,,,38.276707196,-85.795153339,1.732,2/1/2022 12:00:00 AM,1646,2,2,0,1,CLEAR,DRY,False,REAR END IN TRAFFIC LANES BOTH VEHICLES MOVING,REAR END,STRAIGHT & LEVEL,DAYLIGHT,,,2/2/2022 8:21:45 AM,False,5282,Accepted,
29653257,0568000,LOUISVILLE METRO POLICE DEPT,Accepted,JEFFERSON,I 0264,,I264 E,,,,,,,,,38.190090437,-85.757888381,10.533,2/1/2022 12:00:00 AM,0713,4,4,0,0,CLOUDY,DRY,False,REAR END IN TRAFFIC LANES BOTH VEHICLES MOVING,REAR END,STRAIGHT & LEVEL,DARK (UNKNOWN ROADWAY LIGHTING),,,2/2/2022 8:20:53 AM,False,4693,Accepted,
29653258,0568000,LOUISVILLE METRO POLICE DEPT,Accepted,JEFFERSON,,,INDIAN,TRL,E,KY0864,POPLAR LEVEL,,,,,38.171646990,-85.684779725,1.212,2/1/2022 12:00:00 AM,1036,2,2,0,1,CLOUDY,DRY,False,OTHER INTERSECTION COLLISIONS,REAR END,STRAIGHT & LEVEL,DAYLIGHT,,,2/2/2022 8:20:57 AM,False,4693,Accepted,
29659961,0568000,LOUISVILLE METRO POLICE DEPT,Accepted,JEFFERSON,US0060A,,TAYLOR,BLVD,,,QUEEN,,,,,38.201781644,-85.781921566,1.876,2/1/2022 12:00:00 AM,0855,2,2,0,1,CLEAR,DRY,False,OPPOSING LEFT TURN,OPPOSING LEFT TURN,STRAIGHT & LEVEL,DAYLIGHT,,,2/4/2022 8:15:27 AM,False,5249,Accepted,
29667749,0568000,LOUISVILLE METRO POLICE DEPT,Accepted,JEFFERSON,KY0864,5015,POPLAR LEVEL,RD,,,,,,,,38.165893723,-85.680659305,8.778,1/31/2022 12:00:00 AM,1200,1,1,0,0,CLEAR,DRY,True,COLLISION IN PARKING LOT,SINGLE VEHICLE,STRAIGHT & LEVEL,DAYLIGHT,,,2/7/2022 8:38:44 AM,False,5027,Accepted,
29701168,0568000,LOUISVILLE METRO POLICE DEPT,Accepted,JEFFERSON,,,7TH,ST,S,,DAVIES,,,,,38.224248757,-85.770957243,0.455,1/31/2022 12:00:00 AM,1310,2,2,0,0,CLEAR,DRY,False,OTHER INTERSECTION COLLISIONS,REAR END,STRAIGHT & LEVEL,DAYLIGHT,,,2/15/2022 8:14:42 AM,False,5287,Accepted,
29648588,0568000,LOUISVILLE METRO POLICE DEPT,Accepted,JEFFERSON,,,LONSDALE,AVE,,,WALTER,,,,,38.175974173,-85.786367925,0.239,1/31/2022 12:00:00 AM,1711,2,1,0,1,CLEAR,DRY,False,COLLISION WITH BICYCLE IN INTERSECTION,SINGLE VEHICLE,STRAIGHT & LEVEL,DAYLIGHT,,,2/1/2022 8:24:33 AM,False,7435,Accepted,
29651956,0560400,SHIVELY POLICE DEPARTMENT,Accepted,JEFFERSON,I 0264,,I264 W,,,,,I 0264,I264 E EXIT8B OFF RAMP TO US31W S,I 0264,I264 W EXIT8 ON RAMP FROM US31W S,38.186240866,-85.812998480,7.503,1/31/2022 12:00:00 AM,1838,2,2,0,0,CLEAR,DRY,False,REAR END IN TRAFFIC LANES BOTH VEHICLES MOVING,REAR END,STRAIGHT & LEVEL,DARK (UNKNOWN ROADWAY LIGHTING),,,2/1/2022 11:34:22 PM,False,7124,Accepted,
29653266,0568000,LOUISVILLE METRO POLICE DEPT,Accepted,JEFFERSON,,1610,GAGEL,AVE,,,,,LONDON,,MCDEANE,38.173263514,-85.815842669,0.373,1/31/2022 12:00:00 AM,1427,1,1,0,0,CLEAR,DRY,True,COLLISION WITH FIXED OBJECT NON - INTERSECTION - FIRST EVENT COLLISION 09 - 32 EXCLUDING 16,SINGLE VEHICLE,STRAIGHT & GRADE,DAYLIGHT,,,2/2/2022 8:21:42 AM,False,2745,Accepted,
29648596,0568000,LOUISVILLE METRO POLICE DEPT,Accepted,JEFFERSON,KY1931,,MANSLICK,RD,,US0060A,7TH ST,,,,,38.196754925,-85.799828194,8.429,1/31/2022 12:00:00 AM,2009,2,2,0,0,CLEAR,DRY,False,ANGLE COLLISION - OTHER,ANGLE,STRAIGHT & GRADE,DARK-HWY LIGHTED/ON,,,2/1/2022 8:24:55 AM,False,5205,Accepted,
29648578,0568000,LOUISVILLE METRO POLICE DEPT,Accepted,JEFFERSON,,,STONESTREET,RD,,KY0841,KY841 RAMP FROM  STONESTREET RD,,,,,38.100469496,-85.825605974,2.336,1/31/2022 12:00:00 AM,0923,2,2,0,1,CLEAR,DRY,False,ANGLE COLLISION - OTHER,ANGLE,STRAIGHT & LEVEL,DAYLIGHT,,,2/1/2022 8:23:48 AM,False,6318,Accepted,
29648585,0568000,LOUISVILLE METRO POLICE DEPT,Accepted,JEFFERSON,I 0264,,I264 W,,,,,,,,,38.200459681,-85.698119008,13.999,1/31/2022 12:00:00 AM,1556,2,2,0,1,CLEAR,DRY,False,OTHER ROADWAY OR MID-BLOCK COLLISION,REAR TO REAR,STRAIGHT & HILLCREST,DAYLIGHT,,,2/1/2022 8:24:20 AM,False,2217,Accepted,
29644265,0568000,LOUISVILLE METRO POLICE DEPT,Accepted,JEFFERSON,KY1703,,NEWBURG,RD,,,GOLDSMITH,,,,,38.200098065,-85.684908813,1.994,1/31/2022 12:00:00 AM,0539,2,2,0,0,CLEAR,DRY,False,ANGLE COLLISION - ONE VEHICLE TURNING LEFT,ANGLE,STRAIGHT & LEVEL,DARK-HWY LIGHTED/ON,,,1/31/2022 9:01:19 AM,False,5391,Accepted,
29648579,0568000,LOUISVILLE METRO POLICE DEPT,Accepted,JEFFERSON,KY1020,,NATIONAL,TPKE,,,,,,,,38.123379436,-85.748452215,3.433,1/31/2022 12:00:00 AM,1118,2,2,0,1,CLEAR,DRY,False,1 VEHICLE ENTERING/LEAVING ENTRANCE,ANGLE,CURVE & LEVEL,DAYLIGHT,,,2/1/2022 8:23:52 AM,False,7080,Accepted,
29648580,0568000,LOUISVILLE METRO POLICE DEPT,Accepted,JEFFERSON,US0042,,US42,,,,,,MT RAINIER,KY0022C,SEMINARY,38.297500470,-85.627504152,7.113,1/31/2022 12:00:00 AM,0935,1,1,0,0,CLOUDY,DRY,False,COLLISION WITH FIXED OBJECT NON - INTERSECTION - FIRST EVENT COLLISION 09 - 32 EXCLUDING 16,SINGLE VEHICLE,STRAIGHT & LEVEL,DAYLIGHT,,,2/1/2022 8:23:55 AM,False,7876,Accepted,
29644267,0568000,LOUISVILLE METRO POLICE DEPT,Accepted,JEFFERSON,,,MUHAMMAD ALI,BLVD,W,,8TH,,,,,38.251861150,-85.764110894,0.636,1/31/2022 12:00:00 AM,0648,2,2,0,0,CLEAR,DRY,False,ANGLE COLLISION - OTHER,ANGLE,STRAIGHT & LEVEL,DAWN,,,1/31/2022 9:01:25 AM,False,5311,Accepted,
29672185,0568000,LOUISVILLE METRO POLICE DEPT,Accepted,JEFFERSON,US0031E,,BARDSTOWN,RD,,,HEATHER,,,,,38.205690012,-85.666615897,11.562,1/31/2022 12:00:00 AM,1416,2,2,0,0,CLEAR,DRY,False,OTHER INTERSECTION COLLISIONS,REAR END,STRAIGHT & LEVEL,DAYLIGHT,,,2/8/2022 8:09:03 AM,False,5247,Accepted,
29677033,0568000,LOUISVILLE METRO POLICE DEPT,Accepted,JEFFERSON,KY0841,,GENE SNYDER,FWY,,,,,,,,38.109879813,-85.804891478,4.358,1/31/2022 12:00:00 AM,0818,2,2,0,0,CLEAR,DRY,False,SIDESWIPE COLLISION - SAME DIRECTION,SIDESWIPE-SAME DIRECTION,STRAIGHT & LEVEL,DAYLIGHT,,,2/9/2022 8:10:20 AM,False,7772,Accepted,
29648593,0568000,LOUISVILLE METRO POLICE DEPT,Accepted,JEFFERSON,,,SOUTHERN,PKWY,,,,,,,,38.177546739,-85.771743447,0.360,1/31/2022 12:00:00 AM,,2,2,0,1,CLEAR,DRY,True,SIDESWIPE COLLISION - SAME DIRECTION,SIDESWIPE-SAME DIRECTION,,DARK-HWY LIGHTED/ON,,,2/1/2022 8:24:48 AM,False,7376,Accepted,
29648583,0568000,LOUISVILLE METRO POLICE DEPT,Accepted,JEFFERSON,,,CHESTNUT,ST,W,US0031W,22ND,,,,,38.252263570,-85.787662618,0.726,1/31/2022 12:00:00 AM,1601,2,2,0,1,CLEAR,DRY,False,ANGLE COLLISION - OTHER,ANGLE,STRAIGHT & LEVEL,DAYLIGHT,,,2/1/2022 8:24:10 AM,False,7805,Accepted,
29648584,0568000,LOUISVILLE METRO POLICE DEPT,Accepted,JEFFERSON,KY1703,2510,NEWBURG,RD,,,,,,,,38.212045809,-85.697042832,3.152,1/31/2022 12:00:00 AM,1500,1,1,0,0,CLOUDY,DRY,False,COLLISION WITH FIXED OBJECT NON - INTERSECTION - FIRST EVENT COLLISION 09 - 32 EXCLUDING 16,SINGLE VEHICLE,STRAIGHT & HILLCREST,DAYLIGHT,,,2/1/2022 8:24:16 AM,False,7570,Accepted,
29648582,0568000,LOUISVILLE METRO POLICE DEPT,Accepted,JEFFERSON,KY0864,1609,POPLAR LEVEL,RD,,,,,,,,38.214574672,-85.723766607,12.955,1/31/2022 12:00:00 AM,1621,2,2,0,0,CLEAR,DRY,False,1 VEHICLE ENTERING/LEAVING ENTRANCE,ANGLE,STRAIGHT & LEVEL,DAYLIGHT,,,2/1/2022 8:24:05 AM,False,7448,Accepted,
29648589,0568000,LOUISVILLE METRO POLICE DEPT,Accepted,JEFFERSON,KY1747,,HURSTBOURNE,PKWY,,US0031E,BARDSTOWN,,,,,38.168998915,-85.605021802,7.487,1/31/2022 12:00:00 AM,0823,2,2,0,0,CLEAR,DRY,False,OPPOSITE DIRECTION - BOTH VEHICLES GOING STRAIGHT AHEAD,SIDESWIPE-OPPOSITE DIRECTION,STRAIGHT & LEVEL,DAYLIGHT,,,2/1/2022 8:24:37 AM,False,5402,Accepted,
29648591,0568000,LOUISVILLE METRO POLICE DEPT,Accepted,JEFFERSON,US0031E,,MAIN,ST,W,,2ND,,,,,38.256279279,-85.753305419,17.886,1/31/2022 12:00:00 AM,0915,2,2,0,0,CLEAR,DRY,False,SIDESWIPE-SAME DIRECTION,SIDESWIPE-SAME DIRECTION,STRAIGHT & HILLCREST,DARK-HWY LIGHTED/ON,,,2/1/2022 8:24:40 AM,False,5268,Accepted,
29648599,0568000,LOUISVILLE METRO POLICE DEPT,Accepted,JEFFERSON,,,28TH,ST,S,,BROADWAY,,,,,38.249759855,-85.798257758,0.785,1/31/2022 12:00:00 AM,2152,2,2,0,2,CLEAR,DRY,False,HEAD-ON COLLISION,HEAD ON,STRAIGHT & LEVEL,DARK-HWY LIGHTED/ON,,,2/1/2022 8:25:05 AM,False,5271,Accepted,
29672216,0568000,LOUISVILLE METRO POLICE DEPT,Accepted,JEFFERSON,,,5TH,ST,S,,SOUTHERN HEIGHTS,,,,,38.189063128,-85.768382588,1.001,1/31/2022 12:00:00 AM,0123,1,1,0,0,CLEAR,DRY,False,COLLISION WITH FIXED OBJECT IN INTERSECTION - FIRST EVENT COLLISION 09 - 32,SINGLE VEHICLE,STRAIGHT & LEVEL,DARK-HWY LIGHTED/ON,,,2/8/2022 8:11:32 AM,False,7833,Accepted,
29672197,0568000,LOUISVILLE METRO POLICE DEPT,Accepted,JEFFERSON,I 0065,,I65 S,,,,,,,,,38.197938911,-85.733918260,131.327,1/31/2022 12:00:00 AM,1258,2,2,0,0,CLEAR,DRY,False,SIDESWIPE COLLISION - SAME DIRECTION,SIDESWIPE-SAME DIRECTION,CURVE & GRADE,DAYLIGHT,,,2/8/2022 8:09:52 AM,False,8278,Accepted,
29656856,0568000,LOUISVILLE METRO POLICE DEPT,Accepted,JEFFERSON,KY0864,5015,POPLAR LEVEL,RD,,,,,,,,38.165879953,-85.680624489,8.761,1/31/2022 12:00:00 AM,1030,1,1,0,0,CLEAR,DRY,True,COLLISION IN PARKING LOT,SINGLE VEHICLE,STRAIGHT & LEVEL,DAYLIGHT,,,2/3/2022 7:44:36 AM,False,5027,Accepted,
29667760,0568000,LOUISVILLE METRO POLICE DEPT,Accepted,JEFFERSON,KY1747,2108,HURSTBOURNE,PKWY,S,,,,,,,38.216044801,-85.589984294,11.098,1/31/2022 12:00:00 AM,1725,2,2,0,1,CLEAR,DRY,False,1 VEHICLE ENTERING/LEAVING ENTRANCE,ANGLE,STRAIGHT & LEVEL,DAYLIGHT,,,2/7/2022 8:39:29 AM,False,5247,Accepted,
29656862,0568000,LOUISVILLE METRO POLICE DEPT,Accepted,JEFFERSON,I 0065,,I65 S,,,,,,,,,38.244936739,-85.752398473,135.202,1/31/2022 12:00:00 AM,0438,4,3,1,0,CLEAR,DRY,False,COLLISION WITH PEDESTRIAN NON - INTERSECTION,ANGLE,STRAIGHT & LEVEL,DARK-HWY LIGHTED/OFF,,,2/3/2022 7:44:58 AM,False,2142,Accepted,
29667786,0568000,LOUISVILLE METRO POLICE DEPT,Accepted,JEFFERSON,,,CENTRAL,AVE,,,FLOYD,,,,,38.203102507,-85.757034264,0.346,1/31/2022 12:00:00 AM,1401,2,2,0,1,CLEAR,DRY,False,ANGLE COLLISION - OTHER,ANGLE,STRAIGHT & LEVEL,DAYLIGHT,,,2/7/2022 8:41:09 AM,False,7398,Accepted,
29696559,0568000,LOUISVILLE METRO POLICE DEPT,Accepted,JEFFERSON,,3021,VIRGINIA,AVE,,,,,,,,38.238301619,-85.802531947,0.345,1/31/2022 12:00:00 AM,0300,2,2,0,0,CLEAR,DRY,False,1 VEHICLE PARKED POSITION (NOT PARKING LOT/DRIVEWAY),REAR END,STRAIGHT & LEVEL,DARK-HWY LIGHTED/ON,,,2/14/2022 8:37:39 AM,False,5362,Accepted,