IncidentID,AgencyORI,AgencyName,IncidentStatusDesc,County,RdwyNumber,Street,RoadwayName,StreetSfx,StreetDir,IntersectionRdwy,IntersectionRdwyName,BetweenStRdwy1,BetweenStRdwyName1,BetweenStRdwy2,BetweenStRdwyName2,Latitude,Longitude,Milepoint,CollisionDate,CollisionTime,UnitsInvolved,MotorVehiclesInvolved,NumberKilled,NumberInjured,Weather,RdwyConditionCode,HitandRun,DirAnalysisCode,MannerofCollision,RdwyCharacter,LightCondition,RampFromRdwyId,RampToRdwyId,AcceptedDate,IsSecondaryCollision,OwnerBadge,IncidentStatus,
29712496,0568000,LOUISVILLE METRO POLICE DEPT,Accepted,JEFFERSON,US0031E,,BARDSTOWN,RD,,,HEATHER,,,,,38.205584989,-85.666749678,11.563,1/30/2022 12:00:00 AM,1752,2,2,0,0,CLEAR,DRY,False,SIDESWIPE-SAME DIRECTION,SIDESWIPE-SAME DIRECTION,STRAIGHT & LEVEL,DAYLIGHT,,,2/17/2022 2:36:22 PM,False,5191,Accepted,
29659962,0568000,LOUISVILLE METRO POLICE DEPT,Accepted,JEFFERSON,KY1932,,BRECKENRIDGE,LN,,,,,,,,38.182141419,-85.626504385,0.068,1/30/2022 12:00:00 AM,2024,2,2,0,0,CLEAR,DRY,False,REAR END IN TRAFFIC LANES BOTH VEHICLES MOVING,REAR END,STRAIGHT & LEVEL,DARK (UNKNOWN ROADWAY LIGHTING),,,2/4/2022 8:15:31 AM,False,5346,Accepted,
29656880,0568000,LOUISVILLE METRO POLICE DEPT,Accepted,JEFFERSON,,1518,WINTER,AVE,,,,,,,,38.237662849,-85.723624563,0.035,1/30/2022 12:00:00 AM,0442,2,2,0,0,CLEAR,DRY,True,1 VEHICLE PARKED POSITION (NOT PARKING LOT/DRIVEWAY),REAR END,STRAIGHT & LEVEL,DARK-HWY LIGHTED/ON,,,2/3/2022 7:45:56 AM,False,7488,Accepted,
29644254,0568000,LOUISVILLE METRO POLICE DEPT,Accepted,JEFFERSON,KY1934,,CANE RUN,RD,,,KRAMERS,,,,,38.201152845,-85.835154723,9.374,1/30/2022 12:00:00 AM,2359,2,2,0,1,CLEAR,DRY,True,OTHER INTERSECTION COLLISIONS,REAR END,STRAIGHT & LEVEL,DARK-HWY LIGHTED/ON,,,1/31/2022 9:00:27 AM,False,5325,Accepted,
29644256,0568000,LOUISVILLE METRO POLICE DEPT,Accepted,JEFFERSON,KY1703,,NEWBURG,RD,,I 0264,I264 E EXIT15 ON RAMP FROM KY1703 S,,,,,38.201541593,-85.687673626,2.180,1/30/2022 12:00:00 AM,2142,2,2,0,0,CLEAR,DRY,False,1 VEHICLE ENTERING/LEAVING ENTRANCE,ANGLE,STRAIGHT & GRADE,DARK-HWY LIGHTED/ON,,,1/31/2022 9:00:38 AM,False,2026,Accepted,
29653252,0568000,LOUISVILLE METRO POLICE DEPT,Accepted,JEFFERSON,,,REAMERS,RD,,,,,ADRIENNE,,ROCK BAY,38.297821124,-85.496820316,0.516,1/30/2022 12:00:00 AM,1800,2,2,0,1,CLEAR,DRY,False,HEAD-ON COLLISION,HEAD ON,STRAIGHT & HILLCREST,DAYLIGHT,,,2/2/2022 8:20:49 AM,False,2109,Accepted,
29644229,0568000,LOUISVILLE METRO POLICE DEPT,Accepted,JEFFERSON,KY1865,5533,NEW CUT,RD,,,,,,,,38.145151097,-85.775017107,2.621,1/30/2022 12:00:00 AM,1552,2,2,0,0,CLEAR,DRY,False,OTHER ROADWAY OR MID-BLOCK COLLISION,OPPOSING LEFT TURN,STRAIGHT & LEVEL,DAYLIGHT,,,1/31/2022 8:58:49 AM,False,7768,Accepted,
29644230,0568000,LOUISVILLE METRO POLICE DEPT,Accepted,JEFFERSON,I 0071,,,,,,,,,,,38.314281387,-85.583318264,0.009,1/30/2022 12:00:00 AM,1639,2,2,0,2,CLEAR,DRY,False,OTHER RAMP RELATED COLLISIONS NOT LISTED ABOVE,ANGLE,STRAIGHT & LEVEL,DAYLIGHT,I 0071,I 0265,1/31/2022 8:58:56 AM,False,7633,Accepted,
29644239,0568000,LOUISVILLE METRO POLICE DEPT,Accepted,JEFFERSON,,,KENTON,ST,W,,,,3RD,KY1020,SOUTHERN,38.198156933,-85.765955515,0.136,1/30/2022 12:00:00 AM,1655,2,2,0,1,CLEAR,DRY,False,1 VEHICLE ENTERING/LEAVING ENTRANCE,ANGLE,STRAIGHT & LEVEL,DAYLIGHT,,,1/31/2022 8:59:23 AM,False,7257,Accepted,
29644246,0568000,LOUISVILLE METRO POLICE DEPT,Accepted,JEFFERSON,KY1065,,BEULAH CHURCH,RD,,,JOHNSON SCHOOL,,,,,38.140816272,-85.598475747,10.917,1/30/2022 12:00:00 AM,1836,2,2,0,0,CLOUDY,DRY,False,HEAD-ON COLLISION,HEAD ON,CURVE & LEVEL,DARK-HWY NOT LIGHTED,,,1/31/2022 8:59:49 AM,False,5141,Accepted,
29644253,0568000,LOUISVILLE METRO POLICE DEPT,Accepted,JEFFERSON,KY2052,5106,SHEPHERDSVILLE,RD,,,,,MANSFIELD,,ARMSMERE,38.175895846,-85.659415849,2.574,1/30/2022 12:00:00 AM,0343,2,2,0,0,CLEAR,DRY,False,1 VEHICLE PARKED POSITION (NOT PARKING LOT/DRIVEWAY),REAR END,STRAIGHT & LEVEL,DARK (UNKNOWN ROADWAY LIGHTING),,,1/31/2022 9:00:16 AM,False,7828,Accepted,
29644261,0568000,LOUISVILLE METRO POLICE DEPT,Accepted,JEFFERSON,KY2860,,GRINSTEAD,DR,,,,,,,,38.238701041,-85.720420444,0.036,1/30/2022 12:00:00 AM,2350,2,2,0,0,CLEAR,DRY,False,1 VEHICLE ENTERING/LEAVING ENTRANCE,ANGLE,STRAIGHT & LEVEL,DARK-HWY LIGHTED/ON,,,1/31/2022 9:01:06 AM,False,5104,Accepted,
29641010,0566900,LOUISVILLE AIRPORT POLICE,Accepted,JEFFERSON,,,HARDING,AVE,,,TERMINAL,,,,,38.185564711,-85.745150122,,1/30/2022 12:00:00 AM,0130,1,1,0,0,CLEAR,DRY,False,COLLISION WITH FIXED OBJECT IN INTERSECTION - FIRST EVENT COLLISION 09 - 32,SINGLE VEHICLE,CURVE & GRADE,DARK-HWY LIGHTED/ON,,,1/30/2022 7:21:57 AM,False,5870,Accepted,
29644211,0568000,LOUISVILLE METRO POLICE DEPT,Accepted,JEFFERSON,I 0264,,I264 E,,,,,,,,,38.191420314,-85.715094703,12.874,1/30/2022 12:00:00 AM,0238,2,2,0,1,CLEAR,WET,True,REAR END IN TRAFFIC LANES BOTH VEHICLES MOVING,REAR END,STRAIGHT & LEVEL,DARK (UNKNOWN ROADWAY LIGHTING),,,1/31/2022 8:57:24 AM,False,5326,Accepted,
29644213,0568000,LOUISVILLE METRO POLICE DEPT,Accepted,JEFFERSON,KY2052,5110,SHEPHERDSVILLE,RD,,,,,,,,38.175216903,-85.659411391,2.527,1/30/2022 12:00:00 AM,0041,3,3,0,0,CLEAR,DRY,False,REAR END IN TRAFFIC LANES BOTH VEHICLES MOVING,REAR END,STRAIGHT & LEVEL,DARK (UNKNOWN ROADWAY LIGHTING),,,1/31/2022 8:57:40 AM,False,5346,Accepted,
29644220,0568000,LOUISVILLE METRO POLICE DEPT,Accepted,JEFFERSON,KY0061,5318,PRESTON,HWY,,,,,,,,38.171829039,-85.709800407,6.621,1/30/2022 12:00:00 AM,0943,2,2,0,0,CLEAR,DRY,False,COLLISION IN PARKING LOT,BACKING,STRAIGHT & LEVEL,DAYLIGHT,,,1/31/2022 8:57:54 AM,False,5340,Accepted,
29644221,0568000,LOUISVILLE METRO POLICE DEPT,Accepted,JEFFERSON,,,ARNOLDTOWN,RD,,KY0907,3RD ST,,,,,38.121214737,-85.803604229,2.317,1/30/2022 12:00:00 AM,1304,2,2,0,0,CLEAR,DRY,False,OTHER INTERSECTION COLLISIONS,REAR END,STRAIGHT & LEVEL,DAYLIGHT,,,1/31/2022 8:57:58 AM,False,7174,Accepted,
29644242,0568000,LOUISVILLE METRO POLICE DEPT,Accepted,JEFFERSON,US0060,,FRANKFORT,AVE,,,,,POPE,,WILLIAM,38.256913285,-85.717267159,0.098,1/30/2022 12:00:00 AM,1400,2,2,0,0,CLEAR,DRY,True,1 VEHICLE PARKED POSITION (NOT PARKING LOT/DRIVEWAY),ANGLE,STRAIGHT & LEVEL,DAYLIGHT,,,1/31/2022 8:59:33 AM,False,5420,Accepted,
29644257,0568000,LOUISVILLE METRO POLICE DEPT,Accepted,JEFFERSON,,,ST CATHERINE,ST,W,,,,,,,38.237566770,-85.763234000,0.457,1/30/2022 12:00:00 AM,0020,2,2,0,0,CLEAR,DRY,False,1 VEHICLE ENTERING/LEAVING ENTRANCE,ANGLE,STRAIGHT & LEVEL,DARK (UNKNOWN ROADWAY LIGHTING),,,1/31/2022 9:00:49 AM,False,5213,Accepted,
29644233,0568000,LOUISVILLE METRO POLICE DEPT,Accepted,JEFFERSON,US0031W,,DIXIE,HWY,,,KINGSFORD,,,,,38.172859127,-85.824759324,13.678,1/30/2022 12:00:00 AM,1324,2,2,0,1,CLEAR,DRY,False,OTHER INTERSECTION COLLISIONS,REAR END,STRAIGHT & LEVEL,DAYLIGHT,,,1/31/2022 8:59:10 AM,False,5413,Accepted,
29644241,0568000,LOUISVILLE METRO POLICE DEPT,Accepted,JEFFERSON,,,BROADWAY,,W,,27TH,,,,,38.249628792,-85.796509679,0.449,1/30/2022 12:00:00 AM,1733,2,2,0,0,CLEAR,DRY,False,SIDESWIPE-SAME DIRECTION,SIDESWIPE-SAME DIRECTION,STRAIGHT & LEVEL,DAYLIGHT,,,1/31/2022 8:59:29 AM,False,5008,Accepted,
29644235,0568000,LOUISVILLE METRO POLICE DEPT,Accepted,JEFFERSON,,3001,CHAMBERLAIN,LN,,,,,,,,38.303335931,-85.553193458,2.843,1/30/2022 12:00:00 AM,1730,2,2,0,2,CLEAR,DRY,False,1 VEHICLE ENTERING/LEAVING ENTRANCE,ANGLE,STRAIGHT & LEVEL,DAYLIGHT,,,1/31/2022 8:59:15 AM,False,2346,Accepted,
29644243,0568000,LOUISVILLE METRO POLICE DEPT,Accepted,JEFFERSON,,,1ST,ST,S,,MUHAMMAD ALI,,,,,38.250657305,-85.752594367,0.376,1/30/2022 12:00:00 AM,1433,2,2,0,1,CLEAR,DRY,False,ANGLE COLLISION - OTHER,ANGLE,STRAIGHT & LEVEL,DAYLIGHT,,,1/31/2022 8:59:37 AM,False,7904,Accepted,
29644250,0568000,LOUISVILLE METRO POLICE DEPT,Accepted,JEFFERSON,KY0155,,TAYLORSVILLE,RD,,,OLD TAYLORSVILLE,,,,,38.190544916,-85.492243004,5.148,1/30/2022 12:00:00 AM,0436,1,1,0,0,CLEAR,DRY,False,COLLISION WITH ANIMAL IN INTERSECTION,SINGLE VEHICLE,STRAIGHT & LEVEL,DARK-HWY NOT LIGHTED,,,1/31/2022 8:59:56 AM,False,2775,Accepted,
29644251,0568000,LOUISVILLE METRO POLICE DEPT,Accepted,JEFFERSON,,,BROADWAY,,W,,35TH,,,,,38.249974147,-85.809830544,1.175,1/30/2022 12:00:00 AM,2030,2,2,0,0,CLEAR,DRY,True,ANGLE COLLISION - ONE VEHICLE TURNING LEFT,ANGLE,STRAIGHT & LEVEL,DARK-HWY LIGHTED/ON,,,1/31/2022 8:59:59 AM,False,5331,Accepted,
29644252,0568000,LOUISVILLE METRO POLICE DEPT,Accepted,JEFFERSON,,1814,PORTLAND,AVE,,,,,,,,38.265015951,-85.777964229,0.332,1/30/2022 12:00:00 AM,2219,3,3,0,0,CLEAR,DRY,False,1 VEHICLE PARKED POSITION (NOT PARKING LOT/DRIVEWAY),SIDESWIPE-SAME DIRECTION,STRAIGHT & LEVEL,DARK-HWY LIGHTED/ON,,,1/31/2022 9:00:05 AM,False,5306,Accepted,
29644207,0568000,LOUISVILLE METRO POLICE DEPT,Accepted,JEFFERSON,KY0022,9500,BROWNSBORO,RD,,,,,,,,38.307579060,-85.574625237,3.940,1/30/2022 12:00:00 AM,0316,1,1,0,0,CLEAR,DRY,False,COLLISION IN PARKING LOT,SINGLE VEHICLE,STRAIGHT & LEVEL,DARK-HWY NOT LIGHTED,,,1/31/2022 8:57:02 AM,False,5228,Accepted,
29644208,0568000,LOUISVILLE METRO POLICE DEPT,Accepted,JEFFERSON,KY1020,,NATIONAL,TPKE,,KY1065,OUTER,,,,,38.126959444,-85.748907753,3.664,1/30/2022 12:00:00 AM,0539,2,2,0,1,CLEAR,DRY,True,ANGLE COLLISION - OTHER,ANGLE,STRAIGHT & LEVEL,DARK-HWY LIGHTED/ON,,,1/31/2022 8:57:08 AM,False,7362,Accepted,
29644209,0568000,LOUISVILLE METRO POLICE DEPT,Accepted,JEFFERSON,,11002,NEPTUNE,PL,,,LOGBY,,,,,38.094498210,-85.849009703,0.054,1/30/2022 12:00:00 AM,0410,2,2,0,0,CLEAR,DRY,False,COLLISION WITH PARKED VEHICLE,REAR END,STRAIGHT & LEVEL,DARK-HWY LIGHTED/ON,,,1/31/2022 8:57:14 AM,False,5321,Accepted,
29644223,0568000,LOUISVILLE METRO POLICE DEPT,Accepted,JEFFERSON,,5458,MITSCHER,AVE,,,,,,,,38.169179825,-85.769496031,0.193,1/30/2022 12:00:00 AM,1127,2,2,0,0,CLEAR,DRY,False,1 VEHICLE PARKED POSITION (NOT PARKING LOT/DRIVEWAY),ANGLE,CURVE & LEVEL,DAYLIGHT,,,1/31/2022 8:58:07 AM,False,7768,Accepted,
29648595,0568000,LOUISVILLE METRO POLICE DEPT,Accepted,JEFFERSON,,,DUTCHMANS,LN,,,,,VIVIAN,,DUTCHMANS,38.229473284,-85.645105382,0.384,1/30/2022 12:00:00 AM,2126,1,1,0,0,CLEAR,DRY,True,COLLISION WITH FIXED OBJECT NON - INTERSECTION - FIRST EVENT COLLISION 09 - 32 EXCLUDING 16,SINGLE VEHICLE,CURVE & LEVEL,DARK-HWY LIGHTED/ON,,,2/1/2022 8:24:51 AM,False,7049,Accepted,
29644258,0568000,LOUISVILLE METRO POLICE DEPT,Accepted,JEFFERSON,,,LONGFIELD,AVE,,,,,,,,38.198592693,-85.782971832,0.790,1/30/2022 12:00:00 AM,1934,1,1,0,0,CLEAR,DRY,False,OTHER COLLISIONS ON SHOULDER,SINGLE VEHICLE,STRAIGHT & LEVEL,DAWN,,,1/31/2022 9:00:55 AM,False,5302,Accepted,
29644259,0568000,LOUISVILLE METRO POLICE DEPT,Accepted,JEFFERSON,KY1865,,TAYLOR,BLVD,,,WALTER,,,,,38.175643382,-85.782685848,4.753,1/30/2022 12:00:00 AM,2000,2,2,0,0,CLOUDY,DRY,False,HEAD-ON COLLISION,HEAD ON,STRAIGHT & LEVEL,DARK-HWY LIGHTED/ON,,,1/31/2022 9:01:00 AM,False,5372,Accepted,
29653284,0568000,LOUISVILLE METRO POLICE DEPT,Accepted,JEFFERSON,,4121,TOWNE CENTER,DR,,,,,,,,38.298418319,-85.556194448,0.223,1/30/2022 12:00:00 AM,1345,2,1,0,1,CLEAR,DRY,False,COLLISION IN PARKING LOT,SINGLE VEHICLE,STRAIGHT & LEVEL,DAYLIGHT,,,2/2/2022 8:23:03 AM,False,7751,Accepted,
29656858,0568000,LOUISVILLE METRO POLICE DEPT,Accepted,JEFFERSON,,,SOUTHWESTERN,PKWY,,,,,,,,38.250589386,-85.826915181,1.274,1/30/2022 12:00:00 AM,1727,2,2,0,0,CLEAR,DRY,False,1 VEHICLE ENTERING/LEAVING ENTRANCE,ANGLE,STRAIGHT & LEVEL,DAYLIGHT,,,2/3/2022 7:44:43 AM,False,7469,Accepted,
29666167,0568000,LOUISVILLE METRO POLICE DEPT,Accepted,JEFFERSON,US0031W,,DR W J HODGE,ST,,US0150,BROADWAY,,,,,38.249164541,-85.786523679,19.650,1/30/2022 12:00:00 AM,2043,2,1,0,1,CLEAR,DRY,True,ANGLE COLLISION - OTHER,ANGLE,STRAIGHT & LEVEL,DARK-HWY LIGHTED/ON,,,2/6/2022 10:46:30 PM,False,5318,Accepted,
29730398,0568000,LOUISVILLE METRO POLICE DEPT,Accepted,JEFFERSON,KY2049,,CRUMS,LN,,,,,,,,38.199336323,-85.837307130,0.003,1/29/2022 12:00:00 AM,2300,2,2,0,0,CLOUDY,DRY,False,1 VEHICLE ENTERING/LEAVING ENTRANCE,ANGLE,STRAIGHT & LEVEL,DARK-HWY LIGHTED/ON,,,2/22/2022 7:57:38 AM,False,7154,Accepted,
29653282,0568000,LOUISVILLE METRO POLICE DEPT,Accepted,JEFFERSON,I 0065,,I65 S,,,,,,,,,38.106428554,-85.701405022,124.566,1/29/2022 12:00:00 AM,1110,2,2,0,0,CLEAR,WET,False,SIDESWIPE COLLISION - SAME DIRECTION,SIDESWIPE-SAME DIRECTION,STRAIGHT & LEVEL,DAYLIGHT,,,2/2/2022 8:22:56 AM,False,7376,Accepted,
29644224,0568000,LOUISVILLE METRO POLICE DEPT,Accepted,JEFFERSON,I 0264,,I264 W,,,,,,,,,38.195857586,-85.707303598,13.400,1/29/2022 12:00:00 AM,0930,3,2,0,1,CLOUDY,ICE,False,REAR END IN TRAFFIC LANES BOTH VEHICLES MOVING,REAR END,STRAIGHT & LEVEL,DAYLIGHT,,,1/31/2022 8:58:23 AM,True,7751,Accepted,
29644199,0568000,LOUISVILLE METRO POLICE DEPT,Accepted,JEFFERSON,I 0265,,I265 E,,,,,I 0265,I265 E EXIT19 ON RAMP FROM KY1819,I 0265,I265 E EXIT23 OFF RAMP TO KY155,38.151374162,-85.537390622,19.975,1/29/2022 12:00:00 AM,0831,1,1,0,0,CLEAR,ICE,False,OTHER ROADWAY OR MID-BLOCK COLLISION,SINGLE VEHICLE,CURVE & GRADE,DAYLIGHT,,,1/31/2022 8:56:25 AM,False,2321,Accepted,
29644200,0568000,LOUISVILLE METRO POLICE DEPT,Accepted,JEFFERSON,,,EUCLID,AVE,,,SHARP,,,,,38.217082878,-85.776608542,0.553,1/29/2022 12:00:00 AM,1730,1,1,0,0,CLOUDY,WET,True,COLLISION WITH FIXED OBJECT IN INTERSECTION - FIRST EVENT COLLISION 09 - 32,SINGLE VEHICLE,STRAIGHT & LEVEL,DAYLIGHT,,,1/31/2022 8:56:29 AM,False,7468,Accepted,
29644201,0568000,LOUISVILLE METRO POLICE DEPT,Accepted,JEFFERSON,US0031E,5606,BARDSTOWN,RD,,,,,,,,38.163905525,-85.597465158,6.697,1/29/2022 12:00:00 AM,1947,2,2,0,0,CLEAR,SNOW/SLUSH,False,COLLISION IN PARKING LOT,BACKING,STRAIGHT & LEVEL,DARK-HWY LIGHTED/ON,,,1/31/2022 8:56:32 AM,False,7915,Accepted,
29644216,0568000,LOUISVILLE METRO POLICE DEPT,Accepted,JEFFERSON,,,BISHOP,LN,,,,,,,,38.200436659,-85.685952834,1.393,1/29/2022 12:00:00 AM,0805,2,1,0,0,CLEAR,ICE,False,COLLISION WITH PEDESTRIAN NON - INTERSECTION,SINGLE VEHICLE,STRAIGHT & HILLCREST,DAYLIGHT,,,1/31/2022 8:57:46 AM,False,5233,Accepted,
29644225,0568000,LOUISVILLE METRO POLICE DEPT,Accepted,JEFFERSON,KY1931,,ST ANDREWS CHURCH,RD,,,BLANTON,,,,,38.151790918,-85.819404242,4.418,1/29/2022 12:00:00 AM,1208,2,2,0,0,CLEAR,DRY,False,OTHER INTERSECTION COLLISIONS,REAR END,STRAIGHT & LEVEL,DAYLIGHT,,,1/31/2022 8:58:30 AM,False,7263,Accepted,
29644194,0568000,LOUISVILLE METRO POLICE DEPT,Accepted,JEFFERSON,KY2052,,HIKES,LN,,US0031E,BUECHEL,,,,,38.198418968,-85.660930983,4.205,1/29/2022 12:00:00 AM,1804,3,3,0,1,CLEAR,DRY,False,OTHER INTERSECTION COLLISIONS,REAR END,STRAIGHT & LEVEL,DAYLIGHT,,,1/31/2022 8:56:13 AM,False,5269,Accepted,
29644195,0568000,LOUISVILLE METRO POLICE DEPT,Accepted,JEFFERSON,,,BLUEGRASS,AVE,,,HAZELWOOD,,,,,38.179458252,-85.788224123,0.579,1/29/2022 12:00:00 AM,0807,3,3,0,0,CLEAR,SNOW/SLUSH,False,ANGLE COLLISION - OTHER,ANGLE,STRAIGHT & LEVEL,DAYLIGHT,,,1/31/2022 8:56:17 AM,False,5412,Accepted,
29644196,0568000,LOUISVILLE METRO POLICE DEPT,Accepted,JEFFERSON,KY1865,,NEW CUT,RD,,,PARK,,,,,38.155904840,-85.777596430,3.382,1/29/2022 12:00:00 AM,1547,2,2,0,2,CLEAR,WET,False,ANGLE COLLISION - ONE VEHICLE TURNING LEFT,ANGLE,STRAIGHT & LEVEL,DAYLIGHT,,,1/31/2022 8:56:21 AM,False,5409,Accepted,
29644202,0568000,LOUISVILLE METRO POLICE DEPT,Accepted,JEFFERSON,,,SPEED,AVE,,US0031E,BARDSTOWN,,,,,38.228560750,-85.701216473,0.644,1/29/2022 12:00:00 AM,0712,2,2,0,0,CLEAR,ICE,False,ANGLE COLLISION - OTHER,ANGLE,CURVE & LEVEL,DAYLIGHT,,,1/31/2022 8:56:37 AM,False,5195,Accepted,
29644204,0568000,LOUISVILLE METRO POLICE DEPT,Accepted,JEFFERSON,US0060A,,EASTERN,PKWY,,,,,,,,38.228937292,-85.715305413,6.442,1/29/2022 12:00:00 AM,0335,2,2,0,0,CLEAR,ICE,False,1 VEHICLE ENTERING/LEAVING ENTRANCE,ANGLE,STRAIGHT & LEVEL,DARK-HWY LIGHTED/ON,,,1/31/2022 8:56:48 AM,False,5104,Accepted,
29644205,0568000,LOUISVILLE METRO POLICE DEPT,Accepted,JEFFERSON,KY0061,8215,PRESTON,HWY,,,,,,,,38.133259477,-85.683892417,3.631,1/29/2022 12:00:00 AM,1836,2,2,0,3,CLOUDY,DRY,False,1 VEHICLE ENTERING/LEAVING ENTRANCE,ANGLE,STRAIGHT & LEVEL,DARK-HWY LIGHTED/ON,,,1/31/2022 8:56:53 AM,False,5141,Accepted,
29644139,0568000,LOUISVILLE METRO POLICE DEPT,Accepted,JEFFERSON,,1508,CRUMS,LN,,,,US0031W,DIXIE,KY1931,MANSLICK,38.189192500,-85.804117197,0.282,1/29/2022 12:00:00 AM,0121,1,1,0,1,CLOUDY,ICE,False,RAN OFF ROADWAY (1 VEHICLE WITH/EARTH EMBANKMENT/DITCH),SINGLE VEHICLE,CURVE & LEVEL,DARK-HWY LIGHTED/ON,,,1/31/2022 8:52:24 AM,False,5131,Accepted,
29644171,0568000,LOUISVILLE METRO POLICE DEPT,Accepted,JEFFERSON,,,ST CATHERINE,ST,E,,CLAY,,,,,38.234926565,-85.743326018,0.641,1/29/2022 12:00:00 AM,0915,2,2,0,0,CLEAR,ICE,False,ANGLE COLLISION - OTHER,ANGLE,STRAIGHT & LEVEL,DAYLIGHT,,,1/31/2022 8:54:23 AM,False,7462,Accepted,
29644181,0568000,LOUISVILLE METRO POLICE DEPT,Accepted,JEFFERSON,,,ALFORD,AVE,,,30TH,,,,,38.265681335,-85.799843377,0.368,1/29/2022 12:00:00 AM,1709,4,4,0,0,CLEAR,DRY,False,COLLISION WITH PARKED VEHICLE,SIDESWIPE-OPPOSITE DIRECTION,STRAIGHT & LEVEL,DAYLIGHT,,,1/31/2022 8:55:06 AM,False,7305,Accepted,
29644152,0568000,LOUISVILLE METRO POLICE DEPT,Accepted,JEFFERSON,KY1142,,PALATKA,RD,,,DOGWOOD,,,,,38.154061808,-85.795621496,0.363,1/29/2022 12:00:00 AM,0133,2,2,0,1,SNOWING,SNOW/SLUSH,False,HEAD-ON COLLISION,HEAD ON,CURVE & HILLCREST,DARK-HWY LIGHTED/ON,,,1/31/2022 8:53:07 AM,False,5321,Accepted,
29644163,0568000,LOUISVILLE METRO POLICE DEPT,Accepted,JEFFERSON,,,FAMOUS,WAY,,,SHEPHERDSVILLE,,,,,38.129633444,-85.661661966,0.004,1/29/2022 12:00:00 AM,1019,1,1,0,0,CLEAR,ICE,False,COLLISION WITH FIXED OBJECT IN INTERSECTION - FIRST EVENT COLLISION 09 - 32,SINGLE VEHICLE,STRAIGHT & LEVEL,DAYLIGHT,,,1/31/2022 8:53:50 AM,False,2547,Accepted,
29644177,0568000,LOUISVILLE METRO POLICE DEPT,Accepted,JEFFERSON,,,GRINSTEAD,DR,,,,,PETERSON,,PETERSON,38.248564893,-85.698366397,0.419,1/29/2022 12:00:00 AM,1450,2,2,0,1,CLEAR,SNOW/SLUSH,False,SIDESWIPE COLLISION - OPPOSITE DIRECTION,SIDESWIPE-OPPOSITE DIRECTION,STRAIGHT & LEVEL,DAYLIGHT,,,1/31/2022 8:54:44 AM,True,2413,Accepted,
29644179,0568000,LOUISVILLE METRO POLICE DEPT,Accepted,JEFFERSON,I 0065,,I65 S,,,,,,,,,38.133454987,-85.705026652,126.459,1/29/2022 12:00:00 AM,1620,2,2,0,0,CLEAR,DRY,False,1 VEHICLE ENTERING/LEAVING ENTRANCE,ANGLE,STRAIGHT & LEVEL,DAYLIGHT,,,1/31/2022 8:54:57 AM,False,5101,Accepted,
29644180,0568000,LOUISVILLE METRO POLICE DEPT,Accepted,JEFFERSON,KY0907,,3RD ST,RD,,,BRUCE,,,,,38.144276797,-85.777195242,6.157,1/29/2022 12:00:00 AM,1618,2,2,0,2,CLEAR,DRY,False,ANGLE COLLISION - OTHER,ANGLE,STRAIGHT & LEVEL,DAYLIGHT,,,1/31/2022 8:55:02 AM,False,5121,Accepted,
29644186,0568000,LOUISVILLE METRO POLICE DEPT,Accepted,JEFFERSON,KY3082,,BANK,ST,,,,,,,,38.270762911,-85.794942913,0.828,1/29/2022 12:00:00 AM,0839,3,3,0,0,CLEAR,ICE,False,1 VEHICLE PARKED POSITION (NOT PARKING LOT/DRIVEWAY),SIDESWIPE-SAME DIRECTION,STRAIGHT & LEVEL,DAYLIGHT,,,1/31/2022 8:55:36 AM,False,5025,Accepted,
29639274,0560300,ST. MATTHEWS POLICE DEPARTMENT,Accepted,JEFFERSON,KY0146,,NEW LA GRANGE,RD,,US0060,SHELBYVILLE,,,,,38.249654257,-85.615131395,0.012,1/29/2022 12:00:00 AM,0900,2,2,0,0,SNOWING,ICE,False,SIDESWIPE-SAME DIRECTION,SIDESWIPE-SAME DIRECTION,CURVE & LEVEL,DAYLIGHT,,,1/29/2022 3:32:17 PM,False,9140,Accepted,
29644144,0568000,LOUISVILLE METRO POLICE DEPT,Accepted,JEFFERSON,US0060A,,BERRY,BLVD,,,WHEELER,,,,,38.196453817,-85.788223885,1.176,1/29/2022 12:00:00 AM,0013,3,3,0,0,CLEAR,ICE,False,OTHER INTERSECTION COLLISIONS,REAR END,STRAIGHT & GRADE,DARK-HWY LIGHTED/ON,,,1/31/2022 8:52:38 AM,True,5379,Accepted,
29644189,0568000,LOUISVILLE METRO POLICE DEPT,Accepted,JEFFERSON,,6505,UPPER HUNTERS,TRCE,,,,,,,,38.168583186,-85.830936049,0.134,1/29/2022 12:00:00 AM,0958,1,1,0,0,CLEAR,ICE,False,COLLISION WITH FIXED OBJECT NON - INTERSECTION - FIRST EVENT COLLISION 09 - 32 EXCLUDING 16,SINGLE VEHICLE,STRAIGHT & LEVEL,DAYLIGHT,,,1/31/2022 8:55:52 AM,False,7427,Accepted,
29644228,0568000,LOUISVILLE METRO POLICE DEPT,Accepted,JEFFERSON,I 0264,,I264 E,,,,,,,,,38.192912101,-85.711773712,13.084,1/29/2022 12:00:00 AM,0930,2,2,0,1,CLEAR,ICE,False,OTHER ROADWAY OR MID-BLOCK COLLISION,REAR END,STRAIGHT & GRADE,DAYLIGHT,,,1/31/2022 8:58:43 AM,True,2307,Accepted,