IncidentID,AgencyORI,AgencyName,IncidentStatusDesc,County,RdwyNumber,Street,RoadwayName,StreetSfx,StreetDir,IntersectionRdwy,IntersectionRdwyName,BetweenStRdwy1,BetweenStRdwyName1,BetweenStRdwy2,BetweenStRdwyName2,Latitude,Longitude,Milepoint,CollisionDate,CollisionTime,UnitsInvolved,MotorVehiclesInvolved,NumberKilled,NumberInjured,Weather,RdwyConditionCode,HitandRun,DirAnalysisCode,MannerofCollision,RdwyCharacter,LightCondition,RampFromRdwyId,RampToRdwyId,AcceptedDate,IsSecondaryCollision,OwnerBadge,IncidentStatus,
29644237,0568000,LOUISVILLE METRO POLICE DEPT,Accepted,JEFFERSON,I 0264,,I264 E,,,,,,,,,38.194377430,-85.708807219,13.274,1/29/2022 12:00:00 AM,0754,1,1,0,0,CLEAR,ICE,False,OTHER ROADWAY OR MID-BLOCK COLLISION,SINGLE VEHICLE,STRAIGHT & GRADE,DAYLIGHT,,,1/31/2022 8:59:19 AM,False,7383,Accepted,
29644206,0568000,LOUISVILLE METRO POLICE DEPT,Accepted,JEFFERSON,US0060A,,BERRY,BLVD,,US0060A,7TH ST,,,,,38.196728132,-85.799043950,0.590,1/29/2022 12:00:00 AM,2033,2,2,0,0,CLEAR,WET,False,OTHER INTERSECTION COLLISIONS,REAR END,STRAIGHT & LEVEL,DARK-HWY LIGHTED/ON,,,1/31/2022 8:56:58 AM,False,5379,Accepted,
29644231,0568000,LOUISVILLE METRO POLICE DEPT,Accepted,JEFFERSON,I 0264,,I264 E,,,,,,,,,38.192639470,-85.712317143,13.043,1/29/2022 12:00:00 AM,0926,3,3,0,0,CLOUDY,ICE,True,OTHER ROADWAY OR MID-BLOCK COLLISION,REAR END,STRAIGHT & GRADE,DAYLIGHT,,,1/31/2022 8:59:05 AM,False,5399,Accepted,
29644227,0568000,LOUISVILLE METRO POLICE DEPT,Accepted,JEFFERSON,I 0264,,I264 E,,,I 0264,I264 E EXIT14 OFF RAMP TO KY864,,,,,38.192696263,-85.712133083,13.059,1/29/2022 12:00:00 AM,0930,2,2,0,0,CLEAR,ICE,False,SIDESWIPE-SAME DIRECTION,SIDESWIPE-SAME DIRECTION,STRAIGHT & GRADE,DAYLIGHT,,,1/31/2022 8:58:37 AM,True,2307,Accepted,
29644142,0568000,LOUISVILLE METRO POLICE DEPT,Accepted,JEFFERSON,US0060A,,GRINSTEAD,DR,,US0060A,CHEROKEE,,,,,38.243309528,-85.705266548,7.755,1/29/2022 12:00:00 AM,0326,1,1,0,0,CLEAR,ICE,False,OTHER INTERSECTION COLLISIONS,SINGLE VEHICLE,CURVE & GRADE,DARK-HWY LIGHTED/ON,,,1/31/2022 8:52:33 AM,False,5195,Accepted,
29644156,0568000,LOUISVILLE METRO POLICE DEPT,Accepted,JEFFERSON,I 0265,,I265 W,,,,,I 0265,I265 W EXIT19 OFF RAMP TO KY1819,I 0265,I265 W EXIT23 ON RAMP FROM KY155,38.153015493,-85.535815774,20.103,1/29/2022 12:00:00 AM,0800,2,2,0,0,CLEAR,SNOW/SLUSH,False,SIDESWIPE COLLISION - SAME DIRECTION,SIDESWIPE-SAME DIRECTION,STRAIGHT & HILLCREST,DAYLIGHT,,,1/31/2022 8:53:26 AM,False,6878,Accepted,
29644174,0568000,LOUISVILLE METRO POLICE DEPT,Accepted,JEFFERSON,,,KNIGHTSBRIDGE,RD,,US0042,BROWNSBORO,,,,,38.259982471,-85.688968239,,1/29/2022 12:00:00 AM,1342,2,2,0,0,CLEAR,SNOW/SLUSH,False,SIDESWIPE COLLISION - SAME DIRECTION,SIDESWIPE-SAME DIRECTION,STRAIGHT & LEVEL,DAYLIGHT,,,1/31/2022 8:54:32 AM,False,5416,Accepted,
29644175,0568000,LOUISVILLE METRO POLICE DEPT,Accepted,JEFFERSON,,,ST CATHERINE,ST,W,,1ST,,,,,38.236883111,-85.754936272,0.001,1/29/2022 12:00:00 AM,1229,2,2,0,0,CLEAR,SNOW/SLUSH,False,OTHER INTERSECTION COLLISIONS,REAR END,STRAIGHT & LEVEL,DAYLIGHT,,,1/31/2022 8:54:36 AM,False,5186,Accepted,
29644176,0568000,LOUISVILLE METRO POLICE DEPT,Accepted,JEFFERSON,,,STORY,AVE,,US0042,BROWNSBORO,,,,,38.260484126,-85.719501073,,1/29/2022 12:00:00 AM,0945,2,2,0,0,FOG,ICE,False,OTHER INTERSECTION COLLISIONS,REAR END,CURVE & LEVEL,DAYLIGHT,,,1/31/2022 8:54:40 AM,False,2406,Accepted,
29644166,0568000,LOUISVILLE METRO POLICE DEPT,Accepted,JEFFERSON,KY1065,4808,OUTER,LOOP,,,LAUREL RIDGE,,,,,38.137834433,-85.672509534,6.835,1/29/2022 12:00:00 AM,1120,2,2,0,1,CLEAR,WET,False,OTHER INTERSECTION COLLISIONS,REAR END,STRAIGHT & LEVEL,DAYLIGHT,,,1/31/2022 8:54:05 AM,False,2547,Accepted,
29644173,0568000,LOUISVILLE METRO POLICE DEPT,Accepted,JEFFERSON,,,4TH,ST,S,,,,,,,38.211269112,-85.764509236,3.158,1/29/2022 12:00:00 AM,1230,2,2,0,0,CLEAR,WET,False,1 VEHICLE ENTERING/LEAVING ENTRANCE,ANGLE,STRAIGHT & LEVEL,DAYLIGHT,,,1/31/2022 8:54:27 AM,False,5401,Accepted,
29644135,0568000,LOUISVILLE METRO POLICE DEPT,Accepted,JEFFERSON,,,BLUEGRASS,AVE,,,HAZELWOOD,,,,,38.179427540,-85.788221934,0.580,1/29/2022 12:00:00 AM,0002,1,1,0,0,CLEAR,ICE,False,COLLISION WITH FIXED OBJECT IN INTERSECTION - FIRST EVENT COLLISION 09 - 32,SINGLE VEHICLE,STRAIGHT & LEVEL,DARK-HWY LIGHTED/ON,,,1/31/2022 8:52:07 AM,False,5284,Accepted,
29644168,0568000,LOUISVILLE METRO POLICE DEPT,Accepted,JEFFERSON,,,JEFFERSON,ST,E,KY0061,PRESTON,,,,,38.252712929,-85.746316611,0.733,1/29/2022 12:00:00 AM,1412,2,2,0,0,CLEAR,WET,True,ANGLE COLLISION - OTHER,ANGLE,STRAIGHT & LEVEL,DAYLIGHT,,,1/31/2022 8:54:14 AM,False,7229,Accepted,
29644183,0568000,LOUISVILLE METRO POLICE DEPT,Accepted,JEFFERSON,,,CHARLTON,ST,S,,,,CHARLTON,,PAYNE,38.253113974,-85.717970560,0.050,1/29/2022 12:00:00 AM,1002,1,1,0,0,CLEAR,ICE,False,COLLISION WITH FIXED OBJECT NON - INTERSECTION - FIRST EVENT COLLISION 09 - 32 EXCLUDING 16,SINGLE VEHICLE,CURVE & LEVEL,DAYLIGHT,,,1/31/2022 8:55:16 AM,False,5420,Accepted,
29644184,0568000,LOUISVILLE METRO POLICE DEPT,Accepted,JEFFERSON,US0031E,,BARDSTOWN,RD,,,HUDSON,,,,,38.164929704,-85.598960748,6.802,1/29/2022 12:00:00 AM,1717,2,2,0,0,CLEAR,DRY,True,HEAD-ON COLLISION,HEAD ON,STRAIGHT & LEVEL,DAYLIGHT,,,1/31/2022 8:55:22 AM,False,7755,Accepted,
29644190,0568000,LOUISVILLE METRO POLICE DEPT,Accepted,JEFFERSON,,,7TH,ST,S,,MAGNOLIA,,,,,38.229638905,-85.767564599,0.872,1/29/2022 12:00:00 AM,1348,2,2,0,0,CLEAR,ICE,False,OTHER INTERSECTION COLLISIONS,REAR END,STRAIGHT & HILLCREST,DAYLIGHT,,,1/31/2022 8:55:58 AM,False,7360,Accepted,
29644191,0568000,LOUISVILLE METRO POLICE DEPT,Accepted,JEFFERSON,KY1865,5611,NEW CUT,RD,,,,,,,,38.141793933,-85.774424584,2.389,1/29/2022 12:00:00 AM,1808,2,2,0,0,CLOUDY,DRY,False,COLLISION IN PARKING LOT,BACKING,STRAIGHT & LEVEL,DUSK,,,1/31/2022 8:56:02 AM,False,7356,Accepted,
29644218,0568000,LOUISVILLE METRO POLICE DEPT,Accepted,JEFFERSON,,,RODMAN,ST,,,,,,,,38.208300489,-85.770107499,0.174,1/29/2022 12:00:00 AM,1810,2,2,0,0,CLEAR,WET,False,1 VEHICLE ENTERING/LEAVING ENTRANCE,ANGLE,STRAIGHT & LEVEL,DARK-HWY LIGHTED/ON,,,1/31/2022 8:57:50 AM,False,5401,Accepted,
29644192,0568000,LOUISVILLE METRO POLICE DEPT,Accepted,JEFFERSON,,2715,WINDSOR FOREST,DR,,,,,,,,38.128475968,-85.818220008,0.382,1/28/2022 12:00:00 AM,0825,1,1,0,1,SNOWING,SNOW/SLUSH,False,OTHER ROADWAY OR MID-BLOCK COLLISION,SINGLE VEHICLE,STRAIGHT & GRADE,DAYLIGHT,,,1/31/2022 8:56:07 AM,False,7306,Accepted,
29644210,0568000,LOUISVILLE METRO POLICE DEPT,Accepted,JEFFERSON,I 0265,,I265 E,,,,,I 0265,I265 E EXIT19 OFF RAMP TO KY1819,I 0265,I265 E EXIT19 ON RAMP FROM KY1819,38.147211967,-85.543357096,19.536,1/28/2022 12:00:00 AM,1746,3,3,0,0,SNOWING,ICE,False,OTHER ROADWAY OR MID-BLOCK COLLISION,REAR END,CURVE & GRADE,DARK-HWY LIGHTED/ON,,,1/31/2022 8:57:19 AM,False,5141,Accepted,
29644159,0568000,LOUISVILLE METRO POLICE DEPT,Accepted,JEFFERSON,I 0264,,I264 E,,,,,,,,,38.187888062,-85.785404913,9.005,1/28/2022 12:00:00 AM,1444,2,2,0,1,CLOUDY,DRY,True,SIDESWIPE COLLISION - SAME DIRECTION,SIDESWIPE-SAME DIRECTION,CURVE & LEVEL,DAYLIGHT,,,1/31/2022 8:53:39 AM,False,7468,Accepted,
29644165,0568000,LOUISVILLE METRO POLICE DEPT,Accepted,JEFFERSON,,,KENTUCKY,ST,W,KY1020,2ND,,,,,38.238564840,-85.756306261,3.739,1/28/2022 12:00:00 AM,1817,3,3,0,0,SNOWING,ICE,False,ANGLE COLLISION - OTHER,ANGLE,CURVE & LEVEL,DARK-HWY LIGHTED/ON,,,1/31/2022 8:53:59 AM,False,2927,Accepted,
29644182,0568000,LOUISVILLE METRO POLICE DEPT,Accepted,JEFFERSON,I 0071,,I71 N,,,I 0071,I71 N EXIT2 OFF RAMP TO  ZORN AVE,,,,,38.274177949,-85.698109735,1.702,1/28/2022 12:00:00 AM,0435,3,3,0,0,SNOWING,SNOW/SLUSH,False,SIDESWIPE-SAME DIRECTION,SIDESWIPE-SAME DIRECTION,STRAIGHT & LEVEL,DUSK,,,1/31/2022 8:55:11 AM,False,5420,Accepted,
29672187,0568000,LOUISVILLE METRO POLICE DEPT,Accepted,JEFFERSON,KY0061,,JACKSON,ST,S,,LIBERTY,,,,,38.251122062,-85.744557395,12.704,1/28/2022 12:00:00 AM,1331,2,2,0,0,CLOUDY,DRY,False,ANGLE COLLISION - OTHER,ANGLE,STRAIGHT & LEVEL,DAYLIGHT,,,2/8/2022 8:09:13 AM,False,5173,Accepted,
29644149,0568000,LOUISVILLE METRO POLICE DEPT,Accepted,JEFFERSON,,,KERRY,DR,,,PEABODY,,,,,38.202973066,-85.673903655,0.282,1/28/2022 12:00:00 AM,1903,2,2,0,0,SNOWING,ICE,False,COLLISION WITH PARKED VEHICLE,SIDESWIPE-SAME DIRECTION,STRAIGHT & HILLCREST,DARK-HWY NOT LIGHTED,,,1/31/2022 8:52:58 AM,False,5391,Accepted,
29672199,0568000,LOUISVILLE METRO POLICE DEPT,Accepted,JEFFERSON,KY2053,,MT WASHINGTON,RD,,,,,MAPLE,,RAY NAN,38.092062717,-85.661510275,0.413,1/28/2022 12:00:00 AM,1900,2,2,0,0,SNOWING,SNOW/SLUSH,False,HEAD-ON COLLISION,HEAD ON,STRAIGHT & LEVEL,DARK-HWY NOT LIGHTED,,,2/8/2022 8:10:01 AM,False,2583,Accepted,
29644157,0568000,LOUISVILLE METRO POLICE DEPT,Accepted,JEFFERSON,KY0061,,PRESTON,HWY,,,,,,,,38.179415728,-85.717728167,7.282,1/28/2022 12:00:00 AM,1241,2,2,0,0,CLOUDY,WET,False,OTHER ROADWAY OR MID-BLOCK COLLISION,OPPOSING LEFT TURN,STRAIGHT & LEVEL,DAYLIGHT,,,1/31/2022 8:53:30 AM,False,5001,Accepted,
29656865,0568000,LOUISVILLE METRO POLICE DEPT,Accepted,JEFFERSON,I 0065,,I65 N EXIT130 TRANSIT,,,I 0065,I65 N EXIT131A RAMP TO I264 E,,,,,38.184092671,-85.722957673,0.568,1/28/2022 12:00:00 AM,1735,2,2,0,1,SLEET HAIL FREEZING RAIN,ICE,False,OTHER INTERSECTION COLLISIONS,REAR END,STRAIGHT & LEVEL,DUSK,,,2/3/2022 7:45:13 AM,False,7341,Accepted,
29657951,0568000,LOUISVILLE METRO POLICE DEPT,Accepted,JEFFERSON,KY1932,,BRECKENRIDGE,LN,,,,,,,,38.216289729,-85.627313267,2.548,1/28/2022 12:00:00 AM,1657,2,2,0,0,SNOWING,SNOW/SLUSH,False,REAR END IN TRAFFIC LANES BOTH VEHICLES MOVING,REAR END,STRAIGHT & LEVEL,DUSK,,,2/3/2022 1:19:49 PM,False,7200,Accepted,
29644084,0568000,LOUISVILLE METRO POLICE DEPT,Accepted,JEFFERSON,KY0061,,PRESTON,HWY,,KY6304,OLD PRESTON,,,,,38.096343723,-85.670100410,0.886,1/28/2022 12:00:00 AM,0715,2,2,0,0,SNOWING,WET,False,OTHER INTERSECTION COLLISIONS,REAR END,STRAIGHT & GRADE,DARK-HWY NOT LIGHTED,,,1/31/2022 8:50:07 AM,False,2017,Accepted,
29644091,0568000,LOUISVILLE METRO POLICE DEPT,Accepted,JEFFERSON,,,4TH,ST,S,,IOWA,,,,,38.207712864,-85.765133719,3.404,1/28/2022 12:00:00 AM,1417,2,2,0,0,CLOUDY,WET,False,ANGLE COLLISION - OTHER,ANGLE,STRAIGHT & LEVEL,DAYLIGHT,,,1/31/2022 8:50:47 AM,False,7402,Accepted,
29644093,0568000,LOUISVILLE METRO POLICE DEPT,Accepted,JEFFERSON,US0031E,6323,BARDSTOWN,RD,,,,,,,,38.154084955,-85.589225394,5.856,1/28/2022 12:00:00 AM,1645,2,2,0,0,SNOWING,SNOW/SLUSH,False,1 VEHICLE ENTERING/LEAVING ENTRANCE,ANGLE,STRAIGHT & GRADE,DAYLIGHT,,,1/31/2022 8:50:53 AM,False,5141,Accepted,
29644101,0568000,LOUISVILLE METRO POLICE DEPT,Accepted,JEFFERSON,,912,TEXAS,AVE,,,,,,,,38.219668578,-85.739582700,0.297,1/28/2022 12:00:00 AM,1540,2,2,0,0,SNOWING,SNOW/SLUSH,False,1 VEHICLE PARKED POSITION (NOT PARKING LOT/DRIVEWAY),HEAD ON,STRAIGHT & LEVEL,DAYLIGHT,,,1/31/2022 8:51:07 AM,False,7462,Accepted,
29644117,0568000,LOUISVILLE METRO POLICE DEPT,Accepted,JEFFERSON,I 0071,,I71 S,,,,,,,,,38.293929919,-85.633404316,5.876,1/28/2022 12:00:00 AM,1729,1,1,0,0,SNOWING,ICE,False,OTHER ROADWAY OR MID-BLOCK COLLISION,SINGLE VEHICLE,STRAIGHT & LEVEL,DAYLIGHT,,,1/31/2022 8:51:33 AM,False,7483,Accepted,
29644132,0568000,LOUISVILLE METRO POLICE DEPT,Accepted,JEFFERSON,US0031E,,BARDSTOWN,RD,,,CEDARLOOK,,,,,38.147043663,-85.585858485,5.332,1/28/2022 12:00:00 AM,1900,2,2,0,0,SNOWING,SNOW/SLUSH,False,OTHER INTERSECTION COLLISIONS,REAR END,STRAIGHT & GRADE,DARK-HWY LIGHTED/ON,,,1/31/2022 8:51:56 AM,False,2321,Accepted,
29644134,0568000,LOUISVILLE METRO POLICE DEPT,Accepted,JEFFERSON,US0150,,BROADWAY,,E,,BARRET,,,,,38.244252406,-85.733961372,3.721,1/28/2022 12:00:00 AM,2357,1,1,0,0,CLEAR,ICE,False,COLLISION WITH FIXED OBJECT IN INTERSECTION - FIRST EVENT COLLISION 09 - 32,SINGLE VEHICLE,STRAIGHT & LEVEL,DARK-HWY LIGHTED/ON,,,1/31/2022 8:52:02 AM,False,7488,Accepted,
29644140,0568000,LOUISVILLE METRO POLICE DEPT,Accepted,JEFFERSON,KY1020,,SOUTHERN,PKWY,,,,,,,,38.193928482,-85.766680451,8.669,1/28/2022 12:00:00 AM,1955,3,3,0,0,SNOWING,ICE,True,SIDESWIPE COLLISION - OPPOSITE DIRECTION,SIDESWIPE-OPPOSITE DIRECTION,STRAIGHT & HILLCREST,DAWN,,,1/31/2022 8:52:28 AM,False,5302,Accepted,
29644090,0568000,LOUISVILLE METRO POLICE DEPT,Accepted,JEFFERSON,,,BUECHEL BANK,RD,,,,,,,,38.185167675,-85.648109916,0.498,1/28/2022 12:00:00 AM,1416,2,2,0,0,CLOUDY,SNOW/SLUSH,True,SIDESWIPE COLLISION - SAME DIRECTION,SIDESWIPE-SAME DIRECTION,STRAIGHT & LEVEL,DAYLIGHT,,,1/31/2022 8:50:42 AM,False,7864,Accepted,
29644100,0568000,LOUISVILLE METRO POLICE DEPT,Accepted,JEFFERSON,,,CHESTNUT,ST,E,,SHELBY,,,,,38.246929759,-85.739109572,0.756,1/28/2022 12:00:00 AM,1711,2,2,0,0,SNOWING,SNOW/SLUSH,False,ANGLE COLLISION - OTHER,ANGLE,STRAIGHT & LEVEL,DAYLIGHT,,,1/31/2022 8:51:03 AM,False,7229,Accepted,
29644107,0568000,LOUISVILLE METRO POLICE DEPT,Accepted,JEFFERSON,,,RAGGARD,RD,,KY1727,TERRY,,,,,38.170908929,-85.867274694,0.334,1/28/2022 12:00:00 AM,1127,2,2,0,1,SNOWING,WET,False,OTHER INTERSECTION COLLISIONS,REAR END,STRAIGHT & LEVEL,DAYLIGHT,,,1/31/2022 8:51:20 AM,False,5413,Accepted,
29644073,0568000,LOUISVILLE METRO POLICE DEPT,Accepted,JEFFERSON,,,HILL,ST,W,,25TH,,,,,38.229990512,-85.797034372,2.212,1/28/2022 12:00:00 AM,0610,2,2,0,0,CLEAR,DRY,False,OPPOSITE DIRECTION - BOTH VEHICLES GOING STRAIGHT AHEAD,SIDESWIPE-OPPOSITE DIRECTION,STRAIGHT & LEVEL,DARK-HWY LIGHTED/ON,,,1/31/2022 8:49:41 AM,False,5256,Accepted,
29644081,0568000,LOUISVILLE METRO POLICE DEPT,Accepted,JEFFERSON,,,CONN,ST,,,CRAIG,,,,,38.195822341,-85.789554310,0.354,1/28/2022 12:00:00 AM,0820,2,2,0,0,SNOWING,SNOW/SLUSH,True,OTHER INTERSECTION COLLISIONS,REAR END,STRAIGHT & LEVEL,DAYLIGHT,,,1/31/2022 8:49:58 AM,False,7360,Accepted,
29648576,0568000,LOUISVILLE METRO POLICE DEPT,Accepted,JEFFERSON,I 0265,,,,,KY0864,BEULAH CHURCH,,,,,38.123766383,-85.614764236,0.023,1/28/2022 12:00:00 AM,1233,3,3,0,0,CLOUDY,WET,False,OTHER INTERSECTION COLLISIONS,REAR END,CURVE & LEVEL,DAYLIGHT,,,2/1/2022 8:23:38 AM,False,2324,Accepted,
29648642,0561500,UNIV. OF LOUISVILLE POLICE,Accepted,JEFFERSON,KY1020,,3RD,ST,S,,,,,,,38.219882739,-85.761600713,10.274,1/28/2022 12:00:00 AM,2200,2,2,0,0,SNOWING,SNOW/SLUSH,True,COLLISION IN PARKING LOT,,STRAIGHT & LEVEL,DARK-HWY LIGHTED/ON,,,2/1/2022 8:40:07 AM,False,5690,Accepted,
29644145,0568000,LOUISVILLE METRO POLICE DEPT,Accepted,JEFFERSON,,1303,LUCAS,AVE,,,,,,,,38.192131199,-85.719034496,0.039,1/28/2022 12:00:00 AM,2020,2,2,0,0,SNOWING,SNOW/SLUSH,False,1 VEHICLE PARKED POSITION (NOT PARKING LOT/DRIVEWAY),SIDESWIPE-SAME DIRECTION,STRAIGHT & LEVEL,DARK-HWY LIGHTED/ON,,,1/31/2022 8:52:44 AM,False,5328,Accepted,
29644130,0568000,LOUISVILLE METRO POLICE DEPT,Accepted,JEFFERSON,KY0061,,PRESTON,HWY,,KY1065,OUTER,,,,,38.138446963,-85.686897769,3.936,1/28/2022 12:00:00 AM,0606,2,2,0,1,SNOWING,WET,False,REAR END - ONE VEHICLE TURNING LEFT,REAR END,STRAIGHT & LEVEL,DARK (UNKNOWN ROADWAY LIGHTING),,,1/31/2022 8:51:52 AM,False,5326,Accepted,
29644136,0568000,LOUISVILLE METRO POLICE DEPT,Accepted,JEFFERSON,I 0064,,I64 W,,,,,,,,,38.219165020,-85.431511505,22.938,1/28/2022 12:00:00 AM,2230,3,3,0,1,BLOWING SAND/SOIL/DIRT/SNOW,SNOW/SLUSH,False,OTHER COLLISIONS ON SHOULDER,ANGLE,STRAIGHT & LEVEL,DARK-HWY LIGHTED/OFF,,,1/31/2022 8:52:12 AM,False,7330,Accepted,
29644137,0568000,LOUISVILLE METRO POLICE DEPT,Accepted,JEFFERSON,US0150,,22ND,ST,N,,CLEVELAND,,,,,38.264877222,-85.784726474,0.382,1/28/2022 12:00:00 AM,2257,2,2,0,0,SNOWING,SNOW/SLUSH,False,COLLISION WITH PARKED VEHICLE,ANGLE,STRAIGHT & LEVEL,DARK-HWY LIGHTED/ON,,,1/31/2022 8:52:16 AM,False,5374,Accepted,
29644085,0568000,LOUISVILLE METRO POLICE DEPT,Accepted,JEFFERSON,US0031E,,BARDSTOWN,RD,,,JEFFERSON,,,,,38.158866994,-85.591590660,6.202,1/28/2022 12:00:00 AM,1157,2,2,0,1,CLOUDY,WET,False,ANGLE COLLISION - OTHER,ANGLE,STRAIGHT & LEVEL,DAYLIGHT,,,1/31/2022 8:50:12 AM,False,2017,Accepted,
29644086,0568000,LOUISVILLE METRO POLICE DEPT,Accepted,JEFFERSON,KY0061,,PRESTON,HWY,,,,,HIGH SCHOOL,,ST RITA,38.127265830,-85.680585068,3.127,1/28/2022 12:00:00 AM,1254,2,2,0,2,CLOUDY,WET,False,OTHER ROADWAY OR MID-BLOCK COLLISION,REAR END,STRAIGHT & LEVEL,DAYLIGHT,,,1/31/2022 8:50:17 AM,False,2017,Accepted,
29644104,0568000,LOUISVILLE METRO POLICE DEPT,Accepted,JEFFERSON,,,DELOR,AVE,,US0060A,EASTERN,,,,,38.217110706,-85.738489744,0.397,1/28/2022 12:00:00 AM,1225,2,2,0,4,CLOUDY,WET,False,OPPOSING LEFT TURN,OPPOSING LEFT TURN,STRAIGHT & LEVEL,DAYLIGHT,,,1/31/2022 8:51:12 AM,False,5397,Accepted,
29644114,0568000,LOUISVILLE METRO POLICE DEPT,Accepted,JEFFERSON,,,TUCKER STATION,RD,,KY0155,TAYLORSVILLE,,,,,38.187063589,-85.523833772,4.533,1/28/2022 12:00:00 AM,1732,2,2,0,0,SNOWING,SNOW/SLUSH,False,ANGLE COLLISION - OTHER,ANGLE,STRAIGHT & LEVEL,DUSK,,,1/31/2022 8:51:29 AM,False,2775,Accepted,
29639642,0561000,JEFFERSONTOWN POLICE DEPT,Accepted,JEFFERSON,,,KESWICK,BLVD,,,,US0060A,EASTERN,,FETTER,38.217781345,-85.737617037,0.379,1/28/2022 12:00:00 AM,1745,2,2,0,0,BLOWING SAND/SOIL/DIRT/SNOW,SNOW/SLUSH,False,1 VEHICLE PARKED POSITION (NOT PARKING LOT/DRIVEWAY),ANGLE,STRAIGHT & LEVEL,DARK-HWY LIGHTED/ON,,,1/29/2022 5:48:10 PM,False,8271,Accepted,
29644079,0568000,LOUISVILLE METRO POLICE DEPT,Accepted,JEFFERSON,KY1703,,NEWBURG,RD,,,,,GOLDSMITH,,GARDINER,38.199791477,-85.684511713,1.966,1/28/2022 12:00:00 AM,1237,2,2,0,1,CLOUDY,WET,False,OTHER ROADWAY OR MID-BLOCK COLLISION,OPPOSING LEFT TURN,STRAIGHT & LEVEL,DAYLIGHT,,,1/31/2022 8:49:54 AM,False,7400,Accepted,
29644087,0568000,LOUISVILLE METRO POLICE DEPT,Accepted,JEFFERSON,KY1865,4137,TAYLOR,BLVD,,,,,WOODLAWN,,LEHIGH,38.181203926,-85.783476452,5.146,1/28/2022 12:00:00 AM,0952,2,2,0,0,SNOWING,WET,False,1 VEHICLE ENTERING/LEAVING ENTRANCE,ANGLE,STRAIGHT & LEVEL,DAYLIGHT,,,1/31/2022 8:50:24 AM,False,5412,Accepted,
29644088,0568000,LOUISVILLE METRO POLICE DEPT,Accepted,JEFFERSON,,,MUHAMMAD ALI,BLVD,W,,6TH,,,,,38.251498132,-85.760799762,0.390,1/28/2022 12:00:00 AM,1258,2,2,0,0,CLOUDY,WET,False,ANGLE COLLISION - OTHER,ANGLE,STRAIGHT & LEVEL,DAYLIGHT,,,1/31/2022 8:50:30 AM,False,5415,Accepted,
29644097,0568000,LOUISVILLE METRO POLICE DEPT,Accepted,JEFFERSON,KY1865,,NEW CUT,RD,,,,,,,,38.130579930,-85.773659800,1.509,1/28/2022 12:00:00 AM,1604,5,5,0,4,SNOWING,SNOW/SLUSH,False,REAR END IN TRAFFIC LANES BOTH VEHICLES MOVING,REAR END,STRAIGHT & GRADE,DAYLIGHT,,,1/31/2022 8:50:57 AM,False,7234,Accepted,
29644187,0568000,LOUISVILLE METRO POLICE DEPT,Accepted,JEFFERSON,US0150,,BROADWAY,,W,,5TH,,,,,38.246214047,-85.760397770,2.305,1/28/2022 12:00:00 AM,1644,2,2,0,2,SNOWING,ICE,False,OTHER INTERSECTION COLLISIONS,REAR END,STRAIGHT & LEVEL,DAYLIGHT,,,1/31/2022 8:55:42 AM,False,5338,Accepted,
29644188,0568000,LOUISVILLE METRO POLICE DEPT,Accepted,JEFFERSON,,,CHESTNUT,ST,W,KY1020,3RD,,,,,38.248759296,-85.756403734,2.445,1/28/2022 12:00:00 AM,1720,1,1,0,1,SNOWING,ICE,False,COLLISION WITH FIXED OBJECT IN INTERSECTION - FIRST EVENT COLLISION 09 - 32,SINGLE VEHICLE,STRAIGHT & LEVEL,DAYLIGHT,,,1/31/2022 8:55:46 AM,True,5338,Accepted,
29644169,0568000,LOUISVILLE METRO POLICE DEPT,Accepted,JEFFERSON,US0150,,BROADWAY,,W,,5TH,,,,,38.246221620,-85.760021937,2.294,1/28/2022 12:00:00 AM,1651,2,2,0,0,SNOWING,ICE,True,OPPOSITE DIRECTION - BOTH VEHICLES GOING STRAIGHT AHEAD,SIDESWIPE-OPPOSITE DIRECTION,STRAIGHT & LEVEL,DAYLIGHT,,,1/31/2022 8:54:19 AM,False,7904,Accepted,
29644154,0568000,LOUISVILLE METRO POLICE DEPT,Accepted,JEFFERSON,KY1819,5502,BILLTOWN,RD,,,,,,,,38.165973537,-85.569232166,7.121,1/28/2022 12:00:00 AM,2058,2,2,0,0,SNOWING,SNOW/SLUSH,False,COLLISION IN PARKING LOT,SIDESWIPE-SAME DIRECTION,STRAIGHT & LEVEL,DARK-HWY LIGHTED/ON,,,1/31/2022 8:53:16 AM,False,5141,Accepted,
29644155,0568000,LOUISVILLE METRO POLICE DEPT,Accepted,JEFFERSON,KY0907,,3RD ST,RD,,,,,,,,38.140154366,-85.782175709,5.769,1/28/2022 12:00:00 AM,1749,2,2,0,0,SNOWING,SNOW/SLUSH,False,REAR END IN TRAFFIC LANES BOTH VEHICLES MOVING,REAR END,STRAIGHT & LEVEL,DARK-HWY LIGHTED/ON,,,1/31/2022 8:53:20 AM,False,7252,Accepted,