IncidentID,AgencyORI,AgencyName,IncidentStatusDesc,County,RdwyNumber,Street,RoadwayName,StreetSfx,StreetDir,IntersectionRdwy,IntersectionRdwyName,BetweenStRdwy1,BetweenStRdwyName1,BetweenStRdwy2,BetweenStRdwyName2,Latitude,Longitude,Milepoint,CollisionDate,CollisionTime,UnitsInvolved,MotorVehiclesInvolved,NumberKilled,NumberInjured,Weather,RdwyConditionCode,HitandRun,DirAnalysisCode,MannerofCollision,RdwyCharacter,LightCondition,RampFromRdwyId,RampToRdwyId,AcceptedDate,IsSecondaryCollision,OwnerBadge,IncidentStatus,
29644153,0568000,LOUISVILLE METRO POLICE DEPT,Accepted,JEFFERSON,I 0264,,I264 W,,,,,,,,,38.210660389,-85.672410136,15.599,1/28/2022 12:00:00 AM,1122,2,2,0,0,CLOUDY,WET,False,REAR END IN TRAFFIC LANES BOTH VEHICLES MOVING,REAR END,STRAIGHT & GRADE,DAYLIGHT,,,1/31/2022 8:53:11 AM,False,6813,Accepted,
29644111,0568000,LOUISVILLE METRO POLICE DEPT,Accepted,JEFFERSON,KY0155,,TAYLORSVILLE,RD,,,,,,,,38.223160502,-85.684300306,16.517,1/28/2022 12:00:00 AM,1722,2,2,0,0,SNOWING,ICE,False,REAR END IN TRAFFIC LANES BOTH VEHICLES MOVING,REAR END,STRAIGHT & LEVEL,DAYLIGHT,,,1/31/2022 8:51:26 AM,False,7785,Accepted,
29644122,0568000,LOUISVILLE METRO POLICE DEPT,Accepted,JEFFERSON,I 0264,,I264 W,,,,,I 0264,I264 W EXIT10 ON RAMP FROM KY1020,I 0264,I264 W EXIT9 OFF RAMP TO KY1865,38.189524503,-85.777021171,9.587,1/28/2022 12:00:00 AM,1639,2,2,0,0,SNOWING,SNOW/SLUSH,False,REAR END IN TRAFFIC LANES BOTH VEHICLES MOVING,REAR END,STRAIGHT & LEVEL,DAYLIGHT,,,1/31/2022 8:51:38 AM,False,5221,Accepted,
29644164,0568000,LOUISVILLE METRO POLICE DEPT,Accepted,JEFFERSON,,1705,HARVARD,DR,,,,,,,,38.220437655,-85.697676201,0.421,1/28/2022 12:00:00 AM,1706,4,4,0,0,SNOWING,ICE,False,1 VEHICLE PARKED POSITION (NOT PARKING LOT/DRIVEWAY),SIDESWIPE-SAME DIRECTION,CURVE & GRADE,DAYLIGHT,,,1/31/2022 8:53:54 AM,False,2100,Accepted,
29644222,0568000,LOUISVILLE METRO POLICE DEPT,Accepted,JEFFERSON,,,WITTEN,DR,,,,,,,,38.122382963,-85.855193697,0.031,1/28/2022 12:00:00 AM,1141,2,2,0,0,CLOUDY,DRY,False,SIDESWIPE COLLISION - SAME DIRECTION,SIDESWIPE-SAME DIRECTION,STRAIGHT & LEVEL,DAYLIGHT,,,1/31/2022 8:58:02 AM,False,7244,Accepted,
29644226,0568000,LOUISVILLE METRO POLICE DEPT,Accepted,JEFFERSON,,,BROOK,ST,S,,BURNETT,,,,,38.226597303,-85.755075297,1.436,1/28/2022 12:00:00 AM,1219,2,2,0,0,CLOUDY,DRY,False,SIDESWIPE-SAME DIRECTION,SIDESWIPE-SAME DIRECTION,STRAIGHT & LEVEL,DAYLIGHT,,,1/31/2022 8:58:33 AM,False,7619,Accepted,
29648577,0568000,LOUISVILLE METRO POLICE DEPT,Accepted,JEFFERSON,,,PARK,RD,S,,,,LAZY RUN,KY1450,BLUE LICK,38.115950923,-85.684398725,0.416,1/28/2022 12:00:00 AM,1632,2,2,0,0,SNOWING,SNOW/SLUSH,False,OTHER ROADWAY OR MID-BLOCK COLLISION,REAR END,CURVE & GRADE,DAYLIGHT,,,2/1/2022 8:23:43 AM,False,2324,Accepted,
29656884,0568000,LOUISVILLE METRO POLICE DEPT,Accepted,JEFFERSON,I 0264,,I264 W,,,I 0264,I264 W EXIT14 OFF RAMP TO KY864,,,,,38.199433464,-85.701470125,13.804,1/28/2022 12:00:00 AM,2342,2,2,0,0,SNOWING,SNOW/SLUSH,False,ANGLE COLLISION - OTHER,ANGLE,STRAIGHT & LEVEL,DARK-HWY LIGHTED/ON,,,2/3/2022 7:46:12 AM,False,7972,Accepted,
29656861,0568000,LOUISVILLE METRO POLICE DEPT,Accepted,JEFFERSON,KY1020,,SOUTHERN,PKWY,,,WOODLAWN,,,,,38.181813390,-85.768434038,7.837,1/28/2022 12:00:00 AM,0806,2,2,0,0,CLOUDY,SNOW/SLUSH,True,ANGLE COLLISION - OTHER,ANGLE,,DAYLIGHT,,,2/3/2022 7:44:54 AM,False,5139,Accepted,
29753453,0568000,LOUISVILLE METRO POLICE DEPT,Accepted,JEFFERSON,,,COLONEL HANCOCK,DR,,,,,,,,38.131245140,-85.566125483,0.642,1/28/2022 12:00:00 AM,2130,2,2,0,0,SNOWING,ICE,False,HEAD-ON COLLISION,HEAD ON,STRAIGHT & LEVEL,DARK-HWY LIGHTED/ON,,,2/28/2022 8:35:28 AM,False,7670,Accepted,
29831048,0568000,LOUISVILLE METRO POLICE DEPT,Accepted,JEFFERSON,,,KENTUCKY,ST,W,KY1020,2ND,,,,,38.238559611,-85.756317178,3.731,1/28/2022 12:00:00 AM,1726,1,1,0,0,SNOWING,SNOW/SLUSH,False,COLLISION WITH FIXED OBJECT IN INTERSECTION - FIRST EVENT COLLISION 09 - 32,SINGLE VEHICLE,STRAIGHT & LEVEL,DAYLIGHT,,,3/18/2022 8:22:47 AM,False,5186,Accepted,
29703472,0568000,LOUISVILLE METRO POLICE DEPT,Accepted,JEFFERSON,I 0264,,I264 E,,,,,,,,,38.191906515,-85.713686723,12.958,1/28/2022 12:00:00 AM,2342,3,1,0,1,CLEAR,SNOW/SLUSH,False,1 VEHICLE ENTERING/LEAVING ENTRANCE,ANGLE,STRAIGHT & LEVEL,DARK-HWY LIGHTED/ON,,,2/15/2022 4:56:45 PM,False,5328,Accepted,
29696544,0568000,LOUISVILLE METRO POLICE DEPT,Accepted,JEFFERSON,,,INVERNESS,AVE,,,5TH,,,,,38.167806093,-85.772111826,0.401,1/27/2022 12:00:00 AM,1835,2,2,1,0,CLEAR,DRY,False,ANGLE COLLISION - OTHER,ANGLE,STRAIGHT & LEVEL,DARK-HWY LIGHTED/ON,,,2/14/2022 8:36:06 AM,False,7628,Accepted,
29667754,0568000,LOUISVILLE METRO POLICE DEPT,Accepted,JEFFERSON,I 0065,,,,,,,,,,,38.139304095,-85.708804492,1.338,1/27/2022 12:00:00 AM,1632,2,2,0,0,CLOUDY,DRY,False,OTHER RAMP RELATED COLLISIONS NOT LISTED ABOVE,REAR END,STRAIGHT & LEVEL,DAYLIGHT,I 0065,KY1065,2/7/2022 8:39:06 AM,False,7484,Accepted,
29667772,0568000,LOUISVILLE METRO POLICE DEPT,Accepted,JEFFERSON,,1722,CHESTNUT,ST,W,,,,18TH,,17TH,38.251437084,-85.780566847,1.118,1/27/2022 12:00:00 AM,2358,2,2,0,0,SNOWING,WET,True,1 VEHICLE PARKED POSITION (NOT PARKING LOT/DRIVEWAY),SIDESWIPE-SAME DIRECTION,STRAIGHT & LEVEL,DARK-HWY LIGHTED/ON,,,2/7/2022 8:40:11 AM,False,5021,Accepted,
29712473,0568000,LOUISVILLE METRO POLICE DEPT,Accepted,JEFFERSON,,,EASTERN,PKWY,,,,,,,,38.236144333,-85.703208044,0.358,1/27/2022 12:00:00 AM,1633,2,2,0,0,CLOUDY,DRY,False,1 VEHICLE ENTERING/LEAVING ENTRANCE,ANGLE,STRAIGHT & LEVEL,DAYLIGHT,,,2/17/2022 2:34:56 PM,False,2738,Accepted,
29635345,0568000,LOUISVILLE METRO POLICE DEPT,Accepted,JEFFERSON,,,EXETER,AVE,,,INDIAN,,,,,38.181774636,-85.670477350,0.270,1/27/2022 12:00:00 AM,1458,2,2,0,0,CLEAR,DRY,False,OPPOSITE DIRECTION - BOTH VEHICLES GOING STRAIGHT AHEAD,SIDESWIPE-OPPOSITE DIRECTION,STRAIGHT & LEVEL,DAYLIGHT,,,1/28/2022 7:19:31 AM,False,5146,Accepted,
29635370,0568000,LOUISVILLE METRO POLICE DEPT,Accepted,JEFFERSON,,1911,GRIFFITHS,AVE,,,,,20TH,,19TH,38.263393095,-85.781121902,0.108,1/27/2022 12:00:00 AM,1915,3,3,0,0,CLOUDY,DRY,False,1 VEHICLE PARKED POSITION (NOT PARKING LOT/DRIVEWAY),SIDESWIPE-SAME DIRECTION,STRAIGHT & LEVEL,DARK-HWY LIGHTED/ON,,,1/28/2022 7:20:48 AM,False,5199,Accepted,
29648592,0568000,LOUISVILLE METRO POLICE DEPT,Accepted,JEFFERSON,,524,WOODLAWN,AVE,W,,,,,,,38.182107585,-85.770864445,0.491,1/27/2022 12:00:00 AM,2238,2,2,0,0,CLEAR,DRY,True,1 VEHICLE PARKED POSITION (NOT PARKING LOT/DRIVEWAY),ANGLE,STRAIGHT & LEVEL,DARK-HWY LIGHTED/ON,,,2/1/2022 8:24:44 AM,False,5316,Accepted,
29635350,0568000,LOUISVILLE METRO POLICE DEPT,Accepted,JEFFERSON,,,MARKET,ST,W,,36TH,,,,,38.261315661,-85.809899297,1.274,1/27/2022 12:00:00 AM,1820,2,2,0,0,CLEAR,DRY,True,ANGLE COLLISION - ONE VEHICLE TURNING LEFT,ANGLE,STRAIGHT & LEVEL,DARK-HWY LIGHTED/ON,,,1/28/2022 7:19:57 AM,False,5282,Accepted,
29635351,0568000,LOUISVILLE METRO POLICE DEPT,Accepted,JEFFERSON,KY1065,,OUTER,LOOP,,,,,,,,38.127239638,-85.747409325,2.735,1/27/2022 12:00:00 AM,1809,2,2,0,0,CLEAR,DRY,False,OTHER ROADWAY OR MID-BLOCK COLLISION,OPPOSING LEFT TURN,STRAIGHT & LEVEL,DAYLIGHT,,,1/28/2022 7:20:03 AM,False,7234,Accepted,
29635352,0568000,LOUISVILLE METRO POLICE DEPT,Accepted,JEFFERSON,I 0265,,I265 N,,,,,,,,,38.313891301,-85.579804362,34.589,1/27/2022 12:00:00 AM,0640,2,2,0,1,CLEAR,DRY,False,SIDESWIPE COLLISION - SAME DIRECTION,SIDESWIPE-SAME DIRECTION,STRAIGHT & LEVEL,DAWN,,,1/28/2022 7:20:10 AM,False,5030,Accepted,
29635367,0568000,LOUISVILLE METRO POLICE DEPT,Accepted,JEFFERSON,KY1065,1851,OUTER,LOOP,,,,,,,,38.133204649,-85.728342621,3.697,1/27/2022 12:00:00 AM,1850,2,2,0,0,CLEAR,DRY,True,1 VEHICLE ENTERING/LEAVING ENTRANCE,ANGLE,STRAIGHT & LEVEL,DARK-HWY LIGHTED/ON,,,1/28/2022 7:20:37 AM,False,5326,Accepted,
29635368,0568000,LOUISVILLE METRO POLICE DEPT,Accepted,JEFFERSON,US0031W,,BERNHEIM,LN,,,DIXIE,,,,,38.221631332,-85.793773561,17.542,1/27/2022 12:00:00 AM,2112,2,2,0,0,SNOWING,WET,False,OTHER INTERSECTION COLLISIONS,REAR END,STRAIGHT & LEVEL,DARK-HWY LIGHTED/ON,,,1/28/2022 7:20:40 AM,False,5407,Accepted,
29648575,0568000,LOUISVILLE METRO POLICE DEPT,Accepted,JEFFERSON,,,JEFFERSON,ST,E,,1ST,,,,,38.253301144,-85.752093076,1.048,1/27/2022 12:00:00 AM,1349,2,2,0,2,CLOUDY,DRY,False,ANGLE COLLISION - OTHER,ANGLE,STRAIGHT & LEVEL,DAYLIGHT,,,2/1/2022 8:23:34 AM,False,6360,Accepted,
29635341,0568000,LOUISVILLE METRO POLICE DEPT,Accepted,JEFFERSON,US0031E,,BARDSTOWN,RD,,,KENTUCKY,,,,,38.159707035,-85.591978718,6.263,1/27/2022 12:00:00 AM,0648,2,2,0,0,CLEAR,DRY,False,ANGLE COLLISION - OTHER,ANGLE,STRAIGHT & GRADE,DARK-HWY NOT LIGHTED,,,1/28/2022 7:19:13 AM,False,2017,Accepted,
29635366,0568000,LOUISVILLE METRO POLICE DEPT,Accepted,JEFFERSON,,,OAK,ST,W,,,,,,,38.236644719,-85.778374130,1.260,1/27/2022 12:00:00 AM,2016,2,2,0,1,CLEAR,DRY,True,1 VEHICLE ENTERING/LEAVING ENTRANCE,ANGLE,STRAIGHT & GRADE,DARK-HWY LIGHTED/ON,,,1/28/2022 7:20:32 AM,False,7357,Accepted,
29635343,0568000,LOUISVILLE METRO POLICE DEPT,Accepted,JEFFERSON,,,7TH,ST,S,US0031W,MARKET,,,,,38.255792276,-85.761740615,2.670,1/27/2022 12:00:00 AM,1522,2,1,0,1,CLOUDY,DRY,False,COLLISION WITH PEDESTRIAN IN INTERSECTION,SINGLE VEHICLE,STRAIGHT & LEVEL,DAYLIGHT,,,1/28/2022 7:19:23 AM,False,5173,Accepted,
29635344,0568000,LOUISVILLE METRO POLICE DEPT,Accepted,JEFFERSON,KY1932,,BRECKENRIDGE,LN,,,,,HIKES,,CHURCHILL PARK,38.217446205,-85.628021612,2.636,1/27/2022 12:00:00 AM,1615,2,2,0,1,CLEAR,DRY,False,OTHER ROADWAY OR MID-BLOCK COLLISION,OPPOSING LEFT TURN,STRAIGHT & LEVEL,DAYLIGHT,,,1/28/2022 7:19:28 AM,False,5288,Accepted,
29631214,0568000,LOUISVILLE METRO POLICE DEPT,Accepted,JEFFERSON,KY1931,,ST ANDREWS CHURCH,RD,,,PENNACOOK,,,,,38.154504953,-85.802822940,5.408,1/27/2022 12:00:00 AM,0502,2,2,0,1,CLEAR,DRY,False,ANGLE COLLISION - OTHER,ANGLE,STRAIGHT & LEVEL,DUSK,,,1/27/2022 8:06:48 AM,False,5059,Accepted,
29631207,0568000,LOUISVILLE METRO POLICE DEPT,Accepted,JEFFERSON,I 0064,,I64 W,,,,,,,,,38.242289124,-85.693075229,8.405,1/27/2022 12:00:00 AM,0037,1,1,0,0,CLEAR,DRY,False,COLLISION WITH FIXED OBJECT NON - INTERSECTION - FIRST EVENT COLLISION 09 - 32 EXCLUDING 16,SINGLE VEHICLE,CURVE & GRADE,DARK-HWY LIGHTED/ON,,,1/27/2022 8:06:26 AM,False,2034,Accepted,
29631222,0568000,LOUISVILLE METRO POLICE DEPT,Accepted,JEFFERSON,KY0146,,LA GRANGE,RD,,I 0265,I265 N EXIT30 ON RAMP FROM KY146,,,,,38.288246131,-85.513177539,7.466,1/27/2022 12:00:00 AM,0504,3,3,0,0,CLEAR,DRY,False,OPPOSING LEFT TURN,OPPOSING LEFT TURN,STRAIGHT & LEVEL,DARK-HWY LIGHTED/ON,,,1/27/2022 8:07:01 AM,False,7440,Accepted,
29635334,0568000,LOUISVILLE METRO POLICE DEPT,Accepted,JEFFERSON,KY1934,,CANE RUN,RD,,,CRUMS,,,,,38.195358862,-85.842486228,8.784,1/27/2022 12:00:00 AM,0827,2,2,0,0,CLOUDY,DRY,True,ANGLE COLLISION - OTHER,ANGLE,STRAIGHT & LEVEL,DAYLIGHT,,,1/28/2022 7:18:40 AM,False,2569,Accepted,
29631211,0568000,LOUISVILLE METRO POLICE DEPT,Accepted,JEFFERSON,KY0864,3227,POPLAR LEVEL,RD,,,,,,,,38.159333608,-85.663230463,7.604,1/27/2022 12:00:00 AM,0036,1,1,0,1,CLEAR,DRY,False,COLLISION WITH FIXED OBJECT NON - INTERSECTION - FIRST EVENT COLLISION 09 - 32 EXCLUDING 16,SINGLE VEHICLE,STRAIGHT & LEVEL,DARK-HWY LIGHTED/ON,,,1/27/2022 8:06:40 AM,False,5305,Accepted,
29635330,0568000,LOUISVILLE METRO POLICE DEPT,Accepted,JEFFERSON,KY1747,,FERN VALLEY,RD,,,ULRICH,,,,,38.157000049,-85.708057692,1.326,1/27/2022 12:00:00 AM,0757,2,2,0,0,CLEAR,DRY,False,OPPOSING LEFT TURN,OPPOSING LEFT TURN,STRAIGHT & LEVEL,DAWN,,,1/28/2022 7:18:22 AM,False,7669,Accepted,
29635338,0568000,LOUISVILLE METRO POLICE DEPT,Accepted,JEFFERSON,KY1934,,CANE RUN,RD,,,DONALD,,,,,38.191790667,-85.848208798,8.434,1/27/2022 12:00:00 AM,0759,2,2,0,1,CLEAR,DRY,False,OTHER INTERSECTION COLLISIONS,REAR END,STRAIGHT & LEVEL,DAYLIGHT,,,1/28/2022 7:19:03 AM,False,5240,Accepted,
29635339,0568000,LOUISVILLE METRO POLICE DEPT,Accepted,JEFFERSON,KY2049,,CRUMS,LN,,,SUNFLOWER,,,,,38.197080413,-85.832236279,0.313,1/27/2022 12:00:00 AM,1115,2,2,0,1,CLEAR,DRY,False,COLLISION WITH PARKED VEHICLE,ANGLE,STRAIGHT & LEVEL,DAYLIGHT,,,1/28/2022 7:19:08 AM,False,5240,Accepted,
29635346,0568000,LOUISVILLE METRO POLICE DEPT,Accepted,JEFFERSON,KY1934,,CANE RUN,RD,,,RALPH,,,,,38.208380261,-85.825562077,10.095,1/27/2022 12:00:00 AM,0831,2,2,0,0,CLEAR,DRY,False,SIDESWIPE-SAME DIRECTION,SIDESWIPE-SAME DIRECTION,STRAIGHT & LEVEL,DAYLIGHT,,,1/28/2022 7:19:36 AM,False,7656,Accepted,
29635348,0568000,LOUISVILLE METRO POLICE DEPT,Accepted,JEFFERSON,,,PHILLIPS,LN,,,,,,,,38.191368132,-85.743433165,0.497,1/27/2022 12:00:00 AM,1132,1,1,0,1,CLOUDY,DRY,False,COLLISION WITH FIXED OBJECT NON - INTERSECTION - FIRST EVENT COLLISION 09 - 32 EXCLUDING 16,SINGLE VEHICLE,STRAIGHT & LEVEL,DAYLIGHT,,,1/28/2022 7:19:46 AM,False,7398,Accepted,
29635336,0568000,LOUISVILLE METRO POLICE DEPT,Accepted,JEFFERSON,KY1865,,NEW CUT,RD,,,,,,,,38.143704887,-85.774798955,2.522,1/27/2022 12:00:00 AM,0900,2,2,0,0,CLEAR,DRY,False,REAR END IN TRAFFIC LANES BOTH VEHICLES MOVING,REAR END,STRAIGHT & LEVEL,DAYLIGHT,,,1/28/2022 7:18:52 AM,False,5414,Accepted,
29635337,0568000,LOUISVILLE METRO POLICE DEPT,Accepted,JEFFERSON,KY0155,,TAYLORSVILLE,RD,,,PLEASANT GLEN,,,,,38.187463861,-85.519242480,6.624,1/27/2022 12:00:00 AM,0659,3,3,0,1,CLOUDY,DRY,False,ANGLE COLLISION - OTHER,ANGLE,STRAIGHT & LEVEL,DARK (UNKNOWN ROADWAY LIGHTING),,,1/28/2022 7:18:58 AM,False,4693,Accepted,
29635362,0568000,LOUISVILLE METRO POLICE DEPT,Accepted,JEFFERSON,KY1819,,BILLTOWN,RD,,,MARY DELL,,,,,38.167617417,-85.570270241,7.249,1/27/2022 12:00:00 AM,1456,2,2,0,0,CLOUDY,DRY,False,OTHER INTERSECTION COLLISIONS,REAR END,STRAIGHT & LEVEL,DAYLIGHT,,,1/28/2022 7:20:22 AM,False,7698,Accepted,
29635364,0568000,LOUISVILLE METRO POLICE DEPT,Accepted,JEFFERSON,KY1065,,SEATONVILLE,RD,,KY1065,LOVERS,,,,,38.150824955,-85.579878193,12.270,1/27/2022 12:00:00 AM,1808,3,3,0,0,CLOUDY,DRY,False,OPPOSING LEFT TURN,OPPOSING LEFT TURN,CURVE & GRADE,DUSK,,,1/28/2022 7:20:25 AM,False,7698,Accepted,
29635365,0568000,LOUISVILLE METRO POLICE DEPT,Accepted,JEFFERSON,US0060A,,LEXINGTON,RD,,KY2048,CANNONS,,,,,38.249614254,-85.666928509,9.969,1/27/2022 12:00:00 AM,2213,2,2,0,0,SNOWING,WET,False,ANGLE COLLISION - OTHER,ANGLE,CURVE & LEVEL,DARK-HWY LIGHTED/ON,,,1/28/2022 7:20:29 AM,False,2034,Accepted,
29635356,0568000,LOUISVILLE METRO POLICE DEPT,Accepted,JEFFERSON,KY1934,,CANE RUN,RD,,,,,,,,38.177809079,-85.863428875,7.095,1/26/2022 12:00:00 AM,0551,2,2,0,2,CLEAR,DRY,False,SIDESWIPE COLLISION - SAME DIRECTION,SIDESWIPE-SAME DIRECTION,STRAIGHT & LEVEL,DARK-HWY LIGHTED/ON,,,1/28/2022 7:20:15 AM,False,5170,Accepted,
29635347,0568000,LOUISVILLE METRO POLICE DEPT,Accepted,JEFFERSON,,,GOLDSMITH,LN,,,,,TRAFALGAR,US0031E,BARDSTOWN,38.207937157,-85.669776954,0.998,1/26/2022 12:00:00 AM,0935,2,2,0,0,CLEAR,DRY,False,SIDESWIPE COLLISION - SAME DIRECTION,SIDESWIPE-SAME DIRECTION,STRAIGHT & LEVEL,DAYLIGHT,,,1/28/2022 7:19:40 AM,False,5247,Accepted,
29635331,0568000,LOUISVILLE METRO POLICE DEPT,Accepted,JEFFERSON,KY0022,,BROWNSBORO,RD,,,,,,,,38.312953157,-85.567168409,4.456,1/26/2022 12:00:00 AM,1852,2,2,0,0,CLEAR,DRY,False,REAR END IN TRAFFIC LANES BOTH VEHICLES MOVING,REAR END,STRAIGHT & LEVEL,DARK-HWY LIGHTED/ON,,,1/28/2022 7:18:27 AM,False,2489,Accepted,
29631212,0568000,LOUISVILLE METRO POLICE DEPT,Accepted,JEFFERSON,,2703,HIKES,LN,,,,,,,,38.204491967,-85.651355259,1.466,1/26/2022 12:00:00 AM,2057,2,2,0,2,CLEAR,DRY,False,1 VEHICLE ENTERING/LEAVING ENTRANCE,ANGLE,STRAIGHT & LEVEL,DARK-HWY LIGHTED/ON,,,1/27/2022 8:06:44 AM,False,5332,Accepted,
29631200,0568000,LOUISVILLE METRO POLICE DEPT,Accepted,JEFFERSON,,,NORTON HEALTHCARE,BLVD,,,,,VON ALLMEN,,PARKING LOT ENTERANCE,38.312078090,-85.571513302,,1/26/2022 12:00:00 AM,0726,2,2,0,3,CLOUDY,DRY,False,HEAD-ON COLLISION,HEAD ON,STRAIGHT & LEVEL,DARK-HWY NOT LIGHTED,,,1/27/2022 8:06:02 AM,False,7751,Accepted,
29631201,0568000,LOUISVILLE METRO POLICE DEPT,Accepted,JEFFERSON,KY1747,,FERN VALLEY,RD,,KY6319,SIGNATURE,,,,,38.157303421,-85.714422211,0.974,1/26/2022 12:00:00 AM,1742,2,2,0,0,CLEAR,DRY,False,OPPOSING LEFT TURN,OPPOSING LEFT TURN,STRAIGHT & GRADE,DAYLIGHT,,,1/27/2022 8:06:06 AM,False,7669,Accepted,
29631210,0568000,LOUISVILLE METRO POLICE DEPT,Accepted,JEFFERSON,I 0065,,I65 N,,,,,,,,,38.205568963,-85.742755805,132.064,1/26/2022 12:00:00 AM,2209,6,6,0,1,CLEAR,DRY,False,REAR END IN TRAFFIC LANES BOTH VEHICLES MOVING,REAR END,STRAIGHT & LEVEL,DARK-HWY LIGHTED/ON,,,1/27/2022 8:06:34 AM,True,5316,Accepted,
29631195,0568000,LOUISVILLE METRO POLICE DEPT,Accepted,JEFFERSON,I 0065,,I65 S,,,,,,,,,38.168773620,-85.720844789,129.078,1/26/2022 12:00:00 AM,1030,2,2,0,1,CLEAR,DRY,False,1 VEHICLE ENTERING/LEAVING ENTRANCE,ANGLE,STRAIGHT & LEVEL,DAYLIGHT,,,1/27/2022 8:05:45 AM,False,4693,Accepted,
29627008,0568000,LOUISVILLE METRO POLICE DEPT,Accepted,JEFFERSON,,,HILL,ST,W,,7TH,,,,,38.226767263,-85.769146909,0.655,1/26/2022 12:00:00 AM,0328,2,2,0,0,CLEAR,DRY,False,OTHER INTERSECTION COLLISIONS,REAR END,STRAIGHT & LEVEL,DARK-HWY LIGHTED/ON,,,1/26/2022 8:22:00 AM,True,5379,Accepted,
29631186,0568000,LOUISVILLE METRO POLICE DEPT,Accepted,JEFFERSON,KY1932,,BRECKENRIDGE,LN,,KY1932,KY1932 TURN LANE,,,,,38.181421217,-85.626687335,0.018,1/26/2022 12:00:00 AM,0914,2,2,0,0,CLEAR,DRY,False,SIDESWIPE-SAME DIRECTION,SIDESWIPE-SAME DIRECTION,CURVE & LEVEL,DAYLIGHT,,,1/27/2022 8:05:42 AM,False,7739,Accepted,
29635335,0568000,LOUISVILLE METRO POLICE DEPT,Accepted,JEFFERSON,,,WILSON,AVE,,,GAULBERT,,,,,38.229555587,-85.804435411,1.734,1/26/2022 12:00:00 AM,0920,2,2,0,0,CLEAR,DRY,True,OTHER INTERSECTION COLLISIONS,REAR TO REAR,STRAIGHT & LEVEL,DAYLIGHT,,,1/28/2022 7:18:43 AM,False,2569,Accepted,
29631196,0568000,LOUISVILLE METRO POLICE DEPT,Accepted,JEFFERSON,KY0061,,PRESTON,HWY,,,,I 0265,I265 W EXIT12 ON RAMP FROM KY61 N,KY6299,COMMERCE CROSSINGS,38.104873204,-85.673358447,1.512,1/26/2022 12:00:00 AM,1250,3,3,0,2,CLEAR,DRY,False,1 VEHICLE ENTERING/LEAVING ENTRANCE,ANGLE,STRAIGHT & LEVEL,DAYLIGHT,,,1/27/2022 8:05:50 AM,False,2017,Accepted,
29631198,0568000,LOUISVILLE METRO POLICE DEPT,Accepted,JEFFERSON,US0031E,,BARDSTOWN,RD,,,,,,,,38.138778529,-85.581791101,4.712,1/26/2022 12:00:00 AM,1443,2,2,0,0,CLEAR,DRY,False,REAR END IN TRAFFIC LANES BOTH VEHICLES MOVING,REAR END,STRAIGHT & LEVEL,DAYLIGHT,,,1/27/2022 8:05:54 AM,False,7698,Accepted,
29631204,0568000,LOUISVILLE METRO POLICE DEPT,Accepted,JEFFERSON,,,3RD,ST,S,KY2801,FLORENCE,,,,,38.191136692,-85.764886328,0.647,1/26/2022 12:00:00 AM,1623,2,2,0,0,CLEAR,DRY,True,SIDESWIPE-SAME DIRECTION,SIDESWIPE-SAME DIRECTION,STRAIGHT & HILLCREST,DAYLIGHT,,,1/27/2022 8:06:14 AM,False,5405,Accepted,
29631205,0568000,LOUISVILLE METRO POLICE DEPT,Accepted,JEFFERSON,KY0146,,NEW LA GRANGE,RD,,,,,,,,38.255156308,-85.610247430,0.564,1/26/2022 12:00:00 AM,1900,2,2,0,0,CLEAR,DRY,False,OTHER ROADWAY OR MID-BLOCK COLLISION,REAR END,STRAIGHT & LEVEL,DARK-HWY LIGHTED/OFF,,,1/27/2022 8:06:18 AM,False,6777,Accepted,
29631206,0568000,LOUISVILLE METRO POLICE DEPT,Accepted,JEFFERSON,,,ROY WILKINS,AVE,,,MAGAZINE,,,,,38.248552774,-85.766436683,0.626,1/26/2022 12:00:00 AM,1410,3,3,0,1,CLEAR,DRY,False,ANGLE COLLISION - OTHER,ANGLE,STRAIGHT & LEVEL,DAYLIGHT,,,1/27/2022 8:06:22 AM,False,6360,Accepted,
29653238,0568000,LOUISVILLE METRO POLICE DEPT,Accepted,JEFFERSON,US0150,,BROADWAY,,W,,20TH,,,,,38.249211381,-85.785690861,0.869,1/26/2022 12:00:00 AM,1206,2,2,0,0,CLEAR,DRY,False,OTHER INTERSECTION COLLISIONS,REAR END,STRAIGHT & LEVEL,DAYLIGHT,,,2/2/2022 8:20:31 AM,False,5108,Accepted,
29639087,0566900,LOUISVILLE AIRPORT POLICE,Accepted,JEFFERSON,,,MARTHA MOLONEY,DR,,,,,,,,38.187696200,-85.750768760,0.015,1/26/2022 12:00:00 AM,1219,2,2,0,0,CLEAR,WET,False,REAR END IN TRAFFIC LANES BOTH VEHICLES MOVING,REAR END,STRAIGHT & LEVEL,DAYLIGHT,,,1/29/2022 1:57:36 PM,False,5816,Accepted,