IncidentID,AgencyORI,AgencyName,IncidentStatusDesc,County,RdwyNumber,Street,RoadwayName,StreetSfx,StreetDir,IntersectionRdwy,IntersectionRdwyName,BetweenStRdwy1,BetweenStRdwyName1,BetweenStRdwy2,BetweenStRdwyName2,Latitude,Longitude,Milepoint,CollisionDate,CollisionTime,UnitsInvolved,MotorVehiclesInvolved,NumberKilled,NumberInjured,Weather,RdwyConditionCode,HitandRun,DirAnalysisCode,MannerofCollision,RdwyCharacter,LightCondition,RampFromRdwyId,RampToRdwyId,AcceptedDate,IsSecondaryCollision,OwnerBadge,IncidentStatus,
29667778,0568000,LOUISVILLE METRO POLICE DEPT,Accepted,JEFFERSON,KY1932,,BRECKENRIDGE,LN,,KY6158,PUMP STATE ACCESS,,,,,38.195550838,-85.625350023,0.964,1/26/2022 12:00:00 AM,1835,2,2,0,0,CLEAR,DRY,False,REAR END - ONE VEHICLE TURNING RIGHT,REAR END,STRAIGHT & LEVEL,DARK-HWY NOT LIGHTED,,,2/7/2022 8:40:31 AM,False,7739,Accepted,
29667803,0568000,LOUISVILLE METRO POLICE DEPT,Accepted,JEFFERSON,I 0065,,I65 N,,,,,,,,,38.242149104,-85.752707976,135.011,1/26/2022 12:00:00 AM,2353,2,2,0,0,CLEAR,DRY,True,SIDESWIPE COLLISION - SAME DIRECTION,SIDESWIPE-SAME DIRECTION,STRAIGHT & LEVEL,DARK-HWY LIGHTED/ON,,,2/7/2022 8:42:16 AM,False,5371,Accepted,
29667753,0568000,LOUISVILLE METRO POLICE DEPT,Accepted,JEFFERSON,KY2052,,SHEPHERDSVILLE,RD,,KY1747,FERN VALLEY,,,,,38.156004452,-85.659783742,1.207,1/26/2022 12:00:00 AM,1445,2,2,0,0,CLEAR,DRY,True,OTHER INTERSECTION COLLISIONS,REAR END,STRAIGHT & LEVEL,DAYLIGHT,,,2/7/2022 8:38:59 AM,False,7484,Accepted,
29656859,0568000,LOUISVILLE METRO POLICE DEPT,Accepted,JEFFERSON,KY1931,,GREENWOOD,RD,,,RUTLEDGE,,,,,38.145165653,-85.882915245,0.773,1/26/2022 12:00:00 AM,0832,2,2,0,0,CLEAR,DRY,False,OTHER INTERSECTION COLLISIONS,REAR END,CURVE & LEVEL,DAYLIGHT,,,2/3/2022 7:44:46 AM,False,7140,Accepted,
29697134,0561500,UNIV. OF LOUISVILLE POLICE,Accepted,JEFFERSON,KY1020,,3RD,ST,S,,,,,,,38.212773321,-85.761338061,9.921,1/26/2022 12:00:00 AM,,2,2,0,0,,,True,COLLISION IN PARKING LOT,ANGLE,STRAIGHT & LEVEL,,,,2/14/2022 10:58:59 AM,False,5691,Accepted,
29701163,0568000,LOUISVILLE METRO POLICE DEPT,Accepted,JEFFERSON,,,28TH,ST,S,,BROADWAY,,,,,38.249599435,-85.798278082,0.796,1/26/2022 12:00:00 AM,1233,4,4,0,0,CLEAR,DRY,False,ANGLE COLLISION - OTHER,ANGLE,STRAIGHT & LEVEL,DAYLIGHT,,,2/15/2022 8:14:14 AM,True,5344,Accepted,
29712504,0568000,LOUISVILLE METRO POLICE DEPT,Accepted,JEFFERSON,US0031E,3616,BUECHEL,BYP,,,,KY2052,HIKES,US0031E,BARDSTOWN,38.198623864,-85.661456542,11.006,1/25/2022 12:00:00 AM,1754,3,3,0,1,CLEAR,DRY,False,1 VEHICLE ENTERING/LEAVING ENTRANCE,ANGLE,STRAIGHT & LEVEL,DAYLIGHT,,,2/17/2022 2:36:54 PM,False,5269,Accepted,
29648602,0568000,LOUISVILLE METRO POLICE DEPT,Accepted,JEFFERSON,,1600,GARDINER,LN,,,,,,,,38.205924448,-85.684636386,0.399,1/25/2022 12:00:00 AM,0230,1,1,0,0,CLEAR,DRY,False,COLLISION IN PARKING LOT,SINGLE VEHICLE,STRAIGHT & LEVEL,DARK-HWY LIGHTED/ON,,,2/1/2022 8:25:13 AM,False,7948,Accepted,
29644158,0568000,LOUISVILLE METRO POLICE DEPT,Accepted,JEFFERSON,KY1747,,FERN VALLEY,RD,,,JEFFERSON,,,,,38.156895923,-85.671525360,3.323,1/25/2022 12:00:00 AM,1653,2,2,0,2,CLOUDY,DRY,False,ANGLE COLLISION - ONE VEHICLE TURNING LEFT,ANGLE,STRAIGHT & LEVEL,DAYLIGHT,,,1/31/2022 8:53:35 AM,False,2547,Accepted,
29635333,0568000,LOUISVILLE METRO POLICE DEPT,Accepted,JEFFERSON,I 0264,,I264 E,,,,,,,,,38.208033027,-85.676156898,15.327,1/25/2022 12:00:00 AM,1634,2,2,0,0,CLEAR,DRY,False,REAR END IN TRAFFIC LANES BOTH VEHICLES MOVING,REAR END,STRAIGHT & LEVEL,DAYLIGHT,,,1/28/2022 7:18:36 AM,False,8278,Accepted,
29626995,0568000,LOUISVILLE METRO POLICE DEPT,Accepted,JEFFERSON,US0031W,4900B,DIXIE,HWY,,,,,,,,38.168579337,-85.828581804,13.268,1/25/2022 12:00:00 AM,1804,2,2,0,0,CLEAR,DRY,True,SIDESWIPE COLLISION - SAME DIRECTION,SIDESWIPE-SAME DIRECTION,STRAIGHT & LEVEL,DUSK,,,1/26/2022 8:20:41 AM,False,7485,Accepted,
29627001,0568000,LOUISVILLE METRO POLICE DEPT,Accepted,JEFFERSON,,,WELLINGTON,AVE,E,,1ST,,,,,38.183561535,-85.762421216,0.004,1/25/2022 12:00:00 AM,1546,2,2,0,2,CLEAR,DRY,False,ANGLE COLLISION - OTHER,ANGLE,STRAIGHT & LEVEL,DAYLIGHT,,,1/26/2022 8:21:20 AM,False,5412,Accepted,
29627004,0568000,LOUISVILLE METRO POLICE DEPT,Accepted,JEFFERSON,KY1020,,2ND,ST,S,,CHESTNUT,,,,,38.248579924,-85.754600087,12.286,1/25/2022 12:00:00 AM,1229,2,2,0,1,CLOUDY,DRY,False,ANGLE COLLISION - OTHER,ANGLE,STRAIGHT & LEVEL,DAYLIGHT,,,1/26/2022 8:21:39 AM,False,7904,Accepted,
29627002,0568000,LOUISVILLE METRO POLICE DEPT,Accepted,JEFFERSON,,1400,CLARA,AVE,,,,,,,,38.199782257,-85.784181090,0.084,1/25/2022 12:00:00 AM,0700,1,1,0,0,CLEAR,DRY,True,COLLISION WITH FIXED OBJECT NON - INTERSECTION - FIRST EVENT COLLISION 09 - 32 EXCLUDING 16,SINGLE VEHICLE,STRAIGHT & LEVEL,DAYLIGHT,,,1/26/2022 8:21:25 AM,False,7360,Accepted,
29627003,0568000,LOUISVILLE METRO POLICE DEPT,Accepted,JEFFERSON,KY1931,,MANSLICK,RD,,,FRIDEN,,,,,38.172024860,-85.797820390,6.704,1/25/2022 12:00:00 AM,0640,2,2,0,1,CLEAR,DRY,False,ANGLE COLLISION - ONE VEHICLE TURNING LEFT,ANGLE,STRAIGHT & GRADE,DARK-HWY LIGHTED/ON,,,1/26/2022 8:21:30 AM,False,5284,Accepted,
29627009,0568000,LOUISVILLE METRO POLICE DEPT,Accepted,JEFFERSON,KY1020,,2ND,ST,S,,LIBERTY,,,,,38.252724343,-85.753958523,12.578,1/25/2022 12:00:00 AM,0535,2,2,0,0,CLEAR,DRY,False,OPPOSING LEFT TURN,OPPOSING LEFT TURN,STRAIGHT & GRADE,DARK-HWY LIGHTED/ON,,,1/26/2022 8:22:08 AM,False,5404,Accepted,
29644127,0568000,LOUISVILLE METRO POLICE DEPT,Accepted,JEFFERSON,I 0264,,I264 W,,,,,,,,,38.194455718,-85.709640525,13.240,1/25/2022 12:00:00 AM,1555,4,4,0,0,CLEAR,DRY,False,REAR END IN TRAFFIC LANES BOTH VEHICLES MOVING,REAR END,STRAIGHT & LEVEL,DAYLIGHT,,,1/31/2022 8:51:47 AM,False,5328,Accepted,
29626987,0568000,LOUISVILLE METRO POLICE DEPT,Accepted,JEFFERSON,I 0265,,I265 W,,,,,I 0065,I65 S EXIT10 RAMP TO I65,I 0265,I265 W EXIT12 ON RAMP FROM KY61,38.112993004,-85.693326261,10.716,1/25/2022 12:00:00 AM,1622,3,3,0,0,CLEAR,DRY,False,SIDESWIPE COLLISION - SAME DIRECTION,SIDESWIPE-SAME DIRECTION,STRAIGHT & LEVEL,DAYLIGHT,,,1/26/2022 8:20:11 AM,False,2324,Accepted,
29626978,0568000,LOUISVILLE METRO POLICE DEPT,Accepted,JEFFERSON,KY1065,,OUTER,LOOP,,,,,SHEPHERDSVILLE,,DONEGAL,38.138925911,-85.656242270,7.729,1/25/2022 12:00:00 AM,0847,2,2,0,0,CLEAR,DRY,False,1 VEHICLE ENTERING/LEAVING ENTRANCE,ANGLE,STRAIGHT & GRADE,DAYLIGHT,,,1/26/2022 8:19:34 AM,False,2017,Accepted,
29626984,0568000,LOUISVILLE METRO POLICE DEPT,Accepted,JEFFERSON,KY0061,530,JACKSON,ST,S,,,,,,,38.248796391,-85.744961619,12.544,1/25/2022 12:00:00 AM,1429,2,2,0,0,CLEAR,DRY,False,COLLISION IN PARKING LOT,SIDESWIPE-SAME DIRECTION,STRAIGHT & LEVEL,DAYLIGHT,,,1/26/2022 8:19:57 AM,False,5187,Accepted,
29626985,0568000,LOUISVILLE METRO POLICE DEPT,Accepted,JEFFERSON,,651,FLOYD,ST,S,,,,,,,38.246395791,-85.749554307,0.646,1/25/2022 12:00:00 AM,1603,2,2,0,0,CLEAR,DRY,False,1 VEHICLE PARKED POSITION (NOT PARKING LOT/DRIVEWAY),BACKING,STRAIGHT & LEVEL,DAYLIGHT,,,1/26/2022 8:20:02 AM,False,7229,Accepted,
29626986,0568000,LOUISVILLE METRO POLICE DEPT,Accepted,JEFFERSON,,,WAINWRIGHT,AVE,,,CRITTENDEN,,,,,38.212610048,-85.751239560,0.001,1/25/2022 12:00:00 AM,1524,2,2,0,0,CLEAR,DRY,False,ANGLE COLLISION - OTHER,ANGLE,STRAIGHT & LEVEL,DAYLIGHT,,,1/26/2022 8:20:07 AM,False,5397,Accepted,
29628270,0563800,NORTHFIELD POLICE DEPARTMENT,Accepted,JEFFERSON,KY0022,,BROWNSBORO,RD,,,,,HOLIDAY MANOR,KY2050,HERR,38.283337748,-85.628968597,0.372,1/25/2022 12:00:00 AM,1530,2,2,0,0,CLEAR,DRY,False,1 VEHICLE ENTERING/LEAVING ENTRANCE,ANGLE,STRAIGHT & LEVEL,DAYLIGHT,,,1/26/2022 2:53:35 PM,False,1375,Accepted,
29627005,0568000,LOUISVILLE METRO POLICE DEPT,Accepted,JEFFERSON,,,5TH,ST,S,,LIBERTY,,,,,38.253250133,-85.758809393,3.561,1/25/2022 12:00:00 AM,1628,2,2,0,0,CLEAR,DRY,False,OTHER INTERSECTION COLLISIONS,REAR END,STRAIGHT & LEVEL,DAYLIGHT,,,1/26/2022 8:21:47 AM,False,7904,Accepted,
29626983,0568000,LOUISVILLE METRO POLICE DEPT,Accepted,JEFFERSON,,,GRASTON,AVE,,,UPPER HUNTERS,,,,,38.168268726,-85.835312991,0.535,1/25/2022 12:00:00 AM,1141,2,2,0,0,CLEAR,DRY,False,OPPOSITE DIRECTION - BOTH VEHICLES GOING STRAIGHT AHEAD,SIDESWIPE-OPPOSITE DIRECTION,STRAIGHT & LEVEL,DAYLIGHT,,,1/26/2022 8:19:50 AM,False,5413,Accepted,
29626992,0568000,LOUISVILLE METRO POLICE DEPT,Accepted,JEFFERSON,,,GRADE LN CONN,,,,GRADE,,,,,38.168094366,-85.721572818,0.020,1/25/2022 12:00:00 AM,1722,2,2,0,1,CLEAR,DRY,False,REAR END - ONE VEHICLE TURNING LEFT,REAR END,STRAIGHT & LEVEL,DAYLIGHT,,,1/26/2022 8:20:27 AM,False,7341,Accepted,
29626973,0568000,LOUISVILLE METRO POLICE DEPT,Accepted,JEFFERSON,,,CRITTENDEN,DR,,,WAINWRIGHT,,,,,38.212623113,-85.751241882,0.295,1/25/2022 12:00:00 AM,0838,2,2,0,0,CLEAR,DRY,True,ANGLE COLLISION - OTHER,ANGLE,STRAIGHT & LEVEL,DAYLIGHT,,,1/26/2022 8:19:13 AM,False,5120,Accepted,
29626980,0568000,LOUISVILLE METRO POLICE DEPT,Accepted,JEFFERSON,KY1447,,WESTPORT,RD,,,,,CREEK,,OLD WESTPORT,38.276711396,-85.601733700,3.450,1/25/2022 12:00:00 AM,0716,2,2,0,0,CLOUDY,DRY,False,1 VEHICLE ENTERING/LEAVING ENTRANCE,ANGLE,STRAIGHT & LEVEL,DARK-HWY LIGHTED/ON,,,1/26/2022 8:19:40 AM,False,7876,Accepted,
29626981,0568000,LOUISVILLE METRO POLICE DEPT,Accepted,JEFFERSON,,,GRAF,DR,,,LEMAN,,,,,38.204586961,-85.633864133,0.059,1/25/2022 12:00:00 AM,1204,2,2,0,0,CLEAR,DRY,False,OPPOSING LEFT TURN,OPPOSING LEFT TURN,STRAIGHT & LEVEL,DAYLIGHT,,,1/26/2022 8:19:44 AM,False,4693,Accepted,
29626989,0568000,LOUISVILLE METRO POLICE DEPT,Accepted,JEFFERSON,KY0061,,PRESTON,ST,S,,,,,,,38.234014181,-85.749460132,11.416,1/25/2022 12:00:00 AM,1504,2,2,0,1,CLEAR,DRY,False,1 VEHICLE ENTERING/LEAVING ENTRANCE,ANGLE,STRAIGHT & LEVEL,DAYLIGHT,,,1/26/2022 8:20:19 AM,False,7462,Accepted,
29626990,0568000,LOUISVILLE METRO POLICE DEPT,Accepted,JEFFERSON,KY1447,,WESTPORT,RD,,,,,,,,38.297521658,-85.548701539,6.652,1/25/2022 12:00:00 AM,1711,3,3,0,0,CLEAR,DRY,False,REAR END IN TRAFFIC LANES BOTH VEHICLES MOVING,REAR END,STRAIGHT & LEVEL,DAYLIGHT,,,1/26/2022 8:20:23 AM,False,7483,Accepted,
29626998,0568000,LOUISVILLE METRO POLICE DEPT,Accepted,JEFFERSON,KY1934,,CANE RUN,RD,,,KRAMERS,,,,,38.201107714,-85.834997427,9.367,1/25/2022 12:00:00 AM,1828,5,5,0,1,CLEAR,DRY,True,OTHER INTERSECTION COLLISIONS,REAR TO REAR,STRAIGHT & LEVEL,DARK-HWY LIGHTED/ON,,,1/26/2022 8:20:56 AM,False,7467,Accepted,
29626999,0568000,LOUISVILLE METRO POLICE DEPT,Accepted,JEFFERSON,I 0265,,I265 E,,,,,,,,,38.121952075,-85.624887972,14.598,1/25/2022 12:00:00 AM,1636,2,2,0,0,CLEAR,DRY,False,OTHER ROADWAY OR MID-BLOCK COLLISION,REAR END,STRAIGHT & LEVEL,DAYLIGHT,,,1/26/2022 8:21:05 AM,False,7812,Accepted,
29627000,0568000,LOUISVILLE METRO POLICE DEPT,Accepted,JEFFERSON,US0031W,,DIXIE,HWY,,,UPPER HUNTERS,,,,,38.168466977,-85.828491362,13.265,1/25/2022 12:00:00 AM,1724,2,2,0,0,CLEAR,DRY,False,SIDESWIPE-SAME DIRECTION,SIDESWIPE-SAME DIRECTION,STRAIGHT & LEVEL,DAYLIGHT,,,1/26/2022 8:21:12 AM,False,7234,Accepted,
29622286,0568000,LOUISVILLE METRO POLICE DEPT,Accepted,JEFFERSON,,,CHAMBERLAIN,LN,,,VINING,,,,,38.308110819,-85.559375961,3.319,1/25/2022 12:00:00 AM,0047,1,1,0,0,CLEAR,DRY,False,COLLISION WITH FIXED OBJECT IN INTERSECTION - FIRST EVENT COLLISION 09 - 32,SINGLE VEHICLE,STRAIGHT & LEVEL,DARK-HWY LIGHTED/ON,,,1/25/2022 8:05:48 AM,False,5056,Accepted,
29624448,0566900,LOUISVILLE AIRPORT POLICE,Accepted,JEFFERSON,,600,TERMINAL,DR,,,,,,,,38.186204523,-85.742920425,0.238,1/25/2022 12:00:00 AM,0854,1,1,0,0,CLOUDY,DRY,False,COLLISION IN PARKING LOT,SINGLE VEHICLE,STRAIGHT & LEVEL,DAYLIGHT,,,1/25/2022 4:30:09 PM,False,5871,Accepted,
29622287,0568000,LOUISVILLE METRO POLICE DEPT,Accepted,JEFFERSON,KY1865,,TAYLOR,BLVD,,,,,HASKIN,,HUNTOON,38.171874293,-85.781827829,4.460,1/24/2022 12:00:00 AM,1907,2,2,0,0,CLOUDY,DRY,False,SIDESWIPE COLLISION - OPPOSITE DIRECTION,SIDESWIPE-OPPOSITE DIRECTION,STRAIGHT & LEVEL,DARK-HWY LIGHTED/ON,,,1/25/2022 8:05:51 AM,False,5372,Accepted,
29626997,0568000,LOUISVILLE METRO POLICE DEPT,Accepted,JEFFERSON,US0031E,,BARDSTOWN,RD,,,CEDAR SPRINGS,,,,,38.145224845,-85.584879295,5.196,1/24/2022 12:00:00 AM,1937,2,2,0,0,RAINING,WET,False,ANGLE COLLISION - OTHER,ANGLE,STRAIGHT & LEVEL,DARK-HWY LIGHTED/ON,,,1/26/2022 8:20:51 AM,False,5141,Accepted,
29626974,0568000,LOUISVILLE METRO POLICE DEPT,Accepted,JEFFERSON,,,1ST,ST,S,,,,KENTUCKY,,CALDWELL,38.239062943,-85.754539841,1.184,1/24/2022 12:00:00 AM,1009,2,2,0,0,CLOUDY,DRY,False,1 VEHICLE PARKED POSITION (NOT PARKING LOT/DRIVEWAY),SIDESWIPE-SAME DIRECTION,STRAIGHT & LEVEL,DAYLIGHT,,,1/26/2022 8:19:17 AM,False,7619,Accepted,
29626972,0568000,LOUISVILLE METRO POLICE DEPT,Accepted,JEFFERSON,US0031E,,BARDSTOWN,RD,,,,,WIMSATT,,KENTUCKY,38.160512604,-85.592546042,6.333,1/24/2022 12:00:00 AM,1202,2,2,0,0,CLEAR,DRY,False,SIDESWIPE COLLISION - SAME DIRECTION,SIDESWIPE-SAME DIRECTION,STRAIGHT & LEVEL,DAYLIGHT,,,1/26/2022 8:19:07 AM,False,2324,Accepted,
29631185,0568000,LOUISVILLE METRO POLICE DEPT,Accepted,JEFFERSON,I 0265,,I265 E,,,,,,,,,38.116977262,-85.650666979,13.148,1/24/2022 12:00:00 AM,1151,2,2,0,1,CLOUDY,DRY,False,SIDESWIPE COLLISION - SAME DIRECTION,SIDESWIPE-SAME DIRECTION,STRAIGHT & LEVEL,DAYLIGHT,,,1/27/2022 8:05:38 AM,False,4903,Accepted,
29626975,0568000,LOUISVILLE METRO POLICE DEPT,Accepted,JEFFERSON,US0150,,BROADWAY,,W,KY1020,2ND,,,,,38.245857566,-85.755030808,2.558,1/24/2022 12:00:00 AM,1548,2,2,0,0,CLOUDY,DRY,False,SIDESWIPE-SAME DIRECTION,SIDESWIPE-SAME DIRECTION,STRAIGHT & LEVEL,DAYLIGHT,,,1/26/2022 8:19:22 AM,False,7904,Accepted,
29622275,0568000,LOUISVILLE METRO POLICE DEPT,Accepted,JEFFERSON,I 0064,,I64 E,,,,,,,,,38.256509309,-85.721615269,6.717,1/24/2022 12:00:00 AM,1015,2,2,0,0,CLOUDY,DRY,False,SIDESWIPE COLLISION - SAME DIRECTION,SIDESWIPE-SAME DIRECTION,STRAIGHT & LEVEL,DAYLIGHT,,,1/25/2022 8:05:09 AM,False,4903,Accepted,
29622281,0568000,LOUISVILLE METRO POLICE DEPT,Accepted,JEFFERSON,,,INDUSTRY,RD,,,5TH,,,,,38.214807868,-85.765636263,0.714,1/24/2022 12:00:00 AM,1303,2,2,0,3,CLOUDY,DRY,False,ANGLE COLLISION - OTHER,ANGLE,STRAIGHT & LEVEL,DAYLIGHT,,,1/25/2022 8:05:31 AM,False,5401,Accepted,
29622282,0568000,LOUISVILLE METRO POLICE DEPT,Accepted,JEFFERSON,,,20TH,ST,N,US0031W,MAIN,,,,,38.259556829,-85.783001944,0.534,1/24/2022 12:00:00 AM,1703,2,2,0,0,CLOUDY,DRY,False,ANGLE COLLISION - OTHER,ANGLE,STRAIGHT & LEVEL,DUSK,,,1/25/2022 8:05:35 AM,False,7463,Accepted,
29622283,0568000,LOUISVILLE METRO POLICE DEPT,Accepted,JEFFERSON,KY1020,,SOUTHSIDE,DR,,,,,,,,38.152734558,-85.765673130,5.817,1/24/2022 12:00:00 AM,1257,2,2,0,0,CLEAR,DRY,False,REAR END IN TRAFFIC LANES BOTH VEHICLES MOVING,REAR END,STRAIGHT & LEVEL,DAYLIGHT,,,1/25/2022 8:05:38 AM,False,7234,Accepted,
29622288,0568000,LOUISVILLE METRO POLICE DEPT,Accepted,JEFFERSON,US0031E,,BARDSTOWN,RD,,,FAIRGROUND,,,,,38.162956203,-85.595982514,6.592,1/24/2022 12:00:00 AM,1917,2,2,0,0,CLEAR,DRY,False,ANGLE COLLISION - OTHER,ANGLE,STRAIGHT & LEVEL,DAYLIGHT,,,1/25/2022 8:05:54 AM,False,7441,Accepted,
29626976,0568000,LOUISVILLE METRO POLICE DEPT,Accepted,JEFFERSON,,,DUMESNIL,ST,,US0031W,22ND,,,,,38.236540520,-85.790406624,1.646,1/24/2022 12:00:00 AM,0800,2,2,0,0,CLEAR,WET,False,ANGLE COLLISION - OTHER,ANGLE,CURVE & LEVEL,DARK-HWY LIGHTED/ON,,,1/26/2022 8:19:26 AM,False,5421,Accepted,
29626977,0568000,LOUISVILLE METRO POLICE DEPT,Accepted,JEFFERSON,,,APPLEGATE,LN,,,JOYCE,,,,,38.134394310,-85.650934127,0.438,1/24/2022 12:00:00 AM,0759,2,2,0,0,CLOUDY,DRY,False,ANGLE COLLISION - OTHER,ANGLE,STRAIGHT & LEVEL,DAYLIGHT,,,1/26/2022 8:19:30 AM,False,2017,Accepted,
29639616,0560400,SHIVELY POLICE DEPARTMENT,Accepted,JEFFERSON,KY2049,,CRUMS,LN,,KY1934,CANE RUN,,,,,38.199295427,-85.837302886,0.001,1/24/2022 12:00:00 AM,1112,2,2,0,0,CLOUDY,DRY,False,OPPOSITE DIRECTION - BOTH VEHICLES GOING STRAIGHT AHEAD,SIDESWIPE-OPPOSITE DIRECTION,STRAIGHT & LEVEL,DAYLIGHT,,,1/29/2022 5:42:23 PM,False,7133,Accepted,
29644070,0568000,LOUISVILLE METRO POLICE DEPT,Accepted,JEFFERSON,,,1ST,ST,S,,KENTUCKY,,,,,38.238386168,-85.754663406,1.231,1/24/2022 12:00:00 AM,0950,2,2,0,0,CLEAR,DRY,False,COLLISION WITH PARKED VEHICLE,ANGLE,CURVE & LEVEL,DAYLIGHT,,,1/31/2022 8:49:35 AM,False,5186,Accepted,
29631199,0568000,LOUISVILLE METRO POLICE DEPT,Accepted,JEFFERSON,,,JEFFERSON,ST,W,,13TH,,,,,38.255503863,-85.771960791,1.090,1/24/2022 12:00:00 AM,1402,2,2,0,1,CLOUDY,DRY,False,ANGLE COLLISION - OTHER,ANGLE,STRAIGHT & LEVEL,DAYLIGHT,,,1/27/2022 8:05:57 AM,False,5124,Accepted,
29622280,0568000,LOUISVILLE METRO POLICE DEPT,Accepted,JEFFERSON,KY1865,,TAYLOR,BLVD,,,WALTER,,,,,38.175975047,-85.782659736,4.772,1/24/2022 12:00:00 AM,1230,2,2,0,2,CLEAR,DRY,False,OPPOSING LEFT TURN,OPPOSING LEFT TURN,STRAIGHT & LEVEL,DAYLIGHT,,,1/25/2022 8:05:27 AM,False,5388,Accepted,
29626979,0568000,LOUISVILLE METRO POLICE DEPT,Accepted,JEFFERSON,KY1020,,2ND,ST,S,,OAK,,,,,38.234567605,-85.757004928,11.359,1/24/2022 12:00:00 AM,1504,2,2,0,0,CLOUDY,DRY,False,OTHER INTERSECTION COLLISIONS,REAR END,STRAIGHT & LEVEL,DAYLIGHT,,,1/26/2022 8:19:37 AM,False,7619,Accepted,
29626996,0568000,LOUISVILLE METRO POLICE DEPT,Accepted,JEFFERSON,,,FERN CREEK,RD,,,FERNHILL,,,,,38.158426748,-85.588606682,0.903,1/24/2022 12:00:00 AM,1941,2,2,0,2,RAINING,WET,False,HEAD-ON COLLISION,HEAD ON,CURVE & LEVEL,DARK-HWY NOT LIGHTED,,,1/26/2022 8:20:48 AM,False,5141,Accepted,
29626994,0568000,LOUISVILLE METRO POLICE DEPT,Accepted,JEFFERSON,KY1065,4800,OUTER,LOOP,,,,,,,,38.137843343,-85.673435078,6.756,1/24/2022 12:00:00 AM,1415,1,1,0,1,CLOUDY,DRY,False,OTHER ROADWAY OR MID-BLOCK COLLISION,SINGLE VEHICLE,STRAIGHT & LEVEL,DAYLIGHT,,,1/26/2022 8:20:37 AM,False,2583,Accepted,
29644125,0568000,LOUISVILLE METRO POLICE DEPT,Accepted,JEFFERSON,US0031E,,BARDSTOWN,RD,,,WAHL ST BLVD,,,,,38.187254503,-85.637856482,9.436,1/24/2022 12:00:00 AM,1440,3,3,0,1,CLOUDY,DRY,False,ANGLE COLLISION - OTHER,ANGLE,STRAIGHT & LEVEL,DAYLIGHT,,,1/31/2022 8:51:43 AM,False,7200,Accepted,
29654272,0565200,JEFFERSON CO. SCHOOL SECURITY,Accepted,JEFFERSON,,4301,MURPHY,LN,,,,,,,,38.307347414,-85.536044682,0.412,1/24/2022 12:00:00 AM,2144,1,1,0,0,CLEAR,DRY,False,COLLISION WITH FIXED OBJECT NON - INTERSECTION - FIRST EVENT COLLISION 09 - 32 EXCLUDING 16,SINGLE VEHICLE,STRAIGHT & LEVEL,DARK-HWY LIGHTED/ON,,,2/2/2022 1:25:30 PM,False,0005,Accepted,
29734720,0568000,LOUISVILLE METRO POLICE DEPT,Accepted,JEFFERSON,,,PETERSBURG,RD,,,INDIAN,,,,,38.184149407,-85.666054689,0.509,1/24/2022 12:00:00 AM,1636,2,2,0,0,CLOUDY,DRY,False,ANGLE COLLISION - OTHER,ANGLE,STRAIGHT & LEVEL,DAYLIGHT,,,2/23/2022 8:19:48 AM,False,5399,Accepted,
29677056,0568000,LOUISVILLE METRO POLICE DEPT,Accepted,JEFFERSON,US0031E,,BARDSTOWN,RD,,,BEECHWOOD,,,,,38.236512180,-85.717527003,15.189,1/24/2022 12:00:00 AM,2050,2,2,0,0,CLEAR,DRY,False,COLLISION WITH PARKED VEHICLE,SIDESWIPE-SAME DIRECTION,STRAIGHT & LEVEL,DARK-HWY LIGHTED/ON,,,2/9/2022 8:11:51 AM,False,7012,Accepted,
29730395,0568000,LOUISVILLE METRO POLICE DEPT,Accepted,JEFFERSON,KY0864,4555,POPLAR LEVEL,RD,,,,,,,,38.183406236,-85.699000365,10.393,1/24/2022 12:00:00 AM,2307,2,2,0,0,CLEAR,DRY,False,OTHER ROADWAY OR MID-BLOCK COLLISION,OPPOSING LEFT TURN,STRAIGHT & LEVEL,DARK-HWY LIGHTED/ON,,,2/22/2022 7:57:24 AM,False,5144,Accepted,
29673080,0568000,LOUISVILLE METRO POLICE DEPT,Accepted,JEFFERSON,,430,CARDINAL,BLVD,W,,,,,,,38.220941242,-85.764165397,0.346,1/23/2022 12:00:00 AM,0527,2,1,0,0,CLEAR,DRY,True,COLLISION IN PARKING LOT,SIDESWIPE-SAME DIRECTION,STRAIGHT & LEVEL,DUSK,,,2/8/2022 11:16:07 AM,False,7291,Accepted,
29653265,0568000,LOUISVILLE METRO POLICE DEPT,Accepted,JEFFERSON,,,HILL,ST,W,KY1020,2ND,,,,,38.225637416,-85.758627793,0.089,1/23/2022 12:00:00 AM,0250,5,5,0,1,CLEAR,DRY,True,ANGLE COLLISION - OTHER,ANGLE,STRAIGHT & LEVEL,DARK-HWY LIGHTED/ON,,,2/2/2022 8:21:37 AM,False,5152,Accepted,
29631221,0568000,LOUISVILLE METRO POLICE DEPT,Accepted,JEFFERSON,US0060A,,LEXINGTON,RD,,,,,PLEASANTVIEW,,GODFREY,38.247893618,-85.682518212,9.108,1/23/2022 12:00:00 AM,0405,1,1,0,0,CLEAR,DRY,False,COLLISION WITH FIXED OBJECT NON - INTERSECTION - FIRST EVENT COLLISION 09 - 32 EXCLUDING 16,SINGLE VEHICLE,STRAIGHT & LEVEL,DARK-HWY LIGHTED/OFF,,,1/27/2022 8:06:58 AM,False,5250,Accepted,