IncidentID,AgencyORI,AgencyName,IncidentStatusDesc,County,RdwyNumber,Street,RoadwayName,StreetSfx,StreetDir,IntersectionRdwy,IntersectionRdwyName,BetweenStRdwy1,BetweenStRdwyName1,BetweenStRdwy2,BetweenStRdwyName2,Latitude,Longitude,Milepoint,CollisionDate,CollisionTime,UnitsInvolved,MotorVehiclesInvolved,NumberKilled,NumberInjured,Weather,RdwyConditionCode,HitandRun,DirAnalysisCode,MannerofCollision,RdwyCharacter,LightCondition,RampFromRdwyId,RampToRdwyId,AcceptedDate,IsSecondaryCollision,OwnerBadge,IncidentStatus,
29618356,0568000,LOUISVILLE METRO POLICE DEPT,Accepted,JEFFERSON,,2734,HALE,AVE,,,,,,,,38.238913233,-85.795883012,0.963,1/23/2022 12:00:00 AM,0641,3,3,0,0,CLEAR,DRY,False,1 VEHICLE PARKED POSITION (NOT PARKING LOT/DRIVEWAY),REAR END,STRAIGHT & LEVEL,DARK-HWY LIGHTED/ON,,,1/24/2022 8:37:28 AM,False,5039,Accepted,
29618339,0568000,LOUISVILLE METRO POLICE DEPT,Accepted,JEFFERSON,US0031E,,BARDSTOWN,RD,,,,,BARINGER,US0060A,EASTERN,38.232225791,-85.709777863,14.657,1/23/2022 12:00:00 AM,0200,1,1,0,1,CLEAR,DRY,False,COLLISION WITH FIXED OBJECT NON - INTERSECTION - FIRST EVENT COLLISION 09 - 32 EXCLUDING 16,SINGLE VEHICLE,STRAIGHT & LEVEL,DARK-HWY LIGHTED/ON,,,1/24/2022 8:36:24 AM,False,7049,Accepted,
29618345,0568000,LOUISVILLE METRO POLICE DEPT,Accepted,JEFFERSON,,,MURPHY,LN,,,NANSEMOND,,,,,38.304265934,-85.534104526,0.173,1/23/2022 12:00:00 AM,1530,2,2,0,0,CLEAR,DRY,False,ANGLE COLLISION - OTHER,ANGLE,STRAIGHT & LEVEL,DAYLIGHT,,,1/24/2022 8:36:49 AM,False,7631,Accepted,
29618346,0568000,LOUISVILLE METRO POLICE DEPT,Accepted,JEFFERSON,,,HUDSON,LN,,,,,,,,38.168824750,-85.586027648,1.081,1/23/2022 12:00:00 AM,1625,2,2,0,0,CLOUDY,DRY,True,REAR END IN TRAFFIC LANES BOTH VEHICLES MOVING,REAR END,STRAIGHT & LEVEL,DAYLIGHT,,,1/24/2022 8:36:52 AM,False,7698,Accepted,
29618347,0568000,LOUISVILLE METRO POLICE DEPT,Accepted,JEFFERSON,,,FISCHER PARK,DR,,,,,,,,38.296607946,-85.560036062,0.003,1/23/2022 12:00:00 AM,1625,2,2,0,0,CLEAR,DRY,False,1 VEHICLE ENTERING/LEAVING ENTRANCE,ANGLE,STRAIGHT & LEVEL,DAYLIGHT,,,1/24/2022 8:36:56 AM,False,7615,Accepted,
29618353,0568000,LOUISVILLE METRO POLICE DEPT,Accepted,JEFFERSON,,,HIKES,LN,,KY1932,BRECKENRIDGE,,,,,38.218118966,-85.628570740,3.027,1/23/2022 12:00:00 AM,1909,2,2,0,0,CLEAR,DRY,True,OTHER INTERSECTION COLLISIONS,REAR END,STRAIGHT & LEVEL,DARK (UNKNOWN ROADWAY LIGHTING),,,1/24/2022 8:37:17 AM,False,5182,Accepted,
29618354,0568000,LOUISVILLE METRO POLICE DEPT,Accepted,JEFFERSON,US0150,,BROADWAY,,W,US0031W,22ND,,,,,38.249250014,-85.788222948,0.742,1/23/2022 12:00:00 AM,2148,2,2,0,1,CLEAR,DRY,False,ANGLE COLLISION - OTHER,ANGLE,STRAIGHT & LEVEL,DARK-HWY LIGHTED/ON,,,1/24/2022 8:37:21 AM,False,5135,Accepted,
29618355,0568000,LOUISVILLE METRO POLICE DEPT,Accepted,JEFFERSON,,430,CARDINAL,BLVD,W,,4TH,,,,,38.220819908,-85.763110039,0.259,1/23/2022 12:00:00 AM,0530,2,2,0,0,CLEAR,DRY,False,OPPOSING LEFT TURN,OPPOSING LEFT TURN,STRAIGHT & LEVEL,DARK-HWY LIGHTED/ON,,,1/24/2022 8:37:24 AM,False,7101,Accepted,
29618363,0568000,LOUISVILLE METRO POLICE DEPT,Accepted,JEFFERSON,KY2054,2300,ALGONQUIN,PKWY,,,,,,,,38.223587498,-85.798056276,1.338,1/23/2022 12:00:00 AM,2254,2,2,0,3,CLEAR,DRY,False,COLLISION IN PARKING LOT,SIDESWIPE-SAME DIRECTION,STRAIGHT & LEVEL,DARK-HWY LIGHTED/ON,,,1/24/2022 8:37:47 AM,False,5256,Accepted,
29631220,0568000,LOUISVILLE METRO POLICE DEPT,Accepted,JEFFERSON,KY0864,,POPLAR LEVEL,RD,,,NAOMI,,,,,38.165280314,-85.680363537,8.725,1/23/2022 12:00:00 AM,2045,1,1,0,0,CLEAR,DRY,False,COLLISION WITH FIXED OBJECT IN INTERSECTION - FIRST EVENT COLLISION 09 - 32,SINGLE VEHICLE,STRAIGHT & LEVEL,DARK-HWY LIGHTED/ON,,,1/27/2022 8:06:54 AM,False,5189,Accepted,
29618344,0568000,LOUISVILLE METRO POLICE DEPT,Accepted,JEFFERSON,KY0022,,BROWNSBORO,RD,,,,,,,,38.307010679,-85.575335977,3.882,1/23/2022 12:00:00 AM,1200,5,5,0,1,CLEAR,DRY,False,1 VEHICLE ENTERING/LEAVING ENTRANCE,ANGLE,STRAIGHT & LEVEL,DAYLIGHT,,,1/24/2022 8:36:44 AM,True,7615,Accepted,
29618357,0568000,LOUISVILLE METRO POLICE DEPT,Accepted,JEFFERSON,I 0071,,I71 S,,,,,,,,,38.262621881,-85.722974114,0.122,1/23/2022 12:00:00 AM,0604,2,2,0,1,CLEAR,DRY,False,REAR END IN TRAFFIC LANES BOTH VEHICLES MOVING,REAR END,STRAIGHT & LEVEL,DARK-HWY LIGHTED/ON,,,1/24/2022 8:37:31 AM,False,5268,Accepted,
29618348,0568000,LOUISVILLE METRO POLICE DEPT,Accepted,JEFFERSON,,,BROADWAY,,W,,26TH,,,,,38.249438693,-85.794891408,0.362,1/23/2022 12:00:00 AM,1015,3,3,0,5,CLOUDY,DRY,False,ANGLE COLLISION - OTHER,ANGLE,STRAIGHT & LEVEL,DAYLIGHT,,,1/24/2022 8:36:59 AM,False,5403,Accepted,
29618349,0568000,LOUISVILLE METRO POLICE DEPT,Accepted,JEFFERSON,,,WEYLER,AVE,,,OLEANDA,,,,,38.203731516,-85.785301330,0.121,1/23/2022 12:00:00 AM,1451,2,2,0,0,CLEAR,DRY,False,ANGLE COLLISION - OTHER,ANGLE,STRAIGHT & LEVEL,DAYLIGHT,,,1/24/2022 8:37:03 AM,False,5252,Accepted,
29618350,0568000,LOUISVILLE METRO POLICE DEPT,Accepted,JEFFERSON,US0031W,,DIXIE,HWY,,,ASHBY,,,,,38.102967286,-85.869600634,8.272,1/22/2022 12:00:00 AM,1315,2,2,0,0,CLEAR,DRY,False,ANGLE COLLISION - OTHER,ANGLE,STRAIGHT & LEVEL,DAYLIGHT,,,1/24/2022 8:37:07 AM,False,5395,Accepted,
29618351,0568000,LOUISVILLE METRO POLICE DEPT,Accepted,JEFFERSON,KY0155,,TAYLORSVILLE,RD,,,NEW HOPEWELL,,,,,38.190037235,-85.502940130,5.614,1/22/2022 12:00:00 AM,1454,2,2,0,0,CLEAR,DRY,False,SIDESWIPE-SAME DIRECTION,SIDESWIPE-SAME DIRECTION,STRAIGHT & HILLCREST,DAYLIGHT,,,1/24/2022 8:37:10 AM,False,5141,Accepted,
29618359,0568000,LOUISVILLE METRO POLICE DEPT,Accepted,JEFFERSON,,532,BURNETT,AVE,E,,,,HANCOCK,,MERIWETHER,38.225858948,-85.748126993,0.476,1/22/2022 12:00:00 AM,0453,3,3,0,1,CLEAR,DRY,False,SIDESWIPE COLLISION - OPPOSITE DIRECTION,SIDESWIPE-OPPOSITE DIRECTION,STRAIGHT & LEVEL,DARK-HWY LIGHTED/ON,,,1/24/2022 8:37:34 AM,False,5196,Accepted,
29618324,0568000,LOUISVILLE METRO POLICE DEPT,Accepted,JEFFERSON,,9415,HUDSON,LN,,,,,,,,38.168783638,-85.578610661,0.637,1/22/2022 12:00:00 AM,1019,2,2,0,0,CLEAR,DRY,False,1 VEHICLE PARKED POSITION (NOT PARKING LOT/DRIVEWAY),SIDESWIPE-OPPOSITE DIRECTION,STRAIGHT & LEVEL,DAYLIGHT,,,1/24/2022 8:35:35 AM,False,7465,Accepted,
29618333,0568000,LOUISVILLE METRO POLICE DEPT,Accepted,JEFFERSON,KY1065,7601,OUTER,LOOP,,,,,,,,38.137560032,-85.618146519,9.843,1/22/2022 12:00:00 AM,0346,2,2,0,0,CLEAR,DRY,False,COLLISION IN PARKING LOT,BACKING,STRAIGHT & LEVEL,DARK-HWY NOT LIGHTED,,,1/24/2022 8:36:04 AM,False,5411,Accepted,
29618341,0568000,LOUISVILLE METRO POLICE DEPT,Accepted,JEFFERSON,,,HILL,ST,W,,TIN PAN,,,,,38.225547983,-85.757791863,0.044,1/22/2022 12:00:00 AM,0758,2,2,0,0,CLEAR,DRY,True,ANGLE COLLISION - OTHER,ANGLE,STRAIGHT & LEVEL,DAWN,,,1/24/2022 8:36:31 AM,False,7132,Accepted,
29618342,0568000,LOUISVILLE METRO POLICE DEPT,Accepted,JEFFERSON,,200,BETTY,LN,,,,,,,,38.221820997,-85.658253711,0.025,1/22/2022 12:00:00 AM,0911,2,2,0,0,CLEAR,DRY,False,1 VEHICLE PARKED POSITION (NOT PARKING LOT/DRIVEWAY),ANGLE,STRAIGHT & LEVEL,DAYLIGHT,,,1/24/2022 8:36:35 AM,False,2738,Accepted,
29618343,0568000,LOUISVILLE METRO POLICE DEPT,Accepted,JEFFERSON,,,34TH,ST,S,,VIRGINIA,,,,,38.239020396,-85.810305493,1.631,1/22/2022 12:00:00 AM,1600,3,3,0,0,CLEAR,DRY,False,ANGLE COLLISION - OTHER,ANGLE,STRAIGHT & LEVEL,DAYLIGHT,,,1/24/2022 8:36:38 AM,True,7879,Accepted,
29614254,0560300,ST. MATTHEWS POLICE DEPARTMENT,Accepted,JEFFERSON,US0060,5000,SHELBYVILLE,RD,,,TEN PIN,,,,,38.250300439,-85.623912226,5.308,1/22/2022 12:00:00 AM,2034,2,2,0,0,CLEAR,DRY,True,ANGLE COLLISION - OTHER,ANGLE,STRAIGHT & LEVEL,DUSK,,,1/22/2022 10:27:25 PM,False,9151,Accepted,
29618317,0568000,LOUISVILLE METRO POLICE DEPT,Accepted,JEFFERSON,,1448,CYPRESS,ST,,,,,,,,38.230084475,-85.798632784,0.512,1/22/2022 12:00:00 AM,0749,2,2,0,0,CLEAR,DRY,False,1 VEHICLE PARKED POSITION (NOT PARKING LOT/DRIVEWAY),REAR END,STRAIGHT & LEVEL,DAWN,,,1/24/2022 8:35:13 AM,False,2569,Accepted,
29618318,0568000,LOUISVILLE METRO POLICE DEPT,Accepted,JEFFERSON,KY0022,,BALLARDSVILLE,RD,,,MURPHY,,,,,38.317681932,-85.539542142,6.046,1/22/2022 12:00:00 AM,1235,2,2,0,1,CLEAR,DRY,False,OPPOSING LEFT TURN,OPPOSING LEFT TURN,STRAIGHT & LEVEL,DAYLIGHT,,,1/24/2022 8:35:17 AM,False,2969,Accepted,
29618325,0568000,LOUISVILLE METRO POLICE DEPT,Accepted,JEFFERSON,,,EWING,AVE,N,US0060,FRANKFORT,,,,,38.253749185,-85.699882661,,1/22/2022 12:00:00 AM,1626,1,1,0,0,CLEAR,DRY,False,COLLISION WITH FIXED OBJECT IN INTERSECTION - FIRST EVENT COLLISION 09 - 32,SINGLE VEHICLE,STRAIGHT & HILLCREST,DAYLIGHT,,,1/24/2022 8:35:38 AM,False,7043,Accepted,
29618326,0568000,LOUISVILLE METRO POLICE DEPT,Accepted,JEFFERSON,,,BRECKINRIDGE,ST,W,,6TH,,,,,38.242346419,-85.762414218,0.457,1/22/2022 12:00:00 AM,1437,2,2,0,1,CLEAR,DRY,False,ANGLE COLLISION - OTHER,ANGLE,CURVE & LEVEL,DAYLIGHT,,,1/24/2022 8:35:41 AM,False,5175,Accepted,
29618340,0568000,LOUISVILLE METRO POLICE DEPT,Accepted,JEFFERSON,I 0264,,,,,,,,,,,38.221413179,-85.648256640,0.205,1/22/2022 12:00:00 AM,0453,1,1,0,0,CLEAR,DRY,False,OTHER RAMP RELATED COLLISIONS NOT LISTED ABOVE,SINGLE VEHICLE,CURVE & HILLCREST,DARK-HWY LIGHTED/ON,I 0264,KY0155,1/24/2022 8:36:28 AM,False,5250,Accepted,
29618329,0568000,LOUISVILLE METRO POLICE DEPT,Accepted,JEFFERSON,I 0064,,I64 W,,,,,,,,,38.229993429,-85.599144638,13.739,1/22/2022 12:00:00 AM,1905,2,2,0,0,CLEAR,DRY,False,SIDESWIPE COLLISION - SAME DIRECTION,SIDESWIPE-SAME DIRECTION,STRAIGHT & LEVEL,DARK-HWY LIGHTED/OFF,,,1/24/2022 8:35:53 AM,False,6777,Accepted,
29618330,0568000,LOUISVILLE METRO POLICE DEPT,Accepted,JEFFERSON,,,26TH,ST,S,,HALE,,,,,38.239105229,-85.796085237,1.497,1/22/2022 12:00:00 AM,2017,3,3,0,1,CLEAR,DRY,False,COLLISION WITH PARKED VEHICLE,SIDESWIPE-SAME DIRECTION,STRAIGHT & HILLCREST,DARK-HWY LIGHTED/ON,,,1/24/2022 8:35:56 AM,False,5303,Accepted,
29618331,0568000,LOUISVILLE METRO POLICE DEPT,Accepted,JEFFERSON,KY1065,,OUTER,LOOP,,,MINOR,,,,,38.136198371,-85.697175257,5.465,1/22/2022 12:00:00 AM,2051,1,1,0,0,CLEAR,DRY,False,NON-COLLISION OBJECT COLLISION,SINGLE VEHICLE,STRAIGHT & LEVEL,DARK-HWY LIGHTED/OFF,,,1/24/2022 8:36:01 AM,False,7100,Accepted,
29618321,0568000,LOUISVILLE METRO POLICE DEPT,Accepted,JEFFERSON,KY2048,,DUTCHMANS,LN,,,GAST,,,,,38.224122042,-85.654659386,0.229,1/22/2022 12:00:00 AM,,2,2,0,0,CLEAR,DRY,True,SIDESWIPE-SAME DIRECTION,SIDESWIPE-SAME DIRECTION,STRAIGHT & LEVEL,DAYLIGHT,,,1/24/2022 8:35:24 AM,False,7306,Accepted,
29631209,0568000,LOUISVILLE METRO POLICE DEPT,Accepted,JEFFERSON,,4717,2ND,ST,S,,,,,,,38.162627338,-85.768181532,0.022,1/22/2022 12:00:00 AM,,3,3,0,0,CLEAR,DRY,True,1 VEHICLE ENTERING/LEAVING ENTRANCE,ANGLE,CURVE & LEVEL,DARK (UNKNOWN ROADWAY LIGHTING),,,1/27/2022 8:06:29 AM,False,7376,Accepted,
29618311,0568000,LOUISVILLE METRO POLICE DEPT,Accepted,JEFFERSON,KY0841,,GENE SNYDER,FWY,,,,KY0841,KY841 RAMP FROM KY1865,KY0841,KY841 RAMP TO KY1020,38.117527650,-85.758812350,7.062,1/22/2022 12:00:00 AM,0444,1,1,0,0,CLEAR,DRY,False,COLLISION WITH FIXED OBJECT NON - INTERSECTION - FIRST EVENT COLLISION 09 - 32 EXCLUDING 16,SINGLE VEHICLE,STRAIGHT & LEVEL,DARK-HWY NOT LIGHTED,,,1/24/2022 8:34:49 AM,False,5220,Accepted,
29618312,0568000,LOUISVILLE METRO POLICE DEPT,Accepted,JEFFERSON,US0031E,,BARDSTOWN,RD,,,,,HIGHLAND,,GRINSTEAD,38.240070650,-85.724000289,15.632,1/22/2022 12:00:00 AM,0500,1,1,0,1,CLEAR,DRY,False,COLLISION WITH FIXED OBJECT NON - INTERSECTION - FIRST EVENT COLLISION 09 - 32 EXCLUDING 16,SINGLE VEHICLE,CURVE & LEVEL,DARK-HWY LIGHTED/ON,,,1/24/2022 8:34:54 AM,False,7980,Accepted,
29623897,0568000,LOUISVILLE METRO POLICE DEPT,Accepted,JEFFERSON,,1326,BLUEGRASS,AVE,,,,,,,,38.179444071,-85.785136851,0.750,1/22/2022 12:00:00 AM,1139,2,1,0,0,CLEAR,DRY,False,SIDESWIPE COLLISION - OPPOSITE DIRECTION,SIDESWIPE-OPPOSITE DIRECTION,STRAIGHT & LEVEL,DAYLIGHT,,,1/25/2022 2:26:06 PM,False,5378,Accepted,
29615340,0560400,SHIVELY POLICE DEPARTMENT,Accepted,JEFFERSON,KY1934,3900BLK,CANE RUN,RD,,,,,,,,38.214961556,-85.818472191,10.749,1/22/2022 12:00:00 AM,1707,2,2,0,0,CLEAR,DRY,False,OTHER ROADWAY OR MID-BLOCK COLLISION,REAR END,STRAIGHT & HILLCREST,DAYLIGHT,,,1/23/2022 9:10:38 AM,False,7132,Accepted,
29618362,0568000,LOUISVILLE METRO POLICE DEPT,Accepted,JEFFERSON,,,LOWER HUNTERS,TRCE,,KY1727,TERRY,,,,,38.164799796,-85.865541809,1.843,1/22/2022 12:00:00 AM,1854,2,2,0,3,CLEAR,DRY,False,ANGLE COLLISION - OTHER,ANGLE,STRAIGHT & LEVEL,DUSK,,,1/24/2022 8:37:42 AM,False,5059,Accepted,
29618327,0568000,LOUISVILLE METRO POLICE DEPT,Accepted,JEFFERSON,KY1865,4406,TAYLOR,BLVD,,,,,,,,38.175616507,-85.783029779,4.746,1/22/2022 12:00:00 AM,0822,1,1,0,0,CLEAR,DRY,True,COLLISION WITH FIXED OBJECT NON - INTERSECTION - FIRST EVENT COLLISION 09 - 32 EXCLUDING 16,SINGLE VEHICLE,STRAIGHT & LEVEL,DAYLIGHT,,,1/24/2022 8:35:46 AM,False,5378,Accepted,
29648574,0568000,LOUISVILLE METRO POLICE DEPT,Accepted,JEFFERSON,,,7TH,ST,S,,HILL,,,,,38.226764792,-85.769006247,0.658,1/22/2022 12:00:00 AM,0815,2,2,0,0,CLEAR,DRY,False,OTHER INTERSECTION COLLISIONS,REAR END,STRAIGHT & LEVEL,DAYLIGHT,,,2/1/2022 8:23:30 AM,False,5287,Accepted,
29638160,0561000,JEFFERSONTOWN POLICE DEPT,Accepted,JEFFERSON,,,HIKES,LN,,,,,HUNSINGER,KY1932,BRECKENRIDGE,38.219457603,-85.626288281,3.184,1/22/2022 12:00:00 AM,1610,2,2,0,0,CLEAR,DRY,False,1 VEHICLE ENTERING/LEAVING ENTRANCE,ANGLE,STRAIGHT & LEVEL,DAYLIGHT,,,1/29/2022 12:09:50 AM,False,8265,Accepted,
29667776,0568000,LOUISVILLE METRO POLICE DEPT,Accepted,JEFFERSON,,2121,HALE,AVE,,,,,,,,38.238226951,-85.786118505,0.432,1/22/2022 12:00:00 AM,1800,2,2,0,0,CLEAR,DRY,False,1 VEHICLE PARKED POSITION (NOT PARKING LOT/DRIVEWAY),HEAD ON,STRAIGHT & LEVEL,DAYLIGHT,,,2/7/2022 8:40:23 AM,False,5114,Accepted,
29686140,0568000,LOUISVILLE METRO POLICE DEPT,Accepted,JEFFERSON,KY1931,,MANSLICK,RD,,,CRUMS,,,,,38.189222957,-85.801291118,7.919,1/22/2022 12:00:00 AM,1554,3,3,0,1,CLEAR,DRY,False,SIDESWIPE-SAME DIRECTION,SIDESWIPE-SAME DIRECTION,STRAIGHT & LEVEL,DAYLIGHT,,,2/11/2022 7:30:55 AM,False,7046,Accepted,
29987465,0560400,SHIVELY POLICE DEPARTMENT,Accepted,JEFFERSON,I 0264,,I264 E,,,,,I 0264,I264 E EXIT8B OFF RAMP TO US31W S,I 0264,I264 E EXIT8 OFF RAMP TO US31W N,38.185298707,-85.816075853,7.316,1/22/2022 12:00:00 AM,1849,3,3,2,5,CLEAR,DRY,False,REAR END IN TRAFFIC LANES BOTH VEHICLES MOVING,REAR END,STRAIGHT & LEVEL,DARK-HWY LIGHTED/ON,,,4/26/2022 11:11:27 PM,False,7124,Accepted,
29648587,0568000,LOUISVILLE METRO POLICE DEPT,Accepted,JEFFERSON,,,9TH,ST,S,,,,,,,38.244300048,-85.767110735,0.170,1/21/2022 12:00:00 AM,1050,2,2,0,0,CLEAR,DRY,False,OTHER ROADWAY OR MID-BLOCK COLLISION,REAR END,STRAIGHT & LEVEL,DAYLIGHT,,,2/1/2022 8:24:28 AM,False,5114,Accepted,
29667766,0568000,LOUISVILLE METRO POLICE DEPT,Accepted,JEFFERSON,KY1747,,HURSTBOURNE,PKWY,S,,PATRIOTS CROSSING,,,,,38.162403081,-85.633705884,5.567,1/21/2022 12:00:00 AM,2106,2,2,0,0,CLEAR,DRY,False,ANGLE COLLISION - OTHER,ANGLE,STRAIGHT & LEVEL,DARK-HWY LIGHTED/OFF,,,2/7/2022 8:39:51 AM,False,7449,Accepted,
29635332,0568000,LOUISVILLE METRO POLICE DEPT,Accepted,JEFFERSON,,,40TH,ST,S,,,,,,,38.223852105,-85.822614739,1.616,1/21/2022 12:00:00 AM,1449,2,2,0,0,CLEAR,DRY,False,SIDESWIPE COLLISION - SAME DIRECTION,SIDESWIPE-SAME DIRECTION,STRAIGHT & LEVEL,DAYLIGHT,,,1/28/2022 7:18:31 AM,False,8278,Accepted,
29637001,0560600,WEST BUECHEL POLICE DEPT.,Accepted,JEFFERSON,US0031E,3616,BUECHEL,BYP,,,,,,,,38.198503864,-85.661320159,10.994,1/21/2022 12:00:00 AM,1600,2,2,0,0,CLEAR,DRY,False,1 VEHICLE ENTERING/LEAVING ENTRANCE,ANGLE,STRAIGHT & LEVEL,DARK-HWY LIGHTED/ON,,,1/28/2022 3:16:49 PM,False,1301,Accepted,
29609622,0568000,LOUISVILLE METRO POLICE DEPT,Accepted,JEFFERSON,I 0071,,I71 S,,,I 0071,I71 N EXIT9A RAMP TO I265 E,,,,,38.310728132,-85.589659359,8.607,1/21/2022 12:00:00 AM,0506,2,2,0,0,CLEAR,DRY,True,OTHER INTERSECTION COLLISIONS,REAR END,STRAIGHT & LEVEL,DARK-HWY LIGHTED/ON,,,1/21/2022 8:14:23 AM,False,7098,Accepted,
29618294,0568000,LOUISVILLE METRO POLICE DEPT,Accepted,JEFFERSON,KY1020,5547,NATIONAL,TPKE,,,,,,,,38.148999034,-85.760528907,5.310,1/21/2022 12:00:00 AM,1559,2,2,0,0,CLEAR,DRY,False,COLLISION IN PARKING LOT,BACKING,STRAIGHT & LEVEL,DAYLIGHT,,,1/24/2022 8:33:51 AM,False,7252,Accepted,
29618302,0568000,LOUISVILLE METRO POLICE DEPT,Accepted,JEFFERSON,,,NEW HOPEWELL,RD,,KY0155,TAYLORSVILLE,,,,,38.189929646,-85.502784963,0.012,1/21/2022 12:00:00 AM,1523,2,2,0,0,CLEAR,DRY,False,ANGLE COLLISION - OTHER,ANGLE,STRAIGHT & LEVEL,DAYLIGHT,,,1/24/2022 8:34:18 AM,False,2017,Accepted,
29618303,0568000,LOUISVILLE METRO POLICE DEPT,Accepted,JEFFERSON,US0031E,,BARDSTOWN,RD,,,,KY1747,HURSTBOURNE,,EMRICH,38.168647172,-85.604676068,7.215,1/21/2022 12:00:00 AM,2157,2,2,0,0,CLEAR,DRY,False,REAR END IN TRAFFIC LANES BOTH VEHICLES MOVING,REAR END,STRAIGHT & GRADE,DARK-HWY LIGHTED/ON,,,1/24/2022 8:34:21 AM,False,7730,Accepted,
29618296,0568000,LOUISVILLE METRO POLICE DEPT,Accepted,JEFFERSON,,,YELLOW PINE,DR,,,MAPLE,,,,,38.107577362,-85.646964342,0.069,1/21/2022 12:00:00 AM,1604,2,2,0,2,CLEAR,DRY,False,ANGLE COLLISION - OTHER,ANGLE,STRAIGHT & LEVEL,DAYLIGHT,,,1/24/2022 8:33:58 AM,False,7272,Accepted,
29627006,0568000,LOUISVILLE METRO POLICE DEPT,Accepted,JEFFERSON,,1235,PAYNE,ST,,,,,,,,38.247633291,-85.726350611,0.280,1/21/2022 12:00:00 AM,0003,4,4,0,0,CLEAR,DRY,True,REAR END IN TRAFFIC LANES BOTH VEHICLES MOVING,REAR END,STRAIGHT & LEVEL,DARK-HWY LIGHTED/ON,,,1/26/2022 8:21:53 AM,False,7488,Accepted,
29618297,0568000,LOUISVILLE METRO POLICE DEPT,Accepted,JEFFERSON,,,GRADE,LN,,,,KY1747,FERN VALLEY,,CRITTENDEN,38.156153723,-85.732398534,2.212,1/21/2022 12:00:00 AM,1656,2,2,0,0,CLEAR,DRY,False,SIDESWIPE COLLISION - SAME DIRECTION,SIDESWIPE-SAME DIRECTION,STRAIGHT & LEVEL,DAYLIGHT,,,1/24/2022 8:34:03 AM,False,7669,Accepted,
29618305,0568000,LOUISVILLE METRO POLICE DEPT,Accepted,JEFFERSON,,,HUNSINGER,LN,,,MANNER DALE,,,,,38.201942089,-85.619939465,1.568,1/21/2022 12:00:00 AM,1917,2,2,0,0,CLEAR,DRY,False,OPPOSITE DIRECTION - BOTH VEHICLES GOING STRAIGHT AHEAD,SIDESWIPE-OPPOSITE DIRECTION,STRAIGHT & LEVEL,DARK (UNKNOWN ROADWAY LIGHTING),,,1/24/2022 8:34:28 AM,False,5182,Accepted,
29618314,0568000,LOUISVILLE METRO POLICE DEPT,Accepted,JEFFERSON,US0060A,,EASTERN,PKWY,,,,,HILL,KY1703,BAXTER,38.228740296,-85.716049034,6.397,1/21/2022 12:00:00 AM,2320,1,1,0,2,CLEAR,DRY,False,COLLISION WITH FIXED OBJECT NON - INTERSECTION - FIRST EVENT COLLISION 09 - 32 EXCLUDING 16,SINGLE VEHICLE,CURVE & LEVEL,DARK-HWY LIGHTED/ON,,,1/24/2022 8:35:02 AM,False,5274,Accepted,
29618322,0568000,LOUISVILLE METRO POLICE DEPT,Accepted,JEFFERSON,,12511,ORELL,RD,E,,,,,,,38.073508133,-85.879350826,0.673,1/21/2022 12:00:00 AM,1316,1,1,0,0,CLEAR,DRY,True,COLLISION IN PARKING LOT,SINGLE VEHICLE,STRAIGHT & LEVEL,DAYLIGHT,,,1/24/2022 8:35:28 AM,False,5422,Accepted,
29618352,0568000,LOUISVILLE METRO POLICE DEPT,Accepted,JEFFERSON,,3909,BUECHEL BANK,RD,,,,,,,,38.178469049,-85.657994378,1.494,1/21/2022 12:00:00 AM,1712,2,2,0,0,CLEAR,DRY,False,1 VEHICLE ENTERING/LEAVING ENTRANCE,ANGLE,STRAIGHT & LEVEL,DAYLIGHT,,,1/24/2022 8:37:13 AM,False,5247,Accepted,
29618292,0568000,LOUISVILLE METRO POLICE DEPT,Accepted,JEFFERSON,KY0841,,GENE SNYDER,FWY,,,,,,,,38.103809856,-85.818358059,3.510,1/21/2022 12:00:00 AM,1519,2,2,0,1,CLEAR,DRY,False,SIDESWIPE COLLISION - SAME DIRECTION,SIDESWIPE-SAME DIRECTION,STRAIGHT & LEVEL,DAYLIGHT,,,1/24/2022 8:33:43 AM,False,7234,Accepted,
29618293,0568000,LOUISVILLE METRO POLICE DEPT,Accepted,JEFFERSON,,1400,4TH,ST,S,,MAGNOLIA,,,,,38.229156573,-85.761363667,1.914,1/21/2022 12:00:00 AM,1313,2,2,0,0,CLEAR,DRY,False,ANGLE COLLISION - OTHER,ANGLE,STRAIGHT & LEVEL,DAYLIGHT,,,1/24/2022 8:33:47 AM,False,7689,Accepted,
29618300,0568000,LOUISVILLE METRO POLICE DEPT,Accepted,JEFFERSON,KY1703,,NEWBURG,RD,,,,,BROADMOOR,KY1703,KY1703 CROSSOVER,38.186880527,-85.667858791,0.704,1/21/2022 12:00:00 AM,1720,1,1,0,2,CLEAR,DRY,False,OTHER ROADWAY OR MID-BLOCK COLLISION,SINGLE VEHICLE,STRAIGHT & LEVEL,DAYLIGHT,,,1/24/2022 8:34:14 AM,False,5288,Accepted,