IncidentID,AgencyORI,AgencyName,IncidentStatusDesc,County,RdwyNumber,Street,RoadwayName,StreetSfx,StreetDir,IntersectionRdwy,IntersectionRdwyName,BetweenStRdwy1,BetweenStRdwyName1,BetweenStRdwy2,BetweenStRdwyName2,Latitude,Longitude,Milepoint,CollisionDate,CollisionTime,UnitsInvolved,MotorVehiclesInvolved,NumberKilled,NumberInjured,Weather,RdwyConditionCode,HitandRun,DirAnalysisCode,MannerofCollision,RdwyCharacter,LightCondition,RampFromRdwyId,RampToRdwyId,AcceptedDate,IsSecondaryCollision,OwnerBadge,IncidentStatus,
29593953,0568000,LOUISVILLE METRO POLICE DEPT,Accepted,JEFFERSON,US0031W,,DIXIE,HWY,,,,,WITTEN,,ELZIE,38.122475082,-85.854613965,9.855,1/15/2022 12:00:00 AM,0259,2,2,0,0,CLEAR,DRY,False,SIDESWIPE COLLISION - SAME DIRECTION,SIDESWIPE-SAME DIRECTION,STRAIGHT & LEVEL,DARK-HWY LIGHTED/ON,,,1/17/2022 8:37:14 AM,False,7166,Accepted,
29593954,0568000,LOUISVILLE METRO POLICE DEPT,Accepted,JEFFERSON,,,GUTHRIE,ST,,,,KY1020,3RD,KY1020,2ND,38.249859782,-85.756030257,0.087,1/15/2022 12:00:00 AM,0345,2,2,0,0,CLEAR,DRY,True,REAR END IN TRAFFIC LANES BOTH VEHICLES MOVING,REAR END,STRAIGHT & LEVEL,DARK-HWY LIGHTED/ON,,,1/17/2022 8:37:17 AM,False,5341,Accepted,
29593961,0568000,LOUISVILLE METRO POLICE DEPT,Accepted,JEFFERSON,,,1ST,ST,S,,,,,,,38.234635207,-85.756160209,1.532,1/15/2022 12:00:00 AM,1721,2,2,0,0,CLOUDY,DRY,False,1 VEHICLE ENTERING/LEAVING ENTRANCE,ANGLE,STRAIGHT & LEVEL,DAYLIGHT,,,1/17/2022 8:37:44 AM,False,7495,Accepted,
29593969,0568000,LOUISVILLE METRO POLICE DEPT,Accepted,JEFFERSON,US0031E,,BARDSTOWN,RD,,,CEDAR SPRINGS,,,,,38.145192491,-85.584967866,5.191,1/15/2022 12:00:00 AM,2215,2,2,0,0,CLOUDY,DRY,False,ANGLE COLLISION - OTHER,ANGLE,STRAIGHT & LEVEL,DARK-HWY LIGHTED/ON,,,1/17/2022 8:38:14 AM,False,2775,Accepted,
29593956,0568000,LOUISVILLE METRO POLICE DEPT,Accepted,JEFFERSON,,4200,PARK,RD,S,,,,,,,38.115924072,-85.685043027,0.451,1/15/2022 12:00:00 AM,1028,2,2,0,1,CLOUDY,DRY,False,1 VEHICLE ENTERING/LEAVING ENTRANCE,ANGLE,STRAIGHT & LEVEL,DAYLIGHT,,,1/17/2022 8:37:25 AM,False,7989,Accepted,
29593957,0568000,LOUISVILLE METRO POLICE DEPT,Accepted,JEFFERSON,US0031E,,BARDSTOWN,RD,,KY0155,TAYLORSVILLE,,,,,38.223092033,-85.684732714,13.121,1/15/2022 12:00:00 AM,1137,2,2,0,0,CLOUDY,DRY,False,ANGLE COLLISION - OTHER,ANGLE,CURVE & GRADE,DAYLIGHT,,,1/17/2022 8:37:29 AM,False,2228,Accepted,
29593965,0568000,LOUISVILLE METRO POLICE DEPT,Accepted,JEFFERSON,US0060,,FRANKFORT,AVE,,,CORAL,,,,,38.255016568,-85.711166681,0.479,1/15/2022 12:00:00 AM,0358,2,2,0,0,CLEAR,DRY,False,COLLISION WITH PARKED VEHICLE,SIDESWIPE-SAME DIRECTION,STRAIGHT & LEVEL,DARK-HWY LIGHTED/ON,,,1/17/2022 8:38:00 AM,False,7304,Accepted,
29593973,0568000,LOUISVILLE METRO POLICE DEPT,Accepted,JEFFERSON,KY1020,,2ND,ST,S,,CARDINAL,,,,,38.220493673,-85.759737759,10.327,1/15/2022 12:00:00 AM,2058,2,1,0,1,CLEAR,DRY,False,COLLISION WITH PEDESTRIAN IN INTERSECTION,SINGLE VEHICLE,STRAIGHT & LEVEL,DARK (UNKNOWN ROADWAY LIGHTING),,,1/17/2022 8:38:30 AM,False,5389,Accepted,
29593974,0568000,LOUISVILLE METRO POLICE DEPT,Accepted,JEFFERSON,,,WHISPERING HILLS,BLVD,,,,,IRON MOUNTAIN,,ROCK FOREST,38.147635774,-85.653690896,0.375,1/15/2022 12:00:00 AM,1845,2,2,0,0,CLEAR,DRY,False,SIDESWIPE COLLISION - OPPOSITE DIRECTION,SIDESWIPE-OPPOSITE DIRECTION,STRAIGHT & LEVEL,DARK-HWY LIGHTED/OFF,,,1/17/2022 8:38:34 AM,False,2321,Accepted,
29593982,0568000,LOUISVILLE METRO POLICE DEPT,Accepted,JEFFERSON,KY1931,,MANSLICK,RD,,,GAGEL,,,,,38.170473743,-85.797632480,6.586,1/15/2022 12:00:00 AM,1734,2,2,0,1,CLEAR,DRY,False,OTHER INTERSECTION COLLISIONS,REAR END,STRAIGHT & LEVEL,DARK-HWY LIGHTED/ON,,,1/17/2022 8:39:05 AM,False,7468,Accepted,
29593964,0568000,LOUISVILLE METRO POLICE DEPT,Accepted,JEFFERSON,US0031E,,BARDSTOWN,RD,,,LUCIA,,,,,38.237024835,-85.718462153,15.252,1/15/2022 12:00:00 AM,0024,2,1,0,1,CLEAR,DRY,True,OTHER INTERSECTION COLLISIONS,SINGLE VEHICLE,STRAIGHT & LEVEL,DARK-HWY LIGHTED/ON,,,1/17/2022 8:37:56 AM,False,7304,Accepted,
29816535,0568000,LOUISVILLE METRO POLICE DEPT,Accepted,JEFFERSON,,,3RD,ST,S,,SOUTHLAND,,,,,38.171390270,-85.767969260,1.885,1/15/2022 12:00:00 AM,1633,2,1,1,0,CLEAR,DRY,True,OTHER INTERSECTION COLLISIONS,SINGLE VEHICLE,STRAIGHT & LEVEL,DAYLIGHT,,,3/15/2022 8:19:18 AM,False,7356,Accepted,
29605654,0568000,LOUISVILLE METRO POLICE DEPT,Accepted,JEFFERSON,,,MCCREADY,AVE,,,WENTWORTH,,,,,38.251954159,-85.672957564,0.193,1/14/2022 12:00:00 AM,1417,4,4,0,0,CLOUDY,DRY,False,ANGLE COLLISION - OTHER,ANGLE,STRAIGHT & LEVEL,DAYLIGHT,,,1/20/2022 8:13:51 AM,False,2673,Accepted,
29593958,0568000,LOUISVILLE METRO POLICE DEPT,Accepted,JEFFERSON,,,PHILLIPS,LN,,,,,,,,38.197333232,-85.732298000,1.233,1/14/2022 12:00:00 AM,1725,2,2,0,0,CLEAR,DRY,False,1 VEHICLE ENTERING/LEAVING ENTRANCE,ANGLE,STRAIGHT & LEVEL,DAWN,,,1/17/2022 8:37:33 AM,False,5399,Accepted,
29593934,0568000,LOUISVILLE METRO POLICE DEPT,Accepted,JEFFERSON,,,WESTMINSTER,CT,,,CRESCENT,,,,,38.256499096,-85.687034757,0.001,1/14/2022 12:00:00 AM,0853,2,2,0,0,CLOUDY,DRY,False,VEHICLE BACKING IN INTERSECTION,BACKING,STRAIGHT & LEVEL,DAYLIGHT,,,1/17/2022 8:36:31 AM,False,7403,Accepted,
29593936,0568000,LOUISVILLE METRO POLICE DEPT,Accepted,JEFFERSON,,,MUHAMMAD ALI,BLVD,W,,,,,,,38.252976645,-85.774203163,1.190,1/14/2022 12:00:00 AM,1335,1,1,0,0,CLEAR,DRY,False,COLLISION WITH FIXED OBJECT NON - INTERSECTION - FIRST EVENT COLLISION 09 - 32 EXCLUDING 16,SINGLE VEHICLE,STRAIGHT & LEVEL,DAYLIGHT,,,1/17/2022 8:36:35 AM,False,5105,Accepted,
29593944,0568000,LOUISVILLE METRO POLICE DEPT,Accepted,JEFFERSON,KY1631,,CRITTENDEN,DR,,,BOXLEY,,,,,38.205408194,-85.750867647,1.198,1/14/2022 12:00:00 AM,0132,2,2,0,0,CLOUDY,DRY,False,SIDESWIPE-SAME DIRECTION,SIDESWIPE-SAME DIRECTION,STRAIGHT & LEVEL,DAYLIGHT,,,1/17/2022 8:36:44 AM,False,7820,Accepted,
29593952,0568000,LOUISVILLE METRO POLICE DEPT,Accepted,JEFFERSON,KY1703,,NEWBURG,RD,,,,,DUNBARTON WYNDE,,TARTAN,38.206569274,-85.693670279,2.680,1/14/2022 12:00:00 AM,2357,2,2,0,1,CLEAR,DRY,False,COLLISION WITH FIXED OBJECT NON - INTERSECTION - FIRST EVENT COLLISION 09 - 32 EXCLUDING 16,SIDESWIPE-OPPOSITE DIRECTION,CURVE & GRADE,DARK-HWY LIGHTED/ON,,,1/17/2022 8:37:10 AM,True,2816,Accepted,
29593930,0568000,LOUISVILLE METRO POLICE DEPT,Accepted,JEFFERSON,KY0864,,POPLAR LEVEL,RD,,,,,,,,38.169954850,-85.683841944,9.093,1/14/2022 12:00:00 AM,0942,2,2,0,0,CLOUDY,DRY,False,SIDESWIPE COLLISION - SAME DIRECTION,SIDESWIPE-SAME DIRECTION,STRAIGHT & LEVEL,DAYLIGHT,,,1/17/2022 8:36:27 AM,False,4693,Accepted,
29593947,0568000,LOUISVILLE METRO POLICE DEPT,Accepted,JEFFERSON,KY1865,,TAYLOR,BLVD,,,,,BICKNELL,,MATHA,38.182864918,-85.783740993,5.268,1/14/2022 12:00:00 AM,1220,2,2,0,1,CLOUDY,DRY,False,1 VEHICLE ENTERING/LEAVING ENTRANCE,ANGLE,STRAIGHT & LEVEL,DAYLIGHT,,,1/17/2022 8:36:48 AM,False,5412,Accepted,
29593978,0568000,LOUISVILLE METRO POLICE DEPT,Accepted,JEFFERSON,I 0064,,,,,,,,,,,38.236943101,-85.659257439,0.029,1/14/2022 12:00:00 AM,0848,2,2,0,0,CLOUDY,DRY,False,OTHER RAMP RELATED COLLISIONS NOT LISTED ABOVE,REAR END,STRAIGHT & LEVEL,DAYLIGHT,KY2048,I 0064,1/17/2022 8:38:49 AM,False,7785,Accepted,
29593949,0568000,LOUISVILLE METRO POLICE DEPT,Accepted,JEFFERSON,US0031E,3415,BARDSTOWN,RD,,,,,,,,38.205619961,-85.666576615,11.566,1/14/2022 12:00:00 AM,1744,3,3,0,0,CLEAR,DRY,False,1 VEHICLE ENTERING/LEAVING ENTRANCE,ANGLE,STRAIGHT & LEVEL,DARK (UNKNOWN ROADWAY LIGHTING),,,1/17/2022 8:36:57 AM,False,5375,Accepted,
29593926,0568000,LOUISVILLE METRO POLICE DEPT,Accepted,JEFFERSON,KY0864,,POPLAR LEVEL,RD,,,GARDINER,,,,,38.192699951,-85.705991669,11.094,1/14/2022 12:00:00 AM,0736,2,2,0,0,CLOUDY,DRY,False,OTHER INTERSECTION COLLISIONS,REAR END,STRAIGHT & LEVEL,DAWN,,,1/17/2022 8:36:23 AM,False,4693,Accepted,
29589736,0561000,JEFFERSONTOWN POLICE DEPT,Accepted,JEFFERSON,KY0155,,TAYLORSVILLE,RD,,KY0913,BLANKENBAKER,,,,,38.187491697,-85.548284657,8.240,1/14/2022 12:00:00 AM,0756,2,2,0,0,CLOUDY,DRY,False,OTHER INTERSECTION COLLISIONS,REAR END,STRAIGHT & LEVEL,DAYLIGHT,,,1/15/2022 3:08:24 PM,False,8287,Accepted,
29622274,0568000,LOUISVILLE METRO POLICE DEPT,Accepted,JEFFERSON,KY1703,3415,NEWBURG,RD,,,,,,,,38.196250891,-85.680250281,1.634,1/14/2022 12:00:00 AM,0704,2,1,1,0,CLOUDY,DRY,True,OTHER ROADWAY OR MID-BLOCK COLLISION,SINGLE VEHICLE,STRAIGHT & LEVEL,DARK-HWY NOT LIGHTED,,,1/25/2022 8:05:05 AM,False,7772,Accepted,
29623318,0560600,WEST BUECHEL POLICE DEPT.,Accepted,JEFFERSON,,2020,BASHFORD MANOR,LN,,,,,,,,38.201028740,-85.668212997,0.242,1/13/2022 12:00:00 AM,1115,2,2,0,0,CLEAR,DRY,True,COLLISION IN PARKING LOT,OPPOSING LEFT TURN,STRAIGHT & LEVEL,DAYLIGHT,,,1/25/2022 1:20:35 PM,False,1260,Accepted,
29648598,0568000,LOUISVILLE METRO POLICE DEPT,Accepted,JEFFERSON,KY1865,,NEW CUT,RD,,,KENWOOD,,,,,38.161611560,-85.779210120,3.773,1/13/2022 12:00:00 AM,0436,2,2,0,0,CLEAR,DRY,False,ANGLE COLLISION - OTHER,ANGLE,STRAIGHT & LEVEL,DARK-HWY LIGHTED/ON,,,2/1/2022 8:25:01 AM,False,5312,Accepted,
29585661,0568000,LOUISVILLE METRO POLICE DEPT,Accepted,JEFFERSON,US0031W,6812,DIXIE,HWY,,,,,,,,38.150762606,-85.837011957,12.104,1/13/2022 12:00:00 AM,1715,5,5,0,1,CLEAR,DRY,False,SIDESWIPE COLLISION - SAME DIRECTION,SIDESWIPE-SAME DIRECTION,STRAIGHT & LEVEL,DAYLIGHT,,,1/14/2022 8:09:55 AM,False,7234,Accepted,
29585667,0568000,LOUISVILLE METRO POLICE DEPT,Accepted,JEFFERSON,KY1703,,NEWBURG,RD,,,INDIAN,,,,,38.184565914,-85.665412344,0.506,1/13/2022 12:00:00 AM,2029,2,2,0,0,CLEAR,DRY,False,OPPOSING LEFT TURN,OPPOSING LEFT TURN,STRAIGHT & LEVEL,DARK-HWY NOT LIGHTED,,,1/14/2022 8:10:11 AM,False,5307,Accepted,
29585668,0568000,LOUISVILLE METRO POLICE DEPT,Accepted,JEFFERSON,,,19TH,ST,S,US0031W,MARKET,,,,,38.257980466,-85.781595382,0.097,1/13/2022 12:00:00 AM,1414,2,2,0,1,CLEAR,DRY,True,ANGLE COLLISION - OTHER,ANGLE,STRAIGHT & LEVEL,DAYLIGHT,,,1/14/2022 8:10:15 AM,False,7325,Accepted,
29581025,0568000,LOUISVILLE METRO POLICE DEPT,Accepted,JEFFERSON,US0150,,BROADWAY,,W,,17TH,,,,,38.248754254,-85.779845354,1.193,1/13/2022 12:00:00 AM,0003,2,2,0,0,CLEAR,DRY,False,ANGLE COLLISION - OTHER,ANGLE,STRAIGHT & LEVEL,DARK-HWY LIGHTED/ON,,,1/13/2022 8:08:16 AM,False,5021,Accepted,
29581021,0568000,LOUISVILLE METRO POLICE DEPT,Accepted,JEFFERSON,US0031E,1133,BARDSTOWN,RD,,,,,,,,38.237670926,-85.719463545,15.326,1/13/2022 12:00:00 AM,0122,4,4,0,0,CLEAR,DRY,False,1 VEHICLE PARKED POSITION (NOT PARKING LOT/DRIVEWAY),REAR END,STRAIGHT & LEVEL,DARK-HWY LIGHTED/ON,,,1/13/2022 8:07:57 AM,False,5355,Accepted,
29585653,0568000,LOUISVILLE METRO POLICE DEPT,Accepted,JEFFERSON,US0031W,,22ND,ST,S,,CHESTNUT,,,,,38.252240710,-85.787668655,19.770,1/13/2022 12:00:00 AM,1358,2,2,0,0,CLOUDY,DRY,False,ANGLE COLLISION - OTHER,ANGLE,STRAIGHT & LEVEL,DAYLIGHT,,,1/14/2022 8:09:35 AM,False,5124,Accepted,
29593955,0568000,LOUISVILLE METRO POLICE DEPT,Accepted,JEFFERSON,,3601,INDIAN,TRL,E,,,,,,,38.168720846,-85.703622149,0.161,1/13/2022 12:00:00 AM,0530,2,2,0,0,CLEAR,DRY,True,1 VEHICLE ENTERING/LEAVING ENTRANCE,ANGLE,STRAIGHT & LEVEL,DARK-HWY NOT LIGHTED,,,1/17/2022 8:37:21 AM,False,7602,Accepted,
29601828,0568000,LOUISVILLE METRO POLICE DEPT,Accepted,JEFFERSON,I 0264,,I264 W,,,,,I 0264,I264 W EXIT14 OFF RAMP TO KY864,I 0264,I264 W EXIT15 ON RAMP FROM KY1703,38.200336518,-85.698665825,13.968,1/13/2022 12:00:00 AM,1803,3,3,0,0,CLEAR,DRY,False,REAR END IN TRAFFIC LANES BOTH VEHICLES MOVING,REAR END,STRAIGHT & LEVEL,DARK-HWY LIGHTED/ON,,,1/19/2022 8:15:38 AM,False,7938,Accepted,
29585654,0568000,LOUISVILLE METRO POLICE DEPT,Accepted,JEFFERSON,KY0061,600,PRESTON,ST,S,,SPRINGER,,,,,38.247235339,-85.747523169,12.376,1/13/2022 12:00:00 AM,1050,1,1,0,1,CLOUDY,DRY,False,COLLISION IN PARKING LOT,SINGLE VEHICLE,STRAIGHT & LEVEL,DAYLIGHT,,,1/14/2022 8:09:39 AM,False,6360,Accepted,
29585655,0568000,LOUISVILLE METRO POLICE DEPT,Accepted,JEFFERSON,,5519,MILDENHALL,WAY,,,,,,,,38.170165573,-85.703830663,0.119,1/13/2022 12:00:00 AM,1218,2,2,0,0,CLEAR,DRY,True,COLLISION IN PARKING LOT,BACKING,STRAIGHT & LEVEL,DAYLIGHT,,,1/14/2022 8:09:43 AM,False,5027,Accepted,
29585663,0568000,LOUISVILLE METRO POLICE DEPT,Accepted,JEFFERSON,US0150,,BROADWAY,,W,,13TH,,,,,38.247775814,-85.772747269,1.587,1/13/2022 12:00:00 AM,0900,1,1,0,1,CLEAR,DRY,False,COLLISION WITH FIXED OBJECT IN INTERSECTION - FIRST EVENT COLLISION 09 - 32,SINGLE VEHICLE,STRAIGHT & LEVEL,DAYLIGHT,,,1/14/2022 8:09:59 AM,False,5403,Accepted,
29585664,0568000,LOUISVILLE METRO POLICE DEPT,Accepted,JEFFERSON,US0031E,6200,BARDSTOWN,RD,,,,,,,,38.156659368,-85.590546055,6.041,1/13/2022 12:00:00 AM,1754,1,1,0,1,CLEAR,DRY,False,COLLISION WITH FIXED OBJECT NON - INTERSECTION - FIRST EVENT COLLISION 09 - 32 EXCLUDING 16,SINGLE VEHICLE,STRAIGHT & GRADE,DUSK,,,1/14/2022 8:10:03 AM,False,5141,Accepted,
29593988,0568000,LOUISVILLE METRO POLICE DEPT,Accepted,JEFFERSON,KY0864,,POPLAR LEVEL,RD,,,,,GARDINER,,SELINDA,38.190731525,-85.704395782,10.933,1/13/2022 12:00:00 AM,1518,2,2,0,0,CLEAR,DRY,False,REAR END IN TRAFFIC LANES BOTH VEHICLES MOVING,REAR END,STRAIGHT & LEVEL,DAYLIGHT,,,1/17/2022 8:39:29 AM,False,7938,Accepted,
29618307,0568000,LOUISVILLE METRO POLICE DEPT,Accepted,JEFFERSON,,6715,COPRA,LN,,,,,,,,38.151535136,-85.663656534,0.101,1/13/2022 12:00:00 AM,0540,2,2,0,0,CLEAR,DRY,False,1 VEHICLE PARKED POSITION (NOT PARKING LOT/DRIVEWAY),SIDESWIPE-OPPOSITE DIRECTION,STRAIGHT & LEVEL,DARK-HWY NOT LIGHTED,,,1/24/2022 8:34:34 AM,False,5116,Accepted,
29597355,0568000,LOUISVILLE METRO POLICE DEPT,Accepted,JEFFERSON,KY1934,4400B,CANE RUN,RD,,,,,,,,38.196536637,-85.841073891,8.899,1/13/2022 12:00:00 AM,1826,2,2,0,0,CLEAR,DRY,False,OTHER ROADWAY OR MID-BLOCK COLLISION,OPPOSING LEFT TURN,STRAIGHT & LEVEL,DUSK,,,1/18/2022 8:08:38 AM,False,5343,Accepted,
29618285,0568000,LOUISVILLE METRO POLICE DEPT,Accepted,JEFFERSON,US0031W,,DIXIE,HWY,,,,,ABBOTTS BEACH,,KATHERINE STATION,38.005933606,-85.936794313,0.459,1/13/2022 12:00:00 AM,1441,1,1,0,0,CLEAR,DRY,False,COLLISION WITH FIXED OBJECT NON - INTERSECTION - FIRST EVENT COLLISION 09 - 32 EXCLUDING 16,SINGLE VEHICLE,STRAIGHT & LEVEL,DAYLIGHT,,,1/24/2022 8:33:21 AM,False,2098,Accepted,
29725513,0568000,LOUISVILLE METRO POLICE DEPT,Accepted,JEFFERSON,,,MUHAMMAD ALI,BLVD,W,,30TH,,,,,38.255900249,-85.800531033,2.637,1/13/2022 12:00:00 AM,1153,2,2,0,1,CLOUDY,DRY,False,ANGLE COLLISION - OTHER,ANGLE,STRAIGHT & LEVEL,DAYLIGHT,,,2/21/2022 8:27:23 AM,False,5124,Accepted,
29594003,0568000,LOUISVILLE METRO POLICE DEPT,Accepted,JEFFERSON,I 0065,,I65 N,,,,,,,,,38.237870811,-85.752796090,134.713,1/12/2022 12:00:00 AM,0639,3,2,1,0,CLEAR,DRY,False,REAR END IN TRAFFIC LANES BOTH VEHICLES MOVING,REAR END,CURVE & LEVEL,DARK-HWY LIGHTED/ON,,,1/17/2022 8:40:06 AM,False,7628,Accepted,
29601860,0568000,LOUISVILLE METRO POLICE DEPT,Accepted,JEFFERSON,,,LIBERTY,ST,E,,FLOYD,,,,,38.252113614,-85.748522377,0.200,1/12/2022 12:00:00 AM,1345,2,2,0,2,CLEAR,DRY,False,ANGLE COLLISION - OTHER,ANGLE,STRAIGHT & LEVEL,DAYLIGHT,,,1/19/2022 8:16:51 AM,False,6360,Accepted,
29585649,0568000,LOUISVILLE METRO POLICE DEPT,Accepted,JEFFERSON,,3025,HUNSINGER,LN,,,,,,,,38.218302906,-85.624972425,0.107,1/12/2022 12:00:00 AM,1849,2,1,0,1,CLEAR,DRY,False,COLLISION WITH BICYCLIST NON INTERSECTION,SINGLE VEHICLE,STRAIGHT & LEVEL,DARK-HWY LIGHTED/ON,,,1/14/2022 8:09:19 AM,False,7739,Accepted,
29585659,0568000,LOUISVILLE METRO POLICE DEPT,Accepted,JEFFERSON,US0031E,,BARDSTOWN,RD,,,,,GOLDSMITH,I 0264,I264 E EXIT16 ON RAMP FROM US31E N,38.209082902,-85.669418216,11.841,1/12/2022 12:00:00 AM,1822,3,3,0,1,CLEAR,DRY,False,REAR END IN TRAFFIC LANES BOTH VEHICLES MOVING,REAR END,STRAIGHT & LEVEL,DARK-HWY LIGHTED/ON,,,1/14/2022 8:09:51 AM,False,5247,Accepted,
29581022,0568000,LOUISVILLE METRO POLICE DEPT,Accepted,JEFFERSON,I 0064,.06,I64 W,,,,,,,,,38.276528999,-85.819779131,0.339,1/12/2022 12:00:00 AM,1937,3,3,0,0,CLEAR,DRY,False,REAR END IN TRAFFIC LANES BOTH VEHICLES MOVING,REAR END,CURVE & GRADE,DARK-HWY NOT LIGHTED,,,1/13/2022 8:08:01 AM,False,5164,Accepted,
29585652,0568000,LOUISVILLE METRO POLICE DEPT,Accepted,JEFFERSON,KY1932,,BRECKENRIDGE,LN,,,SIX MILE,,,,,38.197139439,-85.625214736,1.154,1/12/2022 12:00:00 AM,1617,2,2,0,1,CLEAR,DRY,True,OPPOSITE DIRECTION - BOTH VEHICLES GOING STRAIGHT AHEAD,SIDESWIPE-OPPOSITE DIRECTION,STRAIGHT & GRADE,DAYLIGHT,,,1/14/2022 8:09:32 AM,False,7482,Accepted,
29581004,0568000,LOUISVILLE METRO POLICE DEPT,Accepted,JEFFERSON,I 0065,,I65 N,,,,,,,,,38.190975243,-85.729758144,130.788,1/12/2022 12:00:00 AM,0920,2,2,0,0,CLEAR,DRY,False,REAR END IN TRAFFIC LANES BOTH VEHICLES MOVING,REAR END,STRAIGHT & LEVEL,DAYLIGHT,,,1/13/2022 8:06:33 AM,False,4693,Accepted,
29581005,0568000,LOUISVILLE METRO POLICE DEPT,Accepted,JEFFERSON,I 0065,,I65 S,,,,,,,,,38.185484218,-85.725037273,130.320,1/12/2022 12:00:00 AM,1028,2,2,0,0,CLEAR,DRY,False,SIDESWIPE COLLISION - SAME DIRECTION,SIDESWIPE-SAME DIRECTION,STRAIGHT & LEVEL,DAYLIGHT,,,1/13/2022 8:06:36 AM,False,4693,Accepted,
29581006,0568000,LOUISVILLE METRO POLICE DEPT,Accepted,JEFFERSON,KY2048,,DUTCHMANS,LN,,,,,BOWMAN,,GAST,38.223343621,-85.656216667,0.179,1/12/2022 12:00:00 AM,1500,2,2,0,0,CLEAR,DRY,False,OTHER COLLISIONS ON SHOULDER,ANGLE,STRAIGHT & LEVEL,DAYLIGHT,,,1/13/2022 8:06:42 AM,False,7793,Accepted,
29581007,0568000,LOUISVILLE METRO POLICE DEPT,Accepted,JEFFERSON,KY0061,8655,PRESTON,HWY,,,,,,,,38.126966220,-85.680446057,3.105,1/12/2022 12:00:00 AM,1428,2,2,0,0,CLEAR,DRY,True,COLLISION IN PARKING LOT,SIDESWIPE-OPPOSITE DIRECTION,STRAIGHT & LEVEL,DAYLIGHT,,,1/13/2022 8:06:46 AM,False,5230,Accepted,
29581013,0568000,LOUISVILLE METRO POLICE DEPT,Accepted,JEFFERSON,KY1865,,TAYLOR,BLVD,,,LEHIGH,,,,,38.180597578,-85.783443721,5.091,1/12/2022 12:00:00 AM,1350,2,2,0,1,CLEAR,DRY,False,OPPOSING LEFT TURN,OPPOSING LEFT TURN,STRAIGHT & LEVEL,DAYLIGHT,,,1/13/2022 8:07:13 AM,False,5378,Accepted,
29581014,0568000,LOUISVILLE METRO POLICE DEPT,Accepted,JEFFERSON,KY1865,5523,NEW CUT,RD,,,,,,,,38.143772766,-85.774661377,2.382,1/12/2022 12:00:00 AM,1038,2,2,0,0,CLEAR,DRY,False,SIDESWIPE COLLISION - SAME DIRECTION,SIDESWIPE-SAME DIRECTION,STRAIGHT & LEVEL,DAYLIGHT,,,1/13/2022 8:07:18 AM,False,7483,Accepted,
29581015,0568000,LOUISVILLE METRO POLICE DEPT,Accepted,JEFFERSON,,,ROBBS,LN,,,SHEPHERDSVILLE,,,,,38.134724520,-85.658959743,0.431,1/12/2022 12:00:00 AM,1844,2,2,0,0,CLEAR,DRY,False,OTHER INTERSECTION COLLISIONS,REAR END,STRAIGHT & LEVEL,DUSK,,,1/13/2022 8:07:25 AM,False,7698,Accepted,
29581027,0568000,LOUISVILLE METRO POLICE DEPT,Accepted,JEFFERSON,I 0264,,,,,,,,,,,38.189404823,-85.783438364,,1/12/2022 12:00:00 AM,2202,2,2,0,2,CLEAR,DRY,False,OTHER RAMP RELATED COLLISIONS NOT LISTED ABOVE,OPPOSING LEFT TURN,STRAIGHT & LEVEL,DARK-HWY LIGHTED/ON,KY1865,I 0264,1/13/2022 8:08:28 AM,False,7040,Accepted,
29585647,0568000,LOUISVILLE METRO POLICE DEPT,Accepted,JEFFERSON,I 0264,,I264 W,,,I 0264,I264 W EXIT5 RAMP KY1934,,,,,38.206479338,-85.827874890,5.232,1/12/2022 12:00:00 AM,2132,1,1,0,0,CLEAR,DRY,False,OTHER INTERSECTION COLLISIONS,SINGLE VEHICLE,CURVE & LEVEL,DARK-HWY LIGHTED/ON,,,1/14/2022 8:09:15 AM,False,5298,Accepted,
29581003,0568000,LOUISVILLE METRO POLICE DEPT,Accepted,JEFFERSON,KY1703,,NEWBURG,RD,,,,,,,,38.178895230,-85.659852173,0.029,1/12/2022 12:00:00 AM,0732,3,3,0,0,CLEAR,DRY,True,REAR END IN TRAFFIC LANES BOTH VEHICLES MOVING,REAR END,STRAIGHT & LEVEL,DAWN,,,1/13/2022 8:06:29 AM,False,4693,Accepted,
29581008,0568000,LOUISVILLE METRO POLICE DEPT,Accepted,JEFFERSON,US0031W,,DIXIE,HWY,,,BLANTON,,,,,38.157427191,-85.834100630,12.531,1/12/2022 12:00:00 AM,0940,2,2,0,0,CLEAR,DRY,False,OTHER INTERSECTION COLLISIONS,REAR END,STRAIGHT & LEVEL,DAYLIGHT,,,1/13/2022 8:06:50 AM,False,7340,Accepted,
29581010,0568000,LOUISVILLE METRO POLICE DEPT,Accepted,JEFFERSON,KY0864,,FEGENBUSH,LN,,KY1747,FERN VALLEY,,,,,38.161369934,-85.641020259,6.578,1/12/2022 12:00:00 AM,1159,2,2,0,0,CLEAR,DRY,True,OTHER INTERSECTION COLLISIONS,REAR END,STRAIGHT & LEVEL,DAYLIGHT,,,1/13/2022 8:06:56 AM,False,2017,Accepted,