IncidentID,AgencyORI,AgencyName,IncidentStatusDesc,County,RdwyNumber,Street,RoadwayName,StreetSfx,StreetDir,IntersectionRdwy,IntersectionRdwyName,BetweenStRdwy1,BetweenStRdwyName1,BetweenStRdwy2,BetweenStRdwyName2,Latitude,Longitude,Milepoint,CollisionDate,CollisionTime,UnitsInvolved,MotorVehiclesInvolved,NumberKilled,NumberInjured,Weather,RdwyConditionCode,HitandRun,DirAnalysisCode,MannerofCollision,RdwyCharacter,LightCondition,RampFromRdwyId,RampToRdwyId,AcceptedDate,IsSecondaryCollision,OwnerBadge,IncidentStatus,
29581011,0568000,LOUISVILLE METRO POLICE DEPT,Accepted,JEFFERSON,I 0265,,I265 S,,,,,,,,,38.263471293,-85.501797991,28.264,1/12/2022 12:00:00 AM,1558,3,3,0,1,CLEAR,DRY,False,SIDESWIPE COLLISION - SAME DIRECTION,SIDESWIPE-SAME DIRECTION,STRAIGHT & LEVEL,DAYLIGHT,,,1/13/2022 8:07:01 AM,False,2218,Accepted,
29581012,0568000,LOUISVILLE METRO POLICE DEPT,Accepted,JEFFERSON,,,4TH,ST,S,,BLOOM,,,,,38.222074809,-85.762596757,2.406,1/12/2022 12:00:00 AM,1415,2,2,0,0,CLEAR,DRY,False,ANGLE COLLISION - OTHER,ANGLE,STRAIGHT & LEVEL,DAYLIGHT,,,1/13/2022 8:07:09 AM,False,5175,Accepted,
29581018,0568000,LOUISVILLE METRO POLICE DEPT,Accepted,JEFFERSON,,4440,CHARLOTTE ANN,DR,,,,,,,,38.188747020,-85.843605683,0.187,1/12/2022 12:00:00 AM,2316,2,2,0,0,CLEAR,DRY,False,SIDESWIPE COLLISION - OPPOSITE DIRECTION,SIDESWIPE-OPPOSITE DIRECTION,STRAIGHT & LEVEL,DARK-HWY LIGHTED/ON,,,1/13/2022 8:07:37 AM,False,5256,Accepted,
29581019,0568000,LOUISVILLE METRO POLICE DEPT,Accepted,JEFFERSON,,,RIVER,RD,,,ZORN,,,,,38.274020815,-85.704670086,2.549,1/12/2022 12:00:00 AM,2250,1,1,0,1,CLEAR,DRY,False,COLLISION WITH FIXED OBJECT IN INTERSECTION - FIRST EVENT COLLISION 09 - 32,SINGLE VEHICLE,STRAIGHT & LEVEL,DUSK,,,1/13/2022 8:07:43 AM,True,5374,Accepted,
29581020,0568000,LOUISVILLE METRO POLICE DEPT,Accepted,JEFFERSON,,12000B,CRANDON,RD,,,,,HASBROOK,,HASBROOK,38.085221882,-85.665788319,0.038,1/12/2022 12:00:00 AM,2115,1,1,0,0,CLEAR,DRY,True,COLLISION WITH FIXED OBJECT NON - INTERSECTION - FIRST EVENT COLLISION 09 - 32 EXCLUDING 16,SINGLE VEHICLE,CURVE & LEVEL,DARK-HWY LIGHTED/ON,,,1/13/2022 8:07:50 AM,False,2506,Accepted,
29576587,0568000,LOUISVILLE METRO POLICE DEPT,Accepted,JEFFERSON,I 0265,,I265 E,,,,,I 0265,I265 E EXIT17 ON RAMP FROM US31E,I 0265,I265 E EXIT19 OFF RAMP TO KY1819,38.144953300,-85.552051956,19.024,1/12/2022 12:00:00 AM,0621,2,2,0,0,CLOUDY,DRY,False,REAR END IN TRAFFIC LANES BOTH VEHICLES MOVING,REAR END,STRAIGHT & LEVEL,DARK-HWY LIGHTED/ON,,,1/12/2022 8:16:01 AM,False,5141,Accepted,
29585675,0568000,LOUISVILLE METRO POLICE DEPT,Accepted,JEFFERSON,,3201,INDIAN,TRL,E,,,,,,,38.168759498,-85.704763659,0.099,1/12/2022 12:00:00 AM,2013,2,2,0,1,CLEAR,DRY,False,SIDESWIPE COLLISION - SAME DIRECTION,SIDESWIPE-SAME DIRECTION,STRAIGHT & LEVEL,DARK-HWY LIGHTED/ON,,,1/14/2022 8:10:47 AM,False,5189,Accepted,
29581002,0568000,LOUISVILLE METRO POLICE DEPT,Accepted,JEFFERSON,I 0065,,I65 N,,,,,,,,,38.237021725,-85.752364666,134.650,1/12/2022 12:00:00 AM,0639,3,3,0,0,CLOUDY,DRY,False,REAR END IN TRAFFIC LANES BOTH VEHICLES MOVING,REAR END,STRAIGHT & LEVEL,DARK-HWY LIGHTED/ON,,,1/13/2022 8:06:24 AM,False,6886,Accepted,
29648573,0568000,LOUISVILLE METRO POLICE DEPT,Accepted,JEFFERSON,,,7TH,ST,S,,MAGNOLIA,,,,,38.229645771,-85.767578362,0.872,1/12/2022 12:00:00 AM,1637,2,2,0,0,CLEAR,DRY,False,OPPOSING LEFT TURN,OPPOSING LEFT TURN,STRAIGHT & LEVEL,DAYLIGHT,,,2/1/2022 8:23:26 AM,False,5287,Accepted,
29576570,0568000,LOUISVILLE METRO POLICE DEPT,Accepted,JEFFERSON,,5202,CAPEWOOD,DR,,,,,,,,38.100270262,-85.662867868,0.004,1/11/2022 12:00:00 AM,1423,2,2,0,0,CLEAR,DRY,True,1 VEHICLE ENTERING/LEAVING ENTRANCE,ANGLE,CURVE & LEVEL,DAYLIGHT,,,1/12/2022 8:14:50 AM,False,7989,Accepted,
29593924,0568000,LOUISVILLE METRO POLICE DEPT,Accepted,JEFFERSON,,,TARA GALE,DR,,,TARA GALE,,,,,38.186636392,-85.842058415,0.126,1/11/2022 12:00:00 AM,1450,1,1,0,0,CLEAR,DRY,False,COLLISION WITH FIXED OBJECT IN INTERSECTION - FIRST EVENT COLLISION 09 - 32,SINGLE VEHICLE,STRAIGHT & LEVEL,DAYLIGHT,,,1/17/2022 8:36:15 AM,False,7467,Accepted,
29576574,0568000,LOUISVILLE METRO POLICE DEPT,Accepted,JEFFERSON,KY0061,,PRESTON,ST,S,,MUHAMMAD ALI,,,,,38.249973437,-85.746819766,12.584,1/11/2022 12:00:00 AM,1518,2,1,0,1,CLEAR,DRY,False,COLLISION WITH PEDESTRIAN IN INTERSECTION,SINGLE VEHICLE,STRAIGHT & LEVEL,DAYLIGHT,,,1/12/2022 8:15:06 AM,False,5173,Accepted,
29576581,0568000,LOUISVILLE METRO POLICE DEPT,Accepted,JEFFERSON,,,7TH,ST,S,,,,,,,38.235425898,-85.765075509,1.255,1/11/2022 12:00:00 AM,1554,2,2,0,0,CLEAR,DRY,False,1 VEHICLE ENTERING/LEAVING ENTRANCE,ANGLE,STRAIGHT & LEVEL,DAYLIGHT,,,1/12/2022 8:15:40 AM,False,7495,Accepted,
29576582,0568000,LOUISVILLE METRO POLICE DEPT,Accepted,JEFFERSON,US0031E,3290,BARDSTOWN,RD,,,,,,,,38.208673539,-85.669269606,11.755,1/11/2022 12:00:00 AM,0009,2,2,0,0,CLEAR,DRY,True,COLLISION IN PARKING LOT,SIDESWIPE-SAME DIRECTION,STRAIGHT & LEVEL,DARK-HWY LIGHTED/ON,,,1/12/2022 8:15:44 AM,False,5300,Accepted,
29576565,0568000,LOUISVILLE METRO POLICE DEPT,Accepted,JEFFERSON,I 0065,,,,,,,,,,,38.190191413,-85.723927045,0.315,1/11/2022 12:00:00 AM,1207,2,2,0,0,CLEAR,DRY,False,REAR END IN TRAFFIC LANES BOTH VEHICLES MOVING,REAR END,STRAIGHT & GRADE,DAYLIGHT,,,1/12/2022 8:14:27 AM,False,4693,Accepted,
29576571,0568000,LOUISVILLE METRO POLICE DEPT,Accepted,JEFFERSON,US0031E,,BARDSTOWN,RD,,,WENDELL,,,,,38.213310502,-85.672937062,12.192,1/11/2022 12:00:00 AM,1634,2,2,0,1,CLEAR,DRY,False,ANGLE COLLISION - OTHER,ANGLE,STRAIGHT & LEVEL,DAYLIGHT,,,1/12/2022 8:14:53 AM,False,6813,Accepted,
29576573,0568000,LOUISVILLE METRO POLICE DEPT,Accepted,JEFFERSON,US0060A,,EASTERN,PKWY,,US0060A,WILLOW,,,,,38.232940941,-85.707896829,6.932,1/11/2022 12:00:00 AM,1716,2,2,0,2,CLEAR,DRY,False,ANGLE COLLISION - ONE VEHICLE TURNING LEFT,ANGLE,STRAIGHT & HILLCREST,DAYLIGHT,,,1/12/2022 8:15:01 AM,False,7128,Accepted,
29581026,0568000,LOUISVILLE METRO POLICE DEPT,Accepted,JEFFERSON,KY0841,,GENE SNYDER,FWY,,,,,,,,38.326180006,-85.623736608,37.168,1/11/2022 12:00:00 AM,1632,3,3,0,2,OTHER,DRY,False,OTHER ROADWAY OR MID-BLOCK COLLISION,REAR END,STRAIGHT & LEVEL,DARK-HWY LIGHTED/ON,,,1/13/2022 8:08:22 AM,False,7751,Accepted,
29576566,0568000,LOUISVILLE METRO POLICE DEPT,Accepted,JEFFERSON,KY1020,7111,SOUTHSIDE,DR,,,,,,,,38.152678438,-85.765515890,5.694,1/11/2022 12:00:00 AM,1046,1,1,0,0,CLOUDY,DRY,False,COLLISION IN PARKING LOT,SINGLE VEHICLE,STRAIGHT & LEVEL,DAYLIGHT,,,1/12/2022 8:14:32 AM,False,7232,Accepted,
29575408,0560400,SHIVELY POLICE DEPARTMENT,Accepted,JEFFERSON,I 0264,,I264 W,,,,,,,,,38.186077695,-85.803451703,8.105,1/11/2022 12:00:00 AM,1839,2,2,0,0,CLEAR,DRY,True,SIDESWIPE COLLISION - SAME DIRECTION,SIDESWIPE-SAME DIRECTION,STRAIGHT & LEVEL,DARK-HWY LIGHTED/ON,,,1/12/2022 12:10:28 AM,False,7128,Accepted,
29576559,0568000,LOUISVILLE METRO POLICE DEPT,Accepted,JEFFERSON,,5007,MT HOLYOKE,DR,,,,,,,,38.170508294,-85.850807592,0.116,1/11/2022 12:00:00 AM,0855,1,1,0,0,CLEAR,DRY,False,OTHER ROADWAY OR MID-BLOCK COLLISION,SINGLE VEHICLE,CURVE & LEVEL,DAYLIGHT,,,1/12/2022 8:14:01 AM,False,7244,Accepted,
29576576,0568000,LOUISVILLE METRO POLICE DEPT,Accepted,JEFFERSON,KY1747,,HURSTBOURNE,PKWY,S,,,,,,,38.216846256,-85.589007401,11.159,1/11/2022 12:00:00 AM,1702,2,2,0,0,CLEAR,DRY,False,OTHER ROADWAY OR MID-BLOCK COLLISION,OPPOSING LEFT TURN,STRAIGHT & LEVEL,DAYLIGHT,,,1/12/2022 8:15:21 AM,False,5346,Accepted,
29576577,0568000,LOUISVILLE METRO POLICE DEPT,Accepted,JEFFERSON,KY1932,,BRECKENRIDGE,LN,,,,KY2241,WILLIS,US0060,SHELBYVILLE,38.252429130,-85.655021923,5.488,1/11/2022 12:00:00 AM,1726,2,2,0,0,CLEAR,DRY,False,1 VEHICLE ENTERING/LEAVING ENTRANCE,ANGLE,STRAIGHT & LEVEL,DUSK,,,1/12/2022 8:15:26 AM,False,7535,Accepted,
29576585,0568000,LOUISVILLE METRO POLICE DEPT,Accepted,JEFFERSON,KY0061,,PRESTON,HWY,,KY1450,BLUE LICK,,,,,38.133771414,-85.684202517,3.619,1/11/2022 12:00:00 AM,1325,2,2,0,0,CLEAR,DRY,False,ANGLE COLLISION - ONE VEHICLE TURNING LEFT,ANGLE,STRAIGHT & LEVEL,DAYLIGHT,,,1/12/2022 8:15:54 AM,False,2017,Accepted,
29576586,0568000,LOUISVILLE METRO POLICE DEPT,Accepted,JEFFERSON,I 0265,,I265 E,,,,,I 0265,I265 E EXIT23 ON RAMP FROM KY155,I 0064,I265 N EXIT25A RAMP TO I64 E,38.201551401,-85.507474555,24.014,1/11/2022 12:00:00 AM,1435,2,2,0,2,CLEAR,DRY,False,OTHER ROADWAY OR MID-BLOCK COLLISION,REAR END,STRAIGHT & HILLCREST,DAYLIGHT,,,1/12/2022 8:15:57 AM,False,2017,Accepted,
29576575,0568000,LOUISVILLE METRO POLICE DEPT,Accepted,JEFFERSON,KY0864,,POPLAR LEVEL,RD,,,INDIAN,,,,,38.171666184,-85.685000625,9.223,1/11/2022 12:00:00 AM,1137,2,2,0,0,CLEAR,DRY,True,ANGLE COLLISION - OTHER,ANGLE,STRAIGHT & LEVEL,DAYLIGHT,,,1/12/2022 8:15:14 AM,False,5233,Accepted,
29576866,0561500,UNIV. OF LOUISVILLE POLICE,Accepted,JEFFERSON,,,MUHAMMAD ALI,BLVD,E,,,,,,,38.249500358,-85.743240272,0.528,1/11/2022 12:00:00 AM,0730,2,2,0,0,CLEAR,DRY,True,COLLISION IN PARKING LOT,ANGLE,CURVE & LEVEL,DAYLIGHT,,,1/12/2022 9:23:44 AM,False,5691,Accepted,
29622285,0568000,LOUISVILLE METRO POLICE DEPT,Accepted,JEFFERSON,KY1865,,NEW CUT,RD,,,CANDLELIGHT,,,,,38.129982808,-85.773659021,1.521,1/11/2022 12:00:00 AM,0639,2,2,0,0,RAINING,ICE,False,SIDESWIPE-SAME DIRECTION,SIDESWIPE-SAME DIRECTION,CURVE & LEVEL,DARK-HWY NOT LIGHTED,,,1/25/2022 8:05:45 AM,False,7115,Accepted,
29623566,0568000,LOUISVILLE METRO POLICE DEPT,Accepted,JEFFERSON,I 0065,,,,,,,,,,,38.190191413,-85.723927045,0.315,1/11/2022 12:00:00 AM,1207,3,1,0,1,CLEAR,DRY,False,REAR END IN TRAFFIC LANES BOTH VEHICLES MOVING,REAR END,STRAIGHT & GRADE,DAYLIGHT,,,1/25/2022 1:51:50 PM,True,4693,Accepted,
29623313,0560600,WEST BUECHEL POLICE DEPT.,Accepted,JEFFERSON,US0031E,,BUECHEL,BYP,,,,,,,,38.198846039,-85.661672663,11.027,1/11/2022 12:00:00 AM,1750,2,2,0,1,CLEAR,DRY,False,1 VEHICLE ENTERING/LEAVING ENTRANCE,ANGLE,STRAIGHT & LEVEL,DUSK,,,1/25/2022 1:17:51 PM,False,1298,Accepted,
29927517,0568000,LOUISVILLE METRO POLICE DEPT,Accepted,JEFFERSON,KY0155,,TAYLORSVILLE,RD,,,,,,,,38.220521306,-85.638734924,14.034,1/11/2022 12:00:00 AM,1125,1,1,0,0,RAINING,WET,False,COLLISION WITH FIXED OBJECT NON - INTERSECTION - FIRST EVENT COLLISION 09 - 32 EXCLUDING 16,SINGLE VEHICLE,STRAIGHT & LEVEL,DAYLIGHT,,,4/12/2022 8:15:00 AM,False,4693,Accepted,
29788511,0568000,LOUISVILLE METRO POLICE DEPT,Accepted,JEFFERSON,,1035,CHEROKEE,RD,,,HIGHLAND,,,,,38.241052222,-85.722987009,0.289,1/10/2022 12:00:00 AM,0900,2,2,0,0,CLEAR,DRY,True,COLLISION IN PARKING LOT,BACKING,STRAIGHT & LEVEL,DAYLIGHT,,,3/8/2022 8:30:50 AM,False,7128,Accepted,
29601869,0568000,LOUISVILLE METRO POLICE DEPT,Accepted,JEFFERSON,KY3082,2143,BANK,ST,,,,,24TH,US0150,22ND,38.267006477,-85.784530026,1.476,1/10/2022 12:00:00 AM,0335,5,5,0,1,CLEAR,DRY,False,1 VEHICLE PARKED POSITION (NOT PARKING LOT/DRIVEWAY),SIDESWIPE-SAME DIRECTION,STRAIGHT & LEVEL,DARK-HWY LIGHTED/ON,,,1/19/2022 8:17:37 AM,False,5199,Accepted,
29622277,0568000,LOUISVILLE METRO POLICE DEPT,Accepted,JEFFERSON,KY1020,550,3RD,ST,S,,,,,,,38.250707256,-85.755871583,12.430,1/10/2022 12:00:00 AM,1552,2,2,0,0,CLEAR,DRY,False,OTHER ROADWAY OR MID-BLOCK COLLISION,OPPOSING LEFT TURN,STRAIGHT & LEVEL,DAYLIGHT,,,1/25/2022 8:05:16 AM,False,7904,Accepted,
29622278,0568000,LOUISVILLE METRO POLICE DEPT,Accepted,JEFFERSON,,,6TH,ST,S,,MUHAMMAD ALI,,,,,38.251496146,-85.760801778,0.382,1/10/2022 12:00:00 AM,1725,2,2,0,0,CLEAR,DRY,False,ANGLE COLLISION - OTHER,ANGLE,STRAIGHT & LEVEL,DAYLIGHT,,,1/25/2022 8:05:20 AM,False,7904,Accepted,
29610409,0568000,LOUISVILLE METRO POLICE DEPT,Accepted,JEFFERSON,US0031E,,BARDSTOWN,RD,,,,,,,,38.116005331,-85.569463967,3.004,1/10/2022 12:00:00 AM,1123,2,1,0,0,CLEAR,DRY,False,REAR END IN TRAFFIC LANES BOTH VEHICLES MOVING,REAR END,STRAIGHT & LEVEL,DAYLIGHT,,,1/21/2022 1:11:11 PM,False,4693,Accepted,
29585673,0568000,LOUISVILLE METRO POLICE DEPT,Accepted,JEFFERSON,US0031W,,2ND,ST,S,US0031W,MARKET,,,,,38.254879206,-85.753549230,22.036,1/10/2022 12:00:00 AM,0215,2,2,0,2,CLEAR,DRY,False,ANGLE COLLISION - OTHER,ANGLE,STRAIGHT & LEVEL,DARK-HWY LIGHTED/ON,,,1/14/2022 8:10:37 AM,False,5371,Accepted,
29605672,0568000,LOUISVILLE METRO POLICE DEPT,Accepted,JEFFERSON,,,43RD,ST,S,,VIRGINIA,,,,,38.240360403,-85.825506164,1.754,1/10/2022 12:00:00 AM,2100,2,1,0,1,CLEAR,DRY,False,COLLISION WITH BICYCLE IN INTERSECTION,SINGLE VEHICLE,STRAIGHT & LEVEL,DARK-HWY LIGHTED/ON,,,1/20/2022 8:14:59 AM,False,5181,Accepted,
29549569,0568000,LOUISVILLE METRO POLICE DEPT,Accepted,JEFFERSON,I 0065,,,,,,,,,,,38.111950464,-85.700694409,0.185,1/10/2022 12:00:00 AM,0432,2,2,0,0,CLEAR,ICE,True,OTHER RAMP RELATED COLLISIONS NOT LISTED ABOVE,REAR END,CURVE & GRADE,DARK-HWY LIGHTED/ON,I 0065,I 0265,1/10/2022 8:40:16 AM,False,7100,Accepted,
29572096,0568000,LOUISVILLE METRO POLICE DEPT,Accepted,JEFFERSON,KY0061,,PRESTON,ST,S,,OAK,,,,,38.234053766,-85.749502185,11.738,1/10/2022 12:00:00 AM,0755,2,2,0,0,CLEAR,DRY,False,ANGLE COLLISION - OTHER,ANGLE,STRAIGHT & LEVEL,DAYLIGHT,,,1/11/2022 8:07:27 AM,False,5388,Accepted,
29572105,0568000,LOUISVILLE METRO POLICE DEPT,Accepted,JEFFERSON,US0031E,,BARDSTOWN,RD,,,,,,,,38.116005331,-85.569463967,3.004,1/10/2022 12:00:00 AM,1123,2,2,0,0,CLEAR,DRY,False,REAR END IN TRAFFIC LANES BOTH VEHICLES MOVING,REAR END,STRAIGHT & LEVEL,DAYLIGHT,,,1/11/2022 8:07:53 AM,False,4693,Accepted,
29572113,0568000,LOUISVILLE METRO POLICE DEPT,Accepted,JEFFERSON,KY0907,,VALLEY STATION,RD,,,SCRIM,,,,,38.105934867,-85.850993018,0.900,1/10/2022 12:00:00 AM,1630,2,2,0,0,CLEAR,DRY,False,ANGLE COLLISION - OTHER,ANGLE,STRAIGHT & LEVEL,DAYLIGHT,,,1/11/2022 8:08:21 AM,False,7174,Accepted,
29572123,0568000,LOUISVILLE METRO POLICE DEPT,Accepted,JEFFERSON,US0031E,,BARDSTOWN,RD,,,CEDAR SPRINGS,,,,,38.145111662,-85.584991138,5.197,1/10/2022 12:00:00 AM,1742,4,4,0,2,CLEAR,DRY,False,OTHER INTERSECTION COLLISIONS,REAR END,STRAIGHT & LEVEL,DAYLIGHT,,,1/11/2022 8:08:44 AM,False,5141,Accepted,
29549565,0568000,LOUISVILLE METRO POLICE DEPT,Accepted,JEFFERSON,,,HARDESTY,AVE,,US0031W,DIXIE,,,,,38.216795157,-85.795195809,0.003,1/10/2022 12:00:00 AM,0047,1,1,0,0,CLEAR,DRY,False,COLLISION WITH FIXED OBJECT IN INTERSECTION - FIRST EVENT COLLISION 09 - 32,SINGLE VEHICLE,STRAIGHT & LEVEL,DARK-HWY LIGHTED/ON,,,1/10/2022 8:39:55 AM,False,5057,Accepted,
29572104,0568000,LOUISVILLE METRO POLICE DEPT,Accepted,JEFFERSON,,,BURNETT,AVE,W,,DIXIE,,,,,38.230149360,-85.789674640,0.713,1/10/2022 12:00:00 AM,1235,2,2,0,1,CLEAR,DRY,True,SIDESWIPE-SAME DIRECTION,SIDESWIPE-SAME DIRECTION,STRAIGHT & LEVEL,DAYLIGHT,,,1/11/2022 8:07:50 AM,False,7184,Accepted,
29572111,0568000,LOUISVILLE METRO POLICE DEPT,Accepted,JEFFERSON,,,1ST,ST,S,,MUHAMMAD ALI,,,,,38.250581247,-85.752541428,0.381,1/10/2022 12:00:00 AM,1335,2,2,0,0,CLOUDY,DRY,False,ANGLE COLLISION - OTHER,ANGLE,STRAIGHT & LEVEL,DAYLIGHT,,,1/11/2022 8:08:13 AM,False,2406,Accepted,
29572112,0568000,LOUISVILLE METRO POLICE DEPT,Accepted,JEFFERSON,,,CHESTNUT,ST,E,KY0061,JACKSON,,,,,38.247573643,-85.745174625,0.425,1/10/2022 12:00:00 AM,1635,2,2,0,0,CLEAR,DRY,False,ANGLE COLLISION - OTHER,ANGLE,STRAIGHT & LEVEL,DAYLIGHT,,,1/11/2022 8:08:18 AM,False,7058,Accepted,
29572121,0568000,LOUISVILLE METRO POLICE DEPT,Accepted,JEFFERSON,KY0907,7320,SOUTHSIDE,DR,,,,,,,,38.147620169,-85.773447772,6.468,1/10/2022 12:00:00 AM,2105,1,1,0,0,CLEAR,DRY,False,OTHER ROADWAY OR MID-BLOCK COLLISION,SINGLE VEHICLE,STRAIGHT & LEVEL,DARK-HWY LIGHTED/ON,,,1/11/2022 8:08:36 AM,True,7362,Accepted,
29572128,0568000,LOUISVILLE METRO POLICE DEPT,Accepted,JEFFERSON,I 0065,,I65 S,,,I 0065,I65 S EXIT128 OFF RAMP TO KY1631,,,,,38.164796215,-85.720946110,128.803,1/10/2022 12:00:00 AM,2024,2,2,0,0,CLEAR,DRY,False,SIDESWIPE-SAME DIRECTION,SIDESWIPE-SAME DIRECTION,STRAIGHT & LEVEL,DARK-HWY NOT LIGHTED,,,1/11/2022 8:09:03 AM,False,5314,Accepted,
29576564,0568000,LOUISVILLE METRO POLICE DEPT,Accepted,JEFFERSON,KY1865,,NEW CUT,RD,,KY0907,SOUTHSIDE,,,,,38.145796601,-85.775227166,2.670,1/10/2022 12:00:00 AM,1910,5,5,0,2,CLEAR,DRY,True,HEAD-ON COLLISION,HEAD ON,STRAIGHT & LEVEL,DARK-HWY LIGHTED/ON,,,1/12/2022 8:14:21 AM,False,7263,Accepted,
29549570,0568000,LOUISVILLE METRO POLICE DEPT,Accepted,JEFFERSON,I 0071,,I71 S,,,,,,,,,38.312342234,-85.587171891,8.758,1/10/2022 12:00:00 AM,0201,1,1,0,0,CLEAR,DRY,False,OTHER COLLISIONS ON SHOULDER,SINGLE VEHICLE,STRAIGHT & LEVEL,DARK-HWY LIGHTED/ON,,,1/10/2022 8:40:19 AM,False,7369,Accepted,
29572100,0568000,LOUISVILLE METRO POLICE DEPT,Accepted,JEFFERSON,I 0265,,I265 N,,,,,,,,,38.222464078,-85.505490293,25.462,1/10/2022 12:00:00 AM,0704,2,2,0,0,CLEAR,DRY,False,SIDESWIPE COLLISION - SAME DIRECTION,SIDESWIPE-SAME DIRECTION,STRAIGHT & LEVEL,DAWN,,,1/11/2022 8:07:37 AM,False,4903,Accepted,
29572108,0568000,LOUISVILLE METRO POLICE DEPT,Accepted,JEFFERSON,KY0864,4565,POPLAR LEVEL,RD,,,,,,,,38.183331123,-85.698779226,10.396,1/10/2022 12:00:00 AM,1038,2,1,0,1,CLEAR,DRY,True,COLLISION IN PARKING LOT,SINGLE VEHICLE,STRAIGHT & LEVEL,DAYLIGHT,,,1/11/2022 8:08:03 AM,False,7341,Accepted,
29572116,0568000,LOUISVILLE METRO POLICE DEPT,Accepted,JEFFERSON,KY1703,,BAXTER,AVE,,,ROSEWOOD,,,,,38.232781382,-85.718383996,5.073,1/10/2022 12:00:00 AM,1106,2,2,0,0,CLEAR,DRY,False,ANGLE COLLISION - OTHER,ANGLE,STRAIGHT & HILLCREST,DAYLIGHT,,,1/11/2022 8:08:25 AM,False,5020,Accepted,
29572124,0568000,LOUISVILLE METRO POLICE DEPT,Accepted,JEFFERSON,,3423,BLANTON,LN,,,,,,,,38.156895698,-85.829102483,0.283,1/10/2022 12:00:00 AM,2058,1,1,0,1,CLEAR,DRY,False,COLLISION WITH NON-FIXED OBJECT ,SINGLE VEHICLE,STRAIGHT & LEVEL,DARK-HWY LIGHTED/ON,,,1/11/2022 8:08:48 AM,False,5224,Accepted,
29572109,0568000,LOUISVILLE METRO POLICE DEPT,Accepted,JEFFERSON,,,MCCLOSKEY,AVE,,,HILL,,,,,38.228119531,-85.787348590,0.650,1/10/2022 12:00:00 AM,1134,2,2,0,0,CLEAR,DRY,True,COLLISION WITH PARKED VEHICLE,SIDESWIPE-SAME DIRECTION,STRAIGHT & LEVEL,DAYLIGHT,,,1/11/2022 8:08:06 AM,False,5402,Accepted,
29572110,0568000,LOUISVILLE METRO POLICE DEPT,Accepted,JEFFERSON,KY1865,,TAYLOR,BLVD,,,,,,,,38.189467706,-85.783436046,5.727,1/10/2022 12:00:00 AM,1200,2,2,0,1,CLEAR,DRY,True,OTHER ROADWAY OR MID-BLOCK COLLISION,REAR END,STRAIGHT & LEVEL,DAYLIGHT,,,1/11/2022 8:08:09 AM,False,5180,Accepted,
29572118,0568000,LOUISVILLE METRO POLICE DEPT,Accepted,JEFFERSON,,,CEDAR CREEK,RD,,,,,JOHNSON SCHOOL,,TETON PASS,38.122946555,-85.601835186,1.830,1/10/2022 12:00:00 AM,0848,2,2,0,0,CLEAR,DRY,False,SIDESWIPE COLLISION - OPPOSITE DIRECTION,SIDESWIPE-OPPOSITE DIRECTION,STRAIGHT & LEVEL,DAYLIGHT,,,1/11/2022 8:08:29 AM,False,2321,Accepted,
29572127,0568000,LOUISVILLE METRO POLICE DEPT,Accepted,JEFFERSON,,1725,ROWAN,ST,,,,,,,,38.260452333,-85.778616013,0.557,1/10/2022 12:00:00 AM,2011,3,3,0,0,CLEAR,DRY,False,1 VEHICLE PARKED POSITION (NOT PARKING LOT/DRIVEWAY),REAR END,STRAIGHT & LEVEL,DARK-HWY LIGHTED/ON,,,1/11/2022 8:08:59 AM,True,5331,Accepted,
29576568,0568000,LOUISVILLE METRO POLICE DEPT,Accepted,JEFFERSON,KY0146,,LA GRANGE,RD,,,CHAMBERLAIN,,,,,38.289426751,-85.512253995,7.555,1/10/2022 12:00:00 AM,1747,2,2,0,0,CLEAR,DRY,False,ANGLE COLLISION - OTHER,ANGLE,STRAIGHT & LEVEL,DARK-HWY LIGHTED/ON,,,1/12/2022 8:14:41 AM,False,2109,Accepted,
29576569,0568000,LOUISVILLE METRO POLICE DEPT,Accepted,JEFFERSON,,,JEFFERSON,BLVD,,,,,MCCAWLEY,,BATES,38.141836640,-85.674886247,0.271,1/10/2022 12:00:00 AM,1410,2,2,0,0,CLOUDY,DRY,False,1 VEHICLE ENTERING/LEAVING ENTRANCE,ANGLE,STRAIGHT & LEVEL,DAYLIGHT,,,1/12/2022 8:14:46 AM,False,2583,Accepted,
29572349,0561500,UNIV. OF LOUISVILLE POLICE,Accepted,JEFFERSON,,,CARDINAL,BLVD,W,KY1020,3RD,,,,,38.220566207,-85.761183654,0.180,1/10/2022 12:00:00 AM,1601,2,2,0,0,CLEAR,DRY,False,ANGLE COLLISION - OTHER,ANGLE,STRAIGHT & LEVEL,DAYLIGHT,,,1/11/2022 9:15:28 AM,False,5718,Accepted,
29575089,0566400,HURSTBOURNE ACRES PD,Accepted,JEFFERSON,KY1747,,HURSTBOURNE,PKWY,S,,HURSTBOURNE,,,,,38.218060513,-85.586158199,11.358,1/10/2022 12:00:00 AM,1456,2,2,0,0,CLEAR,DRY,False,ANGLE COLLISION - OTHER,ANGLE,STRAIGHT & LEVEL,DAYLIGHT,,,1/11/2022 10:16:20 PM,False,9210,Accepted,